order_id,session_id,customer_id,order_date,channel,device,category,campaign,ab_variant,gross_revenue,coupon_spend,net_revenue,gross_margin,returned,base_segment
O0000001,S0000022,C00002,2025-07-24T17:00:00,paid_search,mobile,beauty,always_on_search,control,151.48,22.72,128.76,29.34,0,deal_seeker
O0000002,S0000035,C00003,2025-01-16T09:00:00,email,desktop,beauty,crm_lifecycle,control,453.17,36.25,416.92,140.92,0,steady
O0000003,S0000056,C00003,2025-10-06T15:00:00,email,mobile,electronics,crm_lifecycle,control,221.67,17.73,203.94,63.38,0,steady
O0000004,S0000061,C00004,2025-06-20T08:00:00,affiliate,mobile,beauty,partner_cashback,treatment,304.92,41.16,263.75,84.31,0,steady
O0000005,S0000083,C00005,2025-07-18T12:00:00,organic,desktop,home,seo,control,304.82,24.39,280.43,93.15,0,steady
O0000006,S0000101,C00006,2025-12-17T12:00:00,direct,desktop,electronics,brand_direct,control,164.51,18.1,146.42,40.39,0,new_or_low
O0000007,S0000131,C00009,2025-11-13T08:00:00,email,mobile,home,crm_lifecycle,treatment,263.06,48.67,214.39,54.17,0,deal_seeker
O0000008,S0000170,C00013,2025-10-10T12:00:00,affiliate,desktop,home,partner_cashback,treatment,265.41,54.41,211.0,56.19,0,deal_seeker
O0000009,S0000186,C00015,2025-08-13T09:00:00,social,mobile,apparel,summer_social,treatment,179.03,20.59,158.44,47.45,0,steady
O0000010,S0000190,C00015,2025-11-18T08:00:00,organic,mobile,food,seo,treatment,268.11,30.83,237.28,75.05,0,steady
O0000011,S0000192,C00015,2025-12-25T20:00:00,affiliate,mobile,home,partner_cashback,treatment,184.81,24.95,159.86,47.95,0,steady
O0000012,S0000212,C00017,2025-06-02T18:00:00,direct,mobile,sports,brand_direct,treatment,142.6,16.4,126.2,36.17,0,steady
O0000013,S0000244,C00019,2025-12-04T10:00:00,email,mobile,electronics,crm_lifecycle,control,214.43,17.15,197.27,61.05,0,steady
O0000014,S0000248,C00020,2025-11-08T10:00:00,paid_search,desktop,home,always_on_search,control,137.25,10.98,126.27,39.19,0,steady
O0000015,S0000257,C00021,2025-10-02T17:00:00,paid_search,desktop,apparel,always_on_search,treatment,226.82,41.96,184.86,48.61,0,deal_seeker
O0000016,S0000271,C00023,2025-02-02T19:00:00,social,mobile,electronics,summer_social,treatment,394.24,72.93,321.31,85.18,0,deal_seeker
O0000017,S0000320,C00025,2025-12-18T19:00:00,paid_search,mobile,apparel,always_on_search,control,302.46,24.2,278.26,89.39,0,steady
O0000018,S0000323,C00026,2025-01-08T09:00:00,organic,mobile,beauty,seo,control,317.08,25.37,291.71,94.1,0,steady
O0000019,S0000335,C00026,2025-07-10T12:00:00,paid_search,mobile,sports,always_on_search,control,552.53,44.2,508.33,169.92,0,steady
O0000020,S0000336,C00026,2025-07-21T17:00:00,affiliate,mobile,food,partner_cashback,control,130.04,13.0,117.04,32.96,0,steady
O0000021,S0000343,C00026,2025-10-17T18:00:00,social,mobile,home,summer_social,control,214.88,17.19,197.69,61.19,0,steady
O0000022,S0000369,C00027,2025-11-23T12:00:00,paid_search,tablet,food,always_on_search,treatment,436.42,50.19,386.23,130.18,0,steady
O0000023,S0000372,C00027,2025-11-15T22:00:00,social,mobile,home,summer_social,treatment,256.64,29.51,227.12,71.49,0,steady
O0000024,S0000395,C00030,2025-04-25T22:00:00,affiliate,desktop,electronics,partner_cashback,treatment,150.42,20.31,130.11,40.54,0,steady
O0000025,S0000469,C00037,2025-04-21T17:00:00,social,mobile,electronics,summer_social,treatment,141.89,26.25,115.64,25.54,0,deal_seeker
O0000026,S0000476,C00037,2025-07-27T21:00:00,social,mobile,electronics,summer_social,treatment,337.56,62.45,275.11,71.78,0,deal_seeker
O0000027,S0000482,C00037,2025-09-22T22:00:00,email,mobile,electronics,crm_lifecycle,treatment,200.01,37.0,163.01,39.27,1,deal_seeker
O0000028,S0000524,C00040,2025-06-19T10:00:00,email,mobile,electronics,crm_lifecycle,treatment,252.03,28.98,223.05,70.07,0,steady
O0000029,S0000556,C00042,2025-08-21T10:00:00,social,desktop,home,summer_social,control,169.26,13.54,155.71,49.5,0,steady
O0000030,S0000566,C00043,2025-05-05T18:00:00,affiliate,mobile,electronics,partner_cashback,control,345.86,34.59,311.28,100.95,0,steady
O0000031,S0000585,C00043,2025-12-03T13:00:00,organic,mobile,beauty,seo,control,220.33,17.63,202.7,62.95,0,steady
O0000032,S0000595,C00044,2025-10-07T11:00:00,paid_search,mobile,sports,always_on_search,control,241.33,36.2,205.13,51.49,0,deal_seeker
O0000033,S0000628,C00049,2025-06-05T19:00:00,affiliate,mobile,sports,partner_cashback,treatment,213.77,43.82,169.95,41.29,0,deal_seeker
O0000034,S0000667,C00051,2025-11-02T19:00:00,direct,mobile,beauty,brand_direct,control,99.52,14.93,84.59,16.53,0,deal_seeker
O0000035,S0000681,C00053,2025-06-09T22:00:00,paid_search,desktop,food,always_on_search,treatment,226.18,26.01,200.17,65.06,0,steady
O0000036,S0000684,C00053,2025-08-19T13:00:00,affiliate,mobile,electronics,partner_cashback,treatment,160.54,21.67,138.87,40.6,0,steady
O0000037,S0000710,C00055,2025-04-11T12:00:00,paid_search,mobile,home,always_on_search,control,173.45,13.88,159.57,47.85,0,steady
O0000038,S0000716,C00055,2025-08-10T17:00:00,social,mobile,electronics,summer_social,control,153.52,12.28,141.24,41.43,0,steady
O0000039,S0000723,C00056,2025-04-07T22:00:00,affiliate,desktop,electronics,partner_cashback,control,116.13,19.74,96.39,22.95,0,deal_seeker
O0000040,S0000740,C00056,2025-11-10T20:00:00,paid_search,mobile,food,always_on_search,control,238.1,35.71,202.38,50.69,0,deal_seeker
O0000041,S0000782,C00059,2025-11-06T16:00:00,direct,mobile,sports,brand_direct,control,375.6,18.78,356.82,141.86,0,champion
O0000042,S0000784,C00059,2025-12-09T09:00:00,direct,tablet,electronics,brand_direct,control,447.08,22.35,424.72,173.38,0,champion
O0000043,S0000810,C00063,2025-03-08T18:00:00,email,desktop,apparel,crm_lifecycle,treatment,215.31,24.76,190.55,61.69,0,steady
O0000044,S0000820,C00063,2025-09-25T11:00:00,affiliate,desktop,apparel,partner_cashback,treatment,128.75,17.38,111.37,33.98,0,steady
O0000045,S0000825,C00064,2025-06-02T10:00:00,paid_search,mobile,beauty,always_on_search,treatment,235.18,19.99,215.19,82.38,0,champion
O0000046,S0000826,C00064,2025-06-23T22:00:00,social,mobile,beauty,summer_social,treatment,248.84,21.15,227.69,87.63,0,champion
O0000047,S0000828,C00064,2025-07-19T12:00:00,email,mobile,beauty,crm_lifecycle,treatment,450.84,38.32,412.52,165.26,0,champion
O0000048,S0000856,C00067,2025-05-17T22:00:00,social,desktop,apparel,summer_social,control,897.77,44.89,852.89,353.21,0,champion
O0000049,S0000857,C00067,2025-05-11T16:00:00,organic,mobile,home,seo,control,390.75,19.54,371.21,147.91,0,champion
O0000050,S0000862,C00067,2025-07-17T20:00:00,affiliate,mobile,home,partner_cashback,control,406.71,28.47,378.24,150.86,0,champion
O0000051,S0000869,C00067,2025-10-21T21:00:00,paid_search,mobile,food,always_on_search,control,637.27,31.86,605.41,246.27,0,champion
O0000052,S0000881,C00069,2025-05-24T09:00:00,email,desktop,electronics,crm_lifecycle,control,159.62,23.94,135.67,34.35,0,deal_seeker
O0000053,S0000903,C00070,2025-06-12T14:00:00,paid_search,desktop,sports,always_on_search,control,393.7,31.5,362.2,121.77,0,steady
O0000054,S0000912,C00070,2025-11-18T10:00:00,social,mobile,beauty,summer_social,control,369.82,29.59,340.23,111.08,0,steady
O0000055,S0000917,C00071,2025-11-18T18:00:00,paid_search,mobile,beauty,always_on_search,control,214.07,32.11,181.96,44.77,0,deal_seeker
O0000056,S0000941,C00072,2025-09-03T08:00:00,organic,desktop,apparel,seo,control,196.76,15.74,181.02,58.36,0,steady
O0000057,S0000958,C00073,2025-08-03T10:00:00,social,desktop,beauty,summer_social,control,172.63,25.9,146.74,37.55,0,deal_seeker
O0000058,S0000964,C00073,2025-10-15T17:00:00,organic,mobile,food,seo,control,167.33,25.1,142.23,33.25,0,deal_seeker
O0000059,S0000980,C00075,2025-06-08T14:00:00,affiliate,mobile,sports,partner_cashback,treatment,132.84,21.92,110.92,26.39,0,new_or_low
O0000060,S0000989,C00076,2025-07-18T09:00:00,organic,mobile,food,seo,treatment,380.06,70.31,309.75,81.83,0,deal_seeker
O0000061,S0001013,C00077,2025-08-18T10:00:00,social,mobile,beauty,summer_social,treatment,236.6,27.21,209.39,65.29,0,steady
O0000062,S0001024,C00079,2025-08-16T16:00:00,affiliate,mobile,food,partner_cashback,treatment,249.06,26.15,222.91,85.62,0,champion
O0000063,S0001026,C00079,2025-09-17T18:00:00,organic,desktop,food,seo,treatment,306.3,26.04,280.26,112.71,0,champion
O0000064,S0001044,C00081,2025-04-22T21:00:00,paid_search,desktop,home,always_on_search,treatment,211.83,24.36,187.47,60.62,0,steady
O0000065,S0001049,C00081,2025-08-13T14:00:00,paid_search,desktop,beauty,always_on_search,treatment,241.63,27.79,213.84,69.84,0,steady
O0000066,S0001083,C00082,2025-11-24T22:00:00,email,mobile,apparel,crm_lifecycle,treatment,134.41,24.87,109.55,23.77,0,deal_seeker
O0000067,S0001087,C00082,2025-12-10T13:00:00,paid_search,mobile,sports,always_on_search,treatment,343.92,63.63,280.3,73.29,0,deal_seeker
O0000068,S0001101,C00084,2025-04-02T12:00:00,social,mobile,home,summer_social,treatment,277.53,23.59,253.94,98.65,0,champion
O0000069,S0001106,C00084,2025-06-01T20:00:00,email,mobile,sports,crm_lifecycle,treatment,223.77,19.02,204.75,77.99,0,champion
O0000070,S0001126,C00085,2025-10-24T12:00:00,social,mobile,home,summer_social,control,225.58,11.28,214.3,82.01,0,champion
O0000071,S0001132,C00085,2025-12-17T09:00:00,organic,mobile,sports,seo,control,184.93,9.25,175.69,65.79,0,champion
O0000072,S0001133,C00085,2025-12-27T16:00:00,paid_search,mobile,apparel,always_on_search,control,411.28,20.56,390.71,156.1,0,champion
O0000073,S0001141,C00086,2025-08-14T19:00:00,organic,mobile,electronics,seo,control,157.15,23.57,133.57,30.74,1,deal_seeker
O0000074,S0001156,C00088,2025-02-18T15:00:00,paid_search,mobile,electronics,always_on_search,treatment,162.57,30.08,132.5,30.42,0,deal_seeker
O0000075,S0001157,C00088,2025-02-25T22:00:00,paid_search,mobile,apparel,always_on_search,treatment,100.64,18.62,82.02,15.79,0,deal_seeker
O0000076,S0001169,C00088,2025-06-21T08:00:00,paid_search,mobile,electronics,always_on_search,treatment,200.15,37.03,163.12,39.3,0,deal_seeker
O0000077,S0001175,C00088,2025-09-05T08:00:00,social,mobile,electronics,summer_social,treatment,151.3,27.99,123.31,27.76,0,deal_seeker
O0000078,S0001228,C00095,2025-07-23T14:00:00,organic,desktop,sports,seo,control,179.75,26.96,152.79,39.31,0,deal_seeker
O0000079,S0001241,C00096,2025-03-18T08:00:00,social,desktop,apparel,summer_social,control,192.49,28.87,163.62,42.45,0,deal_seeker
O0000080,S0001251,C00096,2025-07-25T14:00:00,social,desktop,apparel,summer_social,control,155.69,23.35,132.33,33.38,0,deal_seeker
O0000081,S0001253,C00096,2025-09-26T17:00:00,email,mobile,beauty,crm_lifecycle,control,112.43,16.86,95.57,19.71,0,deal_seeker
O0000082,S0001258,C00096,2025-11-20T14:00:00,direct,mobile,beauty,brand_direct,control,256.71,38.51,218.2,55.28,0,deal_seeker
O0000083,S0001259,C00096,2025-12-01T10:00:00,direct,mobile,beauty,brand_direct,control,138.15,20.72,117.43,26.05,1,deal_seeker
O0000084,S0001262,C00096,2025-12-04T20:00:00,social,mobile,beauty,summer_social,control,217.87,32.68,185.19,45.7,0,deal_seeker
O0000085,S0001264,C00097,2025-08-04T14:00:00,paid_search,mobile,food,always_on_search,control,131.06,19.66,111.4,24.31,0,deal_seeker
O0000086,S0001272,C00097,2025-11-02T10:00:00,paid_search,mobile,home,always_on_search,control,120.39,18.06,102.33,21.68,0,deal_seeker
O0000087,S0001289,C00099,2025-08-24T13:00:00,social,mobile,food,summer_social,treatment,243.41,27.99,215.41,67.39,1,steady
O0000088,S0001291,C00099,2025-08-23T09:00:00,affiliate,mobile,beauty,partner_cashback,treatment,138.12,18.65,119.48,33.82,0,steady
O0000089,S0001294,C00099,2025-10-06T13:00:00,paid_search,desktop,home,always_on_search,treatment,181.42,20.86,160.56,51.2,0,steady
O0000090,S0001308,C00102,2025-04-02T18:00:00,paid_search,mobile,home,always_on_search,treatment,235.8,20.04,215.76,82.62,1,champion
O0000091,S0001310,C00102,2025-05-06T08:00:00,social,desktop,sports,summer_social,treatment,331.36,28.17,303.2,122.34,0,champion
O0000092,S0001312,C00102,2025-05-22T13:00:00,organic,mobile,beauty,seo,treatment,233.65,19.86,213.79,81.79,0,champion
O0000093,S0001316,C00102,2025-06-16T21:00:00,organic,mobile,apparel,seo,treatment,219.02,18.62,200.4,76.17,0,champion
O0000094,S0001324,C00102,2025-09-18T09:00:00,organic,mobile,electronics,seo,treatment,210.44,17.89,192.55,72.87,0,champion
O0000095,S0001332,C00103,2025-02-20T17:00:00,direct,desktop,sports,brand_direct,control,103.52,15.53,87.99,20.52,0,deal_seeker
O0000096,S0001339,C00103,2025-03-11T09:00:00,paid_search,mobile,apparel,always_on_search,control,291.31,43.7,247.61,63.81,0,deal_seeker
O0000097,S0001340,C00103,2025-03-02T11:00:00,email,tablet,home,crm_lifecycle,control,144.41,21.66,122.75,30.6,0,deal_seeker
O0000098,S0001347,C00103,2025-07-12T13:00:00,social,mobile,sports,summer_social,control,343.89,51.58,292.31,76.77,0,deal_seeker
O0000099,S0001370,C00106,2025-02-23T10:00:00,organic,mobile,apparel,seo,control,334.42,16.72,317.7,125.43,0,champion
O0000100,S0001373,C00106,2025-03-14T21:00:00,organic,desktop,beauty,seo,control,296.87,14.84,282.03,113.45,0,champion
O0000101,S0001374,C00106,2025-03-05T14:00:00,direct,mobile,beauty,brand_direct,control,246.48,12.32,234.15,90.34,0,champion
O0000102,S0001378,C00106,2025-04-07T19:00:00,social,mobile,home,summer_social,control,343.44,17.17,326.27,129.03,0,champion
O0000103,S0001381,C00106,2025-05-26T17:00:00,social,mobile,apparel,summer_social,control,321.1,16.06,305.05,120.12,0,champion
O0000104,S0001385,C00106,2025-06-05T15:00:00,organic,desktop,electronics,seo,control,423.7,21.19,402.52,164.06,0,champion
O0000105,S0001392,C00106,2025-09-17T08:00:00,organic,mobile,beauty,seo,control,350.69,17.53,333.15,131.92,0,champion
O0000106,S0001432,C00109,2025-03-22T13:00:00,direct,desktop,beauty,brand_direct,treatment,287.94,53.27,234.67,63.05,0,deal_seeker
O0000107,S0001435,C00109,2025-04-23T18:00:00,paid_search,mobile,home,always_on_search,treatment,167.82,31.05,136.77,31.66,0,deal_seeker
O0000108,S0001443,C00109,2025-11-23T09:00:00,social,tablet,sports,summer_social,treatment,168.05,31.09,136.96,34.72,0,deal_seeker
O0000109,S0001461,C00110,2025-09-19T16:00:00,direct,tablet,apparel,brand_direct,control,173.11,13.85,159.26,50.74,0,steady
O0000110,S0001463,C00110,2025-10-01T22:00:00,direct,mobile,apparel,brand_direct,control,232.26,18.58,213.68,66.79,0,steady
O0000111,S0001470,C00111,2025-11-09T10:00:00,paid_search,desktop,sports,always_on_search,treatment,223.33,41.32,182.02,47.78,0,deal_seeker
O0000112,S0001475,C00112,2025-08-13T18:00:00,paid_search,mobile,apparel,always_on_search,treatment,205.44,23.63,181.82,55.64,0,steady
O0000113,S0001481,C00113,2025-10-23T20:00:00,paid_search,mobile,home,always_on_search,treatment,112.98,20.9,92.08,18.7,0,deal_seeker
O0000114,S0001483,C00113,2025-10-06T16:00:00,email,desktop,home,crm_lifecycle,treatment,223.17,41.29,181.89,47.75,1,deal_seeker
O0000115,S0001488,C00114,2025-03-01T19:00:00,social,tablet,home,summer_social,control,437.71,21.89,415.83,169.65,0,champion
O0000116,S0001497,C00114,2025-05-09T13:00:00,paid_search,mobile,electronics,always_on_search,control,272.74,13.64,259.1,100.82,0,champion
O0000117,S0001499,C00114,2025-06-04T14:00:00,direct,tablet,electronics,brand_direct,control,502.58,25.13,477.46,195.53,1,champion
O0000118,S0001502,C00114,2025-07-11T12:00:00,paid_search,mobile,electronics,always_on_search,control,244.06,12.2,231.86,89.38,0,champion
O0000119,S0001507,C00114,2025-08-27T19:00:00,paid_search,mobile,electronics,always_on_search,control,390.58,19.53,371.05,147.84,0,champion
O0000120,S0001509,C00114,2025-09-10T13:00:00,social,mobile,beauty,summer_social,control,314.1,15.71,298.4,117.33,0,champion
O0000121,S0001513,C00114,2025-10-22T09:00:00,email,desktop,electronics,crm_lifecycle,control,607.11,30.36,576.75,237.24,0,champion
O0000122,S0001514,C00114,2025-10-16T13:00:00,email,mobile,electronics,crm_lifecycle,control,273.92,13.7,260.22,101.29,0,champion
O0000123,S0001522,C00115,2025-06-23T20:00:00,organic,mobile,food,seo,treatment,236.2,27.16,209.03,65.16,0,steady
O0000124,S0001529,C00115,2025-12-19T15:00:00,organic,tablet,apparel,seo,treatment,232.74,26.76,205.97,67.09,0,steady
O0000125,S0001533,C00116,2025-07-07T11:00:00,paid_search,mobile,electronics,always_on_search,control,449.02,22.45,426.57,171.16,0,champion
O0000126,S0001549,C00117,2025-11-15T15:00:00,paid_search,desktop,sports,always_on_search,control,344.11,17.21,326.9,132.3,0,champion
O0000127,S0001571,C00119,2025-11-05T19:00:00,paid_search,mobile,home,always_on_search,treatment,278.57,32.04,246.53,78.29,0,steady
O0000128,S0001587,C00121,2025-10-10T22:00:00,social,desktop,beauty,summer_social,treatment,187.37,34.66,152.71,39.29,0,deal_seeker
O0000129,S0001621,C00125,2025-03-14T15:00:00,paid_search,mobile,home,always_on_search,treatment,165.51,19.03,146.48,43.27,0,steady
O0000130,S0001638,C00125,2025-08-27T20:00:00,social,mobile,home,summer_social,treatment,252.62,29.05,223.57,70.25,0,steady
O0000131,S0001645,C00126,2025-02-22T10:00:00,organic,mobile,beauty,seo,treatment,239.97,20.4,219.57,84.22,0,champion
O0000132,S0001647,C00126,2025-02-16T14:00:00,direct,desktop,beauty,brand_direct,treatment,354.04,30.09,323.94,131.06,0,champion
O0000133,S0001653,C00126,2025-04-18T18:00:00,social,desktop,food,summer_social,treatment,325.14,27.64,297.5,119.95,0,champion
O0000134,S0001656,C00126,2025-05-23T15:00:00,social,tablet,beauty,summer_social,treatment,324.3,27.57,296.73,119.63,0,champion
O0000135,S0001660,C00126,2025-05-27T12:00:00,paid_search,desktop,food,always_on_search,treatment,303.42,25.79,277.63,111.6,0,champion
O0000136,S0001670,C00126,2025-08-11T21:00:00,affiliate,mobile,apparel,partner_cashback,treatment,280.7,29.47,251.23,97.52,0,champion
O0000137,S0001678,C00126,2025-10-09T18:00:00,organic,mobile,beauty,seo,treatment,217.57,18.49,199.08,75.61,0,champion
O0000138,S0001680,C00126,2025-10-22T16:00:00,paid_search,mobile,sports,always_on_search,treatment,351.93,29.91,322.01,127.25,0,champion
O0000139,S0001682,C00126,2025-10-21T11:00:00,affiliate,mobile,beauty,partner_cashback,treatment,545.23,57.25,487.98,196.95,0,champion
O0000140,S0001683,C00126,2025-10-21T09:00:00,social,mobile,sports,summer_social,treatment,278.1,23.64,254.46,98.87,0,champion
O0000141,S0001689,C00127,2025-10-23T09:00:00,email,mobile,electronics,crm_lifecycle,control,127.66,19.15,108.51,23.47,0,deal_seeker
O0000142,S0001691,C00127,2025-10-02T08:00:00,organic,mobile,sports,seo,control,108.49,16.27,92.21,18.74,0,deal_seeker
O0000143,S0001699,C00128,2025-08-23T11:00:00,paid_search,mobile,apparel,always_on_search,treatment,194.74,28.24,166.5,43.62,0,new_or_low
O0000144,S0001710,C00129,2025-07-26T21:00:00,organic,desktop,beauty,seo,treatment,88.68,10.2,78.49,22.47,0,steady
O0000145,S0001724,C00130,2025-08-06T20:00:00,direct,desktop,apparel,brand_direct,treatment,415.69,76.9,338.79,93.25,0,deal_seeker
O0000146,S0001729,C00130,2025-11-18T11:00:00,organic,desktop,home,seo,treatment,298.35,55.2,243.16,65.52,0,deal_seeker
O0000147,S0001740,C00132,2025-05-27T09:00:00,social,mobile,beauty,summer_social,control,368.11,55.22,312.89,82.74,0,deal_seeker
O0000148,S0001741,C00132,2025-05-04T15:00:00,organic,mobile,electronics,seo,control,211.58,31.74,179.85,44.16,0,deal_seeker
O0000149,S0001754,C00132,2025-12-13T08:00:00,organic,mobile,electronics,seo,control,53.24,7.99,45.25,5.12,0,deal_seeker
O0000150,S0001759,C00133,2025-07-23T13:00:00,affiliate,mobile,beauty,partner_cashback,treatment,225.74,46.28,179.46,44.04,0,deal_seeker
O0000151,S0001761,C00133,2025-08-23T09:00:00,direct,mobile,apparel,brand_direct,treatment,183.47,33.94,149.53,35.36,0,deal_seeker
O0000152,S0001764,C00133,2025-09-20T11:00:00,email,mobile,food,crm_lifecycle,treatment,104.29,19.29,84.99,16.65,0,deal_seeker
O0000153,S0001765,C00133,2025-10-01T14:00:00,affiliate,mobile,sports,partner_cashback,treatment,91.43,18.74,72.69,13.08,0,deal_seeker
O0000154,S0001780,C00136,2025-10-15T14:00:00,paid_search,desktop,apparel,always_on_search,control,201.11,30.17,170.94,44.57,0,deal_seeker
O0000155,S0001783,C00137,2025-05-23T12:00:00,direct,desktop,apparel,brand_direct,control,221.42,33.21,188.21,49.58,0,deal_seeker
O0000156,S0001844,C00142,2025-01-11T22:00:00,paid_search,mobile,beauty,always_on_search,treatment,116.5,13.4,103.1,28.08,0,steady
O0000157,S0001845,C00142,2025-01-14T15:00:00,email,desktop,food,crm_lifecycle,treatment,233.94,26.9,207.03,67.46,0,steady
O0000158,S0001847,C00142,2025-02-03T08:00:00,email,mobile,beauty,crm_lifecycle,treatment,332.68,38.26,294.42,95.05,0,steady
O0000159,S0001861,C00142,2025-08-14T13:00:00,paid_search,mobile,sports,always_on_search,treatment,236.77,27.23,209.54,65.34,0,steady
O0000160,S0001874,C00143,2025-04-12T09:00:00,paid_search,desktop,sports,always_on_search,control,424.55,21.23,403.32,164.39,1,champion
O0000161,S0001879,C00143,2025-05-06T12:00:00,affiliate,mobile,home,partner_cashback,control,492.42,34.47,457.95,184.34,0,champion
O0000162,S0001885,C00143,2025-06-09T08:00:00,email,desktop,sports,crm_lifecycle,control,328.7,16.44,312.27,126.15,0,champion
O0000163,S0001887,C00143,2025-07-24T21:00:00,organic,mobile,sports,seo,control,226.2,11.31,214.89,82.25,1,champion
O0000164,S0001893,C00143,2025-10-23T10:00:00,organic,mobile,apparel,seo,control,287.01,14.35,272.66,106.52,0,champion
O0000165,S0001918,C00145,2025-09-24T09:00:00,organic,desktop,electronics,seo,control,112.97,12.43,100.54,26.17,0,new_or_low
O0000166,S0001924,C00146,2025-06-09T21:00:00,email,mobile,food,crm_lifecycle,control,109.66,8.77,100.88,27.31,0,steady
O0000167,S0001927,C00146,2025-07-21T15:00:00,organic,mobile,apparel,seo,control,221.29,17.7,203.59,63.26,0,steady
O0000168,S0001940,C00147,2025-05-10T16:00:00,social,mobile,apparel,summer_social,treatment,217.75,18.51,199.24,75.68,0,champion
O0000169,S0001952,C00147,2025-09-09T11:00:00,paid_search,mobile,sports,always_on_search,treatment,218.33,18.56,199.77,75.9,0,champion
O0000170,S0001953,C00147,2025-09-11T16:00:00,organic,mobile,home,seo,treatment,308.19,26.2,282.0,110.44,0,champion
O0000171,S0001954,C00147,2025-10-17T21:00:00,social,desktop,food,summer_social,treatment,363.11,30.86,332.24,134.54,0,champion
O0000172,S0001966,C00148,2025-10-26T19:00:00,social,desktop,home,summer_social,control,173.82,13.91,159.91,50.97,0,steady
O0000173,S0001976,C00149,2025-01-14T20:00:00,organic,mobile,home,seo,control,329.49,16.47,313.02,123.47,0,champion
O0000174,S0001981,C00149,2025-03-07T16:00:00,paid_search,mobile,electronics,always_on_search,control,326.62,16.33,310.29,122.32,0,champion
O0000175,S0001984,C00149,2025-05-03T18:00:00,affiliate,mobile,apparel,partner_cashback,control,249.36,17.45,231.9,89.4,0,champion
O0000176,S0001993,C00149,2025-08-02T20:00:00,paid_search,desktop,food,always_on_search,control,524.24,26.21,498.03,204.17,0,champion
O0000177,S0001999,C00149,2025-12-01T20:00:00,paid_search,tablet,electronics,always_on_search,control,169.59,8.48,161.11,62.67,0,champion
O0000178,S0002013,C00152,2025-01-14T10:00:00,affiliate,desktop,home,partner_cashback,control,238.49,23.85,214.64,70.12,0,steady
O0000179,S0002014,C00152,2025-01-05T10:00:00,paid_search,mobile,home,always_on_search,control,160.72,12.86,147.86,43.75,0,steady
O0000180,S0002015,C00152,2025-02-05T08:00:00,email,mobile,home,crm_lifecycle,control,138.13,11.05,127.08,36.48,0,steady
O0000181,S0002017,C00152,2025-02-24T14:00:00,email,desktop,home,crm_lifecycle,control,183.84,14.71,169.14,54.2,0,steady
O0000182,S0002018,C00152,2025-02-25T11:00:00,affiliate,mobile,home,partner_cashback,control,292.06,29.21,262.85,84.0,0,steady
O0000183,S0002036,C00153,2025-07-15T14:00:00,email,mobile,sports,crm_lifecycle,treatment,198.33,36.69,161.64,38.88,0,deal_seeker
O0000184,S0002055,C00155,2025-11-04T18:00:00,email,desktop,home,crm_lifecycle,control,219.08,32.86,186.22,49.0,0,deal_seeker
O0000185,S0002062,C00156,2025-03-04T13:00:00,paid_search,mobile,beauty,always_on_search,treatment,313.37,26.64,286.73,112.43,0,champion
O0000186,S0002065,C00156,2025-03-12T13:00:00,affiliate,desktop,beauty,partner_cashback,treatment,282.59,29.67,252.92,101.23,0,champion
O0000187,S0002069,C00156,2025-04-05T14:00:00,direct,desktop,beauty,brand_direct,treatment,454.88,38.66,416.21,169.81,0,champion
O0000188,S0002075,C00156,2025-07-03T14:00:00,paid_search,desktop,beauty,always_on_search,treatment,290.57,24.7,265.88,106.67,0,champion
O0000189,S0002080,C00156,2025-10-01T14:00:00,paid_search,mobile,electronics,always_on_search,treatment,217.61,18.5,199.12,75.63,0,champion
O0000190,S0002082,C00156,2025-10-26T19:00:00,organic,mobile,beauty,seo,treatment,320.42,27.24,293.18,115.14,0,champion
O0000191,S0002099,C00158,2025-07-05T16:00:00,social,mobile,home,summer_social,control,281.04,22.48,258.55,82.49,0,steady
O0000192,S0002107,C00159,2025-02-21T14:00:00,social,mobile,food,summer_social,control,149.32,11.95,137.37,40.08,0,steady
O0000193,S0002117,C00159,2025-06-06T15:00:00,affiliate,desktop,sports,partner_cashback,control,293.31,29.33,263.98,87.39,0,steady
O0000194,S0002119,C00159,2025-06-05T18:00:00,email,mobile,food,crm_lifecycle,control,191.66,15.33,176.32,53.71,0,steady
O0000195,S0002121,C00159,2025-07-26T17:00:00,social,mobile,beauty,summer_social,control,264.25,21.14,243.11,77.09,0,steady
O0000196,S0002125,C00159,2025-09-27T16:00:00,organic,desktop,electronics,seo,control,338.18,27.05,311.12,103.89,0,steady
O0000197,S0002129,C00160,2025-04-04T21:00:00,social,mobile,apparel,summer_social,control,100.44,15.07,85.37,16.76,0,deal_seeker
O0000198,S0002137,C00160,2025-09-11T21:00:00,social,desktop,sports,summer_social,control,322.18,48.33,273.85,74.42,0,deal_seeker
O0000199,S0002147,C00161,2025-01-19T13:00:00,affiliate,mobile,electronics,partner_cashback,treatment,209.73,42.99,166.74,40.35,0,deal_seeker
O0000200,S0002166,C00161,2025-12-09T08:00:00,email,mobile,beauty,crm_lifecycle,treatment,252.98,46.8,206.18,51.79,0,deal_seeker
O0000201,S0002174,C00163,2025-07-13T19:00:00,affiliate,desktop,food,partner_cashback,treatment,131.47,17.75,113.72,34.8,0,steady
O0000202,S0002194,C00165,2025-06-07T20:00:00,affiliate,mobile,food,partner_cashback,treatment,345.15,46.6,298.56,96.5,0,steady
O0000203,S0002214,C00166,2025-11-27T22:00:00,paid_search,mobile,beauty,always_on_search,control,256.66,12.83,243.82,94.41,0,champion
O0000204,S0002215,C00166,2025-12-06T20:00:00,email,mobile,beauty,crm_lifecycle,control,385.62,19.28,366.33,145.86,0,champion
O0000205,S0002227,C00168,2025-08-11T18:00:00,email,desktop,food,crm_lifecycle,control,328.15,16.41,311.74,125.93,0,champion
O0000206,S0002230,C00168,2025-09-05T15:00:00,email,desktop,food,crm_lifecycle,control,338.69,16.93,321.76,130.14,0,champion
O0000207,S0002231,C00168,2025-09-04T17:00:00,paid_search,mobile,home,always_on_search,control,385.07,19.25,365.82,145.64,0,champion
O0000208,S0002239,C00168,2025-11-13T17:00:00,social,mobile,apparel,summer_social,control,329.06,16.45,312.6,123.29,0,champion
O0000209,S0002240,C00168,2025-11-13T10:00:00,social,mobile,food,summer_social,control,388.29,19.41,368.88,146.93,0,champion
O0000210,S0002242,C00169,2025-09-23T18:00:00,paid_search,mobile,beauty,always_on_search,treatment,431.56,36.68,394.88,157.85,0,champion
O0000211,S0002250,C00169,2025-10-05T09:00:00,affiliate,mobile,electronics,partner_cashback,treatment,216.71,22.75,193.95,73.46,0,champion
O0000212,S0002273,C00172,2025-12-09T10:00:00,paid_search,mobile,home,always_on_search,control,156.31,12.51,143.81,42.33,0,steady
O0000213,S0002278,C00173,2025-03-24T21:00:00,email,mobile,food,crm_lifecycle,control,195.85,29.38,166.47,40.28,0,deal_seeker
O0000214,S0002318,C00176,2025-09-16T09:00:00,paid_search,mobile,home,always_on_search,treatment,271.44,23.07,248.37,96.31,0,champion
O0000215,S0002320,C00176,2025-10-03T10:00:00,paid_search,mobile,sports,always_on_search,treatment,308.91,26.26,282.65,110.71,0,champion
O0000216,S0002324,C00176,2025-10-20T22:00:00,social,mobile,beauty,summer_social,treatment,175.99,14.96,161.03,59.63,0,champion
O0000217,S0002327,C00176,2025-12-11T09:00:00,organic,desktop,home,seo,treatment,455.86,38.75,417.12,170.19,0,champion
O0000218,S0002443,C00186,2025-03-02T12:00:00,paid_search,mobile,food,always_on_search,control,304.84,45.73,259.11,67.14,0,deal_seeker
O0000219,S0002457,C00186,2025-10-06T20:00:00,paid_search,mobile,home,always_on_search,control,225.45,33.82,191.63,47.57,0,deal_seeker
O0000220,S0002458,C00186,2025-10-07T20:00:00,email,desktop,beauty,crm_lifecycle,control,180.51,27.08,153.44,39.5,1,deal_seeker
O0000221,S0002461,C00186,2025-12-01T17:00:00,direct,mobile,home,brand_direct,control,110.85,16.63,94.22,19.32,0,deal_seeker
O0000222,S0002477,C00188,2025-06-26T09:00:00,affiliate,mobile,beauty,partner_cashback,control,323.01,22.61,300.4,118.17,0,champion
O0000223,S0002487,C00188,2025-09-13T19:00:00,social,mobile,home,summer_social,control,294.67,14.73,279.93,109.57,0,champion
O0000224,S0002522,C00191,2025-11-19T16:00:00,email,mobile,food,crm_lifecycle,treatment,128.97,14.83,114.14,31.95,0,steady
O0000225,S0002555,C00194,2025-10-09T14:00:00,paid_search,mobile,sports,always_on_search,control,220.88,33.13,187.75,46.45,0,deal_seeker
O0000226,S0002558,C00195,2025-10-15T10:00:00,affiliate,mobile,electronics,partner_cashback,control,281.37,47.83,233.54,59.73,0,deal_seeker
O0000227,S0002565,C00196,2025-06-22T10:00:00,email,mobile,beauty,crm_lifecycle,control,162.68,13.01,149.66,44.38,0,steady
O0000228,S0002571,C00196,2025-09-13T10:00:00,paid_search,mobile,beauty,always_on_search,control,244.37,19.55,224.82,70.69,0,steady
O0000229,S0002573,C00196,2025-09-20T22:00:00,organic,tablet,home,seo,control,255.78,20.46,235.32,77.36,1,steady
O0000230,S0002576,C00196,2025-11-02T19:00:00,email,mobile,apparel,crm_lifecycle,control,222.58,17.81,204.77,63.67,0,steady
O0000231,S0002578,C00196,2025-11-18T17:00:00,direct,mobile,food,brand_direct,control,183.68,14.69,168.98,51.14,0,steady
O0000232,S0002590,C00198,2025-12-23T21:00:00,paid_search,desktop,apparel,always_on_search,treatment,310.98,35.76,275.22,91.33,0,steady
O0000233,S0002598,C00199,2025-06-07T20:00:00,social,mobile,apparel,summer_social,control,299.11,23.93,275.18,88.31,0,steady
O0000234,S0002608,C00199,2025-10-01T11:00:00,email,mobile,food,crm_lifecycle,control,134.58,10.77,123.82,35.34,0,steady
O0000235,S0002613,C00199,2025-12-26T18:00:00,paid_search,mobile,apparel,always_on_search,control,140.83,11.27,129.57,37.35,0,steady
O0000236,S0002643,C00202,2025-09-16T19:00:00,paid_search,mobile,electronics,always_on_search,treatment,257.32,47.6,209.72,52.82,0,deal_seeker
O0000237,S0002650,C00203,2025-03-02T10:00:00,social,mobile,beauty,summer_social,treatment,207.86,23.9,183.96,56.38,0,steady
O0000238,S0002665,C00203,2025-10-20T14:00:00,organic,desktop,beauty,seo,treatment,240.54,27.66,212.88,69.51,0,steady
O0000239,S0002676,C00204,2025-05-06T21:00:00,organic,tablet,beauty,seo,treatment,122.71,22.7,100.01,24.0,0,deal_seeker
O0000240,S0002707,C00205,2025-08-24T20:00:00,organic,mobile,sports,seo,treatment,186.22,34.45,151.77,36.01,0,deal_seeker
O0000241,S0002709,C00205,2025-09-08T20:00:00,organic,mobile,food,seo,treatment,193.42,35.78,157.64,37.72,0,deal_seeker
O0000242,S0002728,C00207,2025-03-16T09:00:00,affiliate,desktop,apparel,partner_cashback,treatment,337.11,35.4,301.71,121.72,1,champion
O0000243,S0002734,C00207,2025-05-11T14:00:00,organic,mobile,food,seo,treatment,349.55,29.71,319.83,126.33,0,champion
O0000244,S0002736,C00207,2025-05-15T13:00:00,direct,mobile,sports,brand_direct,treatment,436.23,37.08,399.15,159.64,0,champion
O0000245,S0002737,C00207,2025-06-15T15:00:00,paid_search,mobile,apparel,always_on_search,treatment,348.58,29.63,318.95,125.96,0,champion
O0000246,S0002739,C00207,2025-07-02T14:00:00,affiliate,desktop,apparel,partner_cashback,treatment,241.88,25.4,216.48,85.92,0,champion
O0000247,S0002744,C00207,2025-08-09T21:00:00,email,desktop,beauty,crm_lifecycle,treatment,505.03,42.93,462.1,189.08,0,champion
O0000248,S0002752,C00207,2025-11-10T15:00:00,organic,desktop,food,seo,treatment,302.23,25.69,276.54,111.15,0,champion
O0000249,S0002753,C00207,2025-11-11T12:00:00,paid_search,mobile,electronics,always_on_search,treatment,268.47,22.82,245.65,95.17,0,champion
O0000250,S0002755,C00207,2025-12-13T11:00:00,email,desktop,sports,crm_lifecycle,treatment,386.66,32.87,353.79,143.59,0,champion
O0000251,S0002782,C00212,2025-07-05T16:00:00,social,mobile,home,summer_social,treatment,217.41,40.22,177.19,43.39,0,deal_seeker
O0000252,S0002783,C00212,2025-07-06T08:00:00,organic,mobile,home,seo,treatment,341.58,63.19,278.39,72.73,0,deal_seeker
O0000253,S0002799,C00213,2025-12-10T19:00:00,paid_search,mobile,home,always_on_search,treatment,101.7,11.69,90.0,23.5,0,steady
O0000254,S0002800,C00213,2025-12-06T16:00:00,social,mobile,home,summer_social,treatment,186.66,21.47,165.19,49.82,0,steady
O0000255,S0002805,C00214,2025-08-25T13:00:00,direct,mobile,sports,brand_direct,control,377.51,30.2,347.31,113.56,1,steady
O0000256,S0002809,C00215,2025-02-18T08:00:00,social,desktop,electronics,summer_social,treatment,222.71,18.93,203.78,80.59,0,champion
O0000257,S0002813,C00215,2025-03-21T15:00:00,social,desktop,apparel,summer_social,treatment,536.61,45.61,491.0,201.22,0,champion
O0000258,S0002818,C00215,2025-04-06T15:00:00,email,desktop,electronics,crm_lifecycle,treatment,247.04,21.0,226.04,89.94,0,champion
O0000259,S0002821,C00215,2025-06-13T18:00:00,social,mobile,electronics,summer_social,treatment,444.8,37.81,406.99,162.94,0,champion
O0000260,S0002822,C00215,2025-06-23T14:00:00,social,mobile,electronics,summer_social,treatment,471.65,40.09,431.56,173.26,0,champion
O0000261,S0002824,C00215,2025-07-07T19:00:00,paid_search,desktop,electronics,always_on_search,treatment,467.36,39.73,427.63,174.6,0,champion
O0000262,S0002825,C00215,2025-07-17T09:00:00,paid_search,tablet,electronics,always_on_search,treatment,456.76,38.82,417.94,170.53,0,champion
O0000263,S0002831,C00215,2025-09-09T16:00:00,affiliate,mobile,electronics,partner_cashback,treatment,589.59,61.91,527.68,213.63,0,champion
O0000264,S0002833,C00215,2025-10-07T08:00:00,paid_search,mobile,apparel,always_on_search,treatment,417.22,35.46,381.75,152.34,0,champion
O0000265,S0002835,C00215,2025-10-17T08:00:00,email,mobile,electronics,crm_lifecycle,treatment,402.03,34.17,367.86,146.5,0,champion
O0000266,S0002836,C00215,2025-10-24T12:00:00,direct,desktop,electronics,brand_direct,treatment,395.2,33.59,361.61,146.88,0,champion
O0000267,S0002837,C00215,2025-11-06T19:00:00,organic,mobile,electronics,seo,treatment,269.22,22.88,246.34,95.46,0,champion
O0000268,S0002843,C00216,2025-07-26T13:00:00,affiliate,tablet,electronics,partner_cashback,control,134.08,13.41,120.67,37.24,0,steady
O0000269,S0002848,C00216,2025-09-17T14:00:00,paid_search,mobile,electronics,always_on_search,control,309.52,24.76,284.76,91.67,0,steady
O0000270,S0002850,C00216,2025-10-08T15:00:00,social,mobile,electronics,summer_social,control,232.23,18.58,213.65,66.78,0,steady
O0000271,S0002859,C00217,2025-06-11T13:00:00,direct,desktop,food,brand_direct,control,151.47,12.12,139.35,43.77,0,steady
O0000272,S0002873,C00219,2025-01-23T14:00:00,paid_search,mobile,sports,always_on_search,treatment,312.75,57.86,254.89,65.92,1,deal_seeker
O0000273,S0002885,C00219,2025-06-11T15:00:00,direct,mobile,food,brand_direct,treatment,98.24,18.17,80.06,15.22,0,deal_seeker
O0000274,S0002888,C00219,2025-08-27T15:00:00,email,mobile,home,crm_lifecycle,treatment,404.88,74.9,329.98,87.69,1,deal_seeker
O0000275,S0002897,C00220,2025-09-16T09:00:00,social,mobile,sports,summer_social,control,229.36,18.35,211.01,65.85,0,steady
O0000276,S0002900,C00220,2025-10-11T10:00:00,organic,mobile,sports,seo,control,257.41,20.59,236.82,74.89,0,steady
O0000277,S0002905,C00221,2025-03-23T17:00:00,email,desktop,electronics,crm_lifecycle,control,251.06,20.08,230.98,75.84,0,steady
O0000278,S0002929,C00222,2025-10-04T15:00:00,organic,desktop,electronics,seo,treatment,171.43,19.71,151.72,48.1,0,steady
O0000279,S0002938,C00223,2025-03-22T16:00:00,direct,mobile,home,brand_direct,treatment,179.75,33.25,146.5,34.48,0,deal_seeker
O0000280,S0002940,C00223,2025-04-26T12:00:00,email,mobile,food,crm_lifecycle,treatment,346.36,64.08,282.28,73.86,0,deal_seeker
O0000281,S0002966,C00224,2025-05-01T15:00:00,email,mobile,beauty,crm_lifecycle,treatment,145.61,26.94,118.67,26.41,0,deal_seeker
O0000282,S0002974,C00224,2025-09-25T22:00:00,organic,mobile,home,seo,treatment,86.7,16.04,70.66,12.49,0,deal_seeker
O0000283,S0002975,C00224,2025-09-27T21:00:00,organic,tablet,beauty,seo,treatment,409.61,75.78,333.84,91.81,0,deal_seeker
O0000284,S0002979,C00224,2025-10-01T08:00:00,paid_search,desktop,sports,always_on_search,treatment,185.69,34.35,151.34,38.89,0,deal_seeker
O0000285,S0002997,C00226,2025-08-25T19:00:00,direct,desktop,beauty,brand_direct,control,223.89,17.91,205.98,67.09,0,steady
O0000286,S0003032,C00229,2025-08-27T22:00:00,direct,mobile,food,brand_direct,treatment,252.67,46.74,205.93,51.72,0,deal_seeker
O0000287,S0003035,C00229,2025-11-02T20:00:00,social,mobile,food,summer_social,treatment,145.99,27.01,118.98,26.5,0,deal_seeker
O0000288,S0003049,C00231,2025-08-17T09:00:00,affiliate,mobile,home,partner_cashback,treatment,203.48,21.37,182.12,68.49,0,champion
O0000289,S0003051,C00231,2025-09-18T16:00:00,social,desktop,home,summer_social,treatment,486.23,41.33,444.9,181.86,0,champion
O0000290,S0003058,C00231,2025-11-05T10:00:00,direct,desktop,food,brand_direct,treatment,209.58,17.81,191.76,75.54,0,champion
O0000291,S0003107,C00234,2025-10-04T16:00:00,organic,desktop,home,seo,control,238.63,35.79,202.83,53.82,0,deal_seeker
O0000292,S0003111,C00234,2025-12-05T22:00:00,paid_search,desktop,sports,always_on_search,control,165.51,24.83,140.68,35.8,0,deal_seeker
O0000293,S0003112,C00234,2025-12-06T16:00:00,organic,mobile,sports,seo,control,112.72,16.91,95.81,19.78,0,deal_seeker
O0000294,S0003114,C00235,2025-08-17T17:00:00,paid_search,mobile,beauty,always_on_search,treatment,193.39,22.24,171.15,51.9,0,steady
O0000295,S0003123,C00235,2025-11-03T17:00:00,direct,mobile,home,brand_direct,treatment,333.08,38.3,294.77,95.17,0,steady
O0000296,S0003136,C00236,2025-11-04T10:00:00,email,mobile,food,crm_lifecycle,treatment,261.93,30.12,231.81,73.13,0,steady
O0000297,S0003151,C00237,2025-12-15T15:00:00,affiliate,mobile,food,partner_cashback,control,473.18,47.32,425.86,141.05,0,steady
O0000298,S0003167,C00239,2025-11-10T20:00:00,organic,tablet,home,seo,treatment,148.43,17.07,131.36,40.98,0,steady
O0000299,S0003186,C00242,2025-09-05T19:00:00,social,mobile,home,summer_social,control,119.28,13.12,106.16,24.91,0,new_or_low
O0000300,S0003203,C00245,2025-08-03T18:00:00,paid_search,mobile,apparel,always_on_search,control,261.53,13.08,248.45,96.35,0,champion
O0000301,S0003219,C00245,2025-12-11T21:00:00,paid_search,desktop,apparel,always_on_search,control,342.99,17.15,325.84,131.85,0,champion
O0000302,S0003247,C00248,2025-03-14T08:00:00,direct,desktop,beauty,brand_direct,control,313.28,15.66,297.62,120.0,0,champion
O0000303,S0003251,C00248,2025-04-06T11:00:00,social,mobile,food,summer_social,control,251.92,12.6,239.32,92.51,0,champion
O0000304,S0003263,C00248,2025-07-13T13:00:00,direct,mobile,sports,brand_direct,control,404.05,20.2,383.84,153.21,0,champion
O0000305,S0003269,C00248,2025-10-27T16:00:00,email,tablet,sports,crm_lifecycle,control,298.25,14.91,283.33,114.0,0,champion
O0000306,S0003271,C00248,2025-10-06T10:00:00,social,mobile,electronics,summer_social,control,479.96,24.0,455.96,183.5,0,champion
O0000307,S0003273,C00248,2025-11-15T08:00:00,paid_search,mobile,food,always_on_search,control,425.3,21.27,404.04,161.7,0,champion
O0000308,S0003297,C00249,2025-08-07T13:00:00,direct,tablet,electronics,brand_direct,control,336.92,16.85,320.08,129.43,0,champion
O0000309,S0003298,C00249,2025-08-27T21:00:00,direct,mobile,food,brand_direct,control,607.5,30.38,577.13,234.39,0,champion
O0000310,S0003310,C00250,2025-06-12T11:00:00,paid_search,desktop,sports,always_on_search,treatment,247.88,28.51,219.38,71.78,0,steady
O0000311,S0003320,C00250,2025-10-16T18:00:00,social,mobile,food,summer_social,treatment,365.74,42.06,323.68,105.29,0,steady
O0000312,S0003322,C00250,2025-12-11T14:00:00,social,mobile,food,summer_social,treatment,140.42,16.15,124.27,35.5,0,steady
O0000313,S0003346,C00253,2025-07-23T20:00:00,paid_search,tablet,home,always_on_search,treatment,233.32,19.83,213.48,84.66,0,champion
O0000314,S0003350,C00253,2025-08-18T11:00:00,affiliate,mobile,food,partner_cashback,treatment,520.39,54.64,465.75,187.62,0,champion
O0000315,S0003375,C00255,2025-10-22T16:00:00,organic,desktop,electronics,seo,treatment,218.36,40.4,177.96,46.61,0,deal_seeker
O0000316,S0003377,C00255,2025-11-17T10:00:00,paid_search,mobile,home,always_on_search,treatment,219.4,40.59,178.81,43.86,0,deal_seeker
O0000317,S0003403,C00257,2025-11-09T13:00:00,organic,mobile,home,seo,treatment,395.21,45.45,349.77,114.42,0,steady
O0000318,S0003409,C00258,2025-07-11T17:00:00,paid_search,desktop,beauty,always_on_search,control,250.38,27.54,222.84,64.08,0,new_or_low
O0000319,S0003411,C00258,2025-09-07T11:00:00,paid_search,mobile,electronics,always_on_search,control,276.64,30.43,246.21,68.32,0,new_or_low
O0000320,S0003423,C00260,2025-06-12T20:00:00,email,desktop,apparel,crm_lifecycle,control,119.45,17.92,101.53,24.44,1,deal_seeker
O0000321,S0003426,C00260,2025-07-18T21:00:00,organic,mobile,sports,seo,control,137.3,20.59,116.7,25.84,0,deal_seeker
O0000322,S0003429,C00260,2025-08-26T11:00:00,organic,mobile,apparel,seo,control,109.46,16.42,93.04,18.98,0,deal_seeker
O0000323,S0003490,C00264,2025-12-15T18:00:00,social,mobile,food,summer_social,control,231.41,25.46,205.96,55.85,0,new_or_low
O0000324,S0003492,C00265,2025-04-23T16:00:00,social,desktop,beauty,summer_social,control,295.22,44.28,250.94,67.77,0,deal_seeker
O0000325,S0003529,C00267,2025-08-11T09:00:00,social,mobile,apparel,summer_social,treatment,190.8,21.94,168.86,51.1,0,steady
O0000326,S0003539,C00268,2025-10-10T22:00:00,direct,mobile,apparel,brand_direct,treatment,288.9,24.56,264.34,103.02,0,champion
O0000327,S0003540,C00268,2025-10-19T12:00:00,paid_search,mobile,apparel,always_on_search,treatment,348.67,29.64,319.03,125.99,0,champion
O0000328,S0003561,C00270,2025-05-09T17:00:00,direct,desktop,sports,brand_direct,control,166.91,25.04,141.88,36.14,0,deal_seeker
O0000329,S0003579,C00271,2025-03-11T18:00:00,paid_search,desktop,home,always_on_search,treatment,211.26,17.96,193.3,76.19,0,champion
O0000330,S0003581,C00271,2025-03-22T11:00:00,paid_search,mobile,food,always_on_search,treatment,475.93,40.45,435.48,174.9,0,champion
O0000331,S0003583,C00271,2025-04-13T20:00:00,organic,desktop,sports,seo,treatment,243.53,20.7,222.83,88.59,0,champion
O0000332,S0003585,C00271,2025-04-19T21:00:00,paid_search,desktop,electronics,always_on_search,treatment,399.08,33.92,365.16,148.37,0,champion
O0000333,S0003593,C00271,2025-09-27T18:00:00,email,desktop,electronics,crm_lifecycle,treatment,327.59,27.85,299.75,120.89,0,champion
O0000334,S0003597,C00271,2025-09-16T08:00:00,email,mobile,home,crm_lifecycle,treatment,290.26,24.67,265.59,103.55,0,champion
O0000335,S0003599,C00271,2025-10-07T09:00:00,social,desktop,home,summer_social,treatment,346.15,29.42,316.73,128.03,0,champion
O0000336,S0003600,C00271,2025-11-08T19:00:00,social,mobile,electronics,summer_social,treatment,282.26,23.99,258.27,100.47,0,champion
O0000337,S0003604,C00271,2025-12-23T18:00:00,organic,desktop,beauty,seo,treatment,342.04,29.07,312.96,126.44,0,champion
O0000338,S0003620,C00274,2025-03-01T12:00:00,social,mobile,apparel,summer_social,treatment,290.81,53.8,237.01,60.73,0,deal_seeker
O0000339,S0003631,C00274,2025-11-01T18:00:00,direct,desktop,food,brand_direct,treatment,199.83,36.97,162.86,42.23,0,deal_seeker
O0000340,S0003636,C00275,2025-02-15T18:00:00,direct,mobile,home,brand_direct,treatment,286.44,32.94,253.5,80.73,0,steady
O0000341,S0003664,C00277,2025-05-15T17:00:00,organic,desktop,sports,seo,control,230.5,11.52,218.97,86.97,0,champion
O0000342,S0003667,C00277,2025-06-07T12:00:00,email,mobile,beauty,crm_lifecycle,control,253.62,12.68,240.94,93.19,0,champion
O0000343,S0003668,C00277,2025-07-07T14:00:00,email,mobile,sports,crm_lifecycle,control,417.13,20.86,396.28,158.44,0,champion
O0000344,S0003676,C00277,2025-09-17T21:00:00,email,mobile,food,crm_lifecycle,control,600.6,30.03,570.57,231.64,0,champion
O0000345,S0003679,C00277,2025-10-01T09:00:00,direct,mobile,sports,brand_direct,control,452.68,22.63,430.05,172.62,0,champion
O0000346,S0003685,C00277,2025-12-22T16:00:00,email,mobile,electronics,crm_lifecycle,control,470.72,23.54,447.18,179.82,0,champion
O0000347,S0003686,C00277,2025-12-20T11:00:00,paid_search,mobile,sports,always_on_search,control,500.68,25.03,475.65,191.77,0,champion
O0000348,S0003688,C00278,2025-04-22T17:00:00,social,tablet,electronics,summer_social,control,186.93,9.35,177.58,69.59,0,champion
O0000349,S0003694,C00278,2025-05-19T12:00:00,affiliate,mobile,electronics,partner_cashback,control,248.33,17.38,230.95,89.0,0,champion
O0000350,S0003700,C00278,2025-07-22T09:00:00,social,mobile,electronics,summer_social,control,230.64,11.53,219.11,84.02,0,champion
O0000351,S0003711,C00278,2025-12-01T13:00:00,paid_search,desktop,home,always_on_search,control,543.72,27.19,516.54,211.94,0,champion
O0000352,S0003719,C00279,2025-05-06T10:00:00,paid_search,desktop,apparel,always_on_search,treatment,275.45,31.68,243.78,80.32,0,steady
O0000353,S0003720,C00279,2025-05-26T17:00:00,direct,desktop,apparel,brand_direct,treatment,327.88,37.71,290.17,96.56,0,steady
O0000354,S0003728,C00279,2025-12-08T20:00:00,affiliate,desktop,apparel,partner_cashback,treatment,292.59,39.5,253.09,83.58,0,steady
O0000355,S0003730,C00279,2025-12-22T12:00:00,paid_search,mobile,electronics,always_on_search,treatment,245.25,28.2,217.05,67.97,1,steady
O0000356,S0003739,C00281,2025-06-26T20:00:00,paid_search,mobile,apparel,always_on_search,control,276.23,41.43,234.79,60.09,0,deal_seeker
O0000357,S0003773,C00283,2025-11-19T15:00:00,organic,mobile,electronics,seo,treatment,302.38,25.7,276.68,108.21,0,champion
O0000358,S0003801,C00287,2025-07-23T13:00:00,affiliate,mobile,home,partner_cashback,control,373.88,63.56,310.32,81.99,0,deal_seeker
O0000359,S0003802,C00287,2025-07-23T19:00:00,organic,mobile,apparel,seo,control,160.11,24.02,136.09,31.47,0,deal_seeker
O0000360,S0003818,C00288,2025-03-13T10:00:00,email,desktop,sports,crm_lifecycle,treatment,96.66,14.02,82.65,20.62,0,new_or_low
O0000361,S0003829,C00289,2025-07-16T18:00:00,paid_search,mobile,electronics,always_on_search,treatment,141.61,26.2,115.42,25.47,0,deal_seeker
O0000362,S0003846,C00290,2025-07-21T15:00:00,organic,desktop,food,seo,control,194.52,29.18,165.34,42.95,0,deal_seeker
O0000363,S0003861,C00291,2025-01-22T11:00:00,organic,mobile,sports,seo,treatment,372.8,42.87,329.92,107.47,0,steady
O0000364,S0003870,C00291,2025-04-04T13:00:00,direct,desktop,home,brand_direct,treatment,225.3,25.91,199.39,64.79,0,steady
O0000365,S0003880,C00292,2025-03-16T17:00:00,social,mobile,home,summer_social,control,304.43,24.35,280.08,90.03,0,steady
O0000366,S0003894,C00292,2025-11-22T21:00:00,affiliate,mobile,home,partner_cashback,control,238.67,23.87,214.81,67.18,0,steady
O0000367,S0003904,C00295,2025-09-03T11:00:00,direct,mobile,electronics,brand_direct,treatment,268.52,49.68,218.84,55.46,0,deal_seeker
O0000368,S0003914,C00297,2025-04-09T21:00:00,organic,mobile,sports,seo,control,169.0,8.45,160.55,59.43,0,champion
O0000369,S0003917,C00297,2025-04-04T20:00:00,organic,desktop,apparel,seo,control,408.9,20.44,388.45,158.15,0,champion
O0000370,S0003919,C00297,2025-05-10T09:00:00,email,mobile,electronics,crm_lifecycle,control,462.41,23.12,439.29,176.5,0,champion
O0000371,S0003920,C00297,2025-05-06T19:00:00,social,mobile,food,summer_social,control,326.7,16.33,310.36,122.35,0,champion
O0000372,S0003922,C00297,2025-06-21T18:00:00,paid_search,desktop,food,always_on_search,control,192.92,9.65,183.27,71.97,0,champion
O0000373,S0003948,C00298,2025-06-26T09:00:00,organic,desktop,beauty,seo,control,231.44,11.57,219.87,87.34,0,champion
O0000374,S0003955,C00298,2025-09-16T15:00:00,social,tablet,apparel,summer_social,control,335.62,16.78,318.84,128.91,0,champion
O0000375,S0003988,C00300,2025-04-11T18:00:00,email,mobile,apparel,crm_lifecycle,treatment,343.85,63.61,280.24,73.27,0,deal_seeker
O0000376,S0003990,C00300,2025-05-09T12:00:00,paid_search,mobile,beauty,always_on_search,treatment,55.42,10.25,45.17,5.1,0,deal_seeker
O0000377,S0004016,C00301,2025-12-25T17:00:00,paid_search,desktop,sports,always_on_search,treatment,245.27,45.38,199.9,52.97,0,deal_seeker
O0000378,S0004033,C00303,2025-07-01T18:00:00,direct,desktop,apparel,brand_direct,control,262.29,13.11,249.18,99.66,0,champion
O0000379,S0004042,C00303,2025-10-16T14:00:00,email,mobile,apparel,crm_lifecycle,control,385.92,19.3,366.63,145.98,0,champion
O0000380,S0004043,C00303,2025-10-21T20:00:00,paid_search,mobile,electronics,always_on_search,control,184.13,9.21,174.92,65.47,0,champion
O0000381,S0004050,C00303,2025-12-24T11:00:00,paid_search,desktop,sports,always_on_search,control,535.37,26.77,508.6,208.61,0,champion
O0000382,S0004055,C00304,2025-11-02T11:00:00,organic,mobile,electronics,seo,treatment,195.1,36.09,159.0,38.11,0,deal_seeker
O0000383,S0004096,C00307,2025-12-05T08:00:00,direct,mobile,electronics,brand_direct,control,157.52,23.63,133.9,30.83,0,deal_seeker
O0000384,S0004116,C00309,2025-12-12T21:00:00,paid_search,desktop,home,always_on_search,treatment,181.87,20.91,160.95,51.33,0,steady
O0000385,S0004127,C00311,2025-11-06T14:00:00,organic,mobile,sports,seo,treatment,225.56,25.94,199.62,61.87,0,steady
O0000386,S0004195,C00317,2025-07-12T22:00:00,paid_search,desktop,apparel,always_on_search,control,199.37,15.95,183.42,59.2,0,steady
O0000387,S0004197,C00317,2025-08-22T12:00:00,organic,mobile,electronics,seo,control,180.28,14.42,165.86,50.05,0,steady
O0000388,S0004240,C00319,2025-11-17T13:00:00,social,tablet,electronics,summer_social,control,444.81,22.24,422.57,172.48,1,champion
O0000389,S0004246,C00320,2025-01-17T15:00:00,organic,mobile,home,seo,control,335.38,16.77,318.61,125.82,0,champion
O0000390,S0004249,C00320,2025-02-12T10:00:00,paid_search,desktop,beauty,always_on_search,control,588.43,29.42,559.01,229.78,0,champion
O0000391,S0004253,C00320,2025-03-06T21:00:00,organic,desktop,apparel,seo,control,366.65,18.33,348.32,141.29,0,champion
O0000392,S0004268,C00320,2025-05-25T16:00:00,social,desktop,home,summer_social,control,394.77,19.74,375.03,152.51,0,champion
O0000393,S0004270,C00320,2025-06-03T22:00:00,paid_search,mobile,home,always_on_search,control,450.14,22.51,427.63,171.61,0,champion
O0000394,S0004275,C00320,2025-07-06T08:00:00,paid_search,desktop,home,always_on_search,control,367.58,18.38,349.2,141.66,0,champion
O0000395,S0004304,C00324,2025-10-25T18:00:00,direct,mobile,home,brand_direct,treatment,219.37,40.58,178.79,43.85,0,deal_seeker
O0000396,S0004311,C00324,2025-12-16T18:00:00,paid_search,desktop,food,always_on_search,treatment,228.87,42.34,186.53,49.09,0,deal_seeker
O0000397,S0004312,C00324,2025-12-12T22:00:00,social,mobile,electronics,summer_social,treatment,207.26,38.34,168.92,40.99,1,deal_seeker
O0000398,S0004316,C00325,2025-09-24T10:00:00,organic,mobile,home,seo,control,153.99,12.32,141.67,41.59,0,steady
O0000399,S0004327,C00326,2025-12-18T10:00:00,social,mobile,apparel,summer_social,control,127.61,19.14,108.47,23.46,1,deal_seeker
O0000400,S0004328,C00327,2025-02-12T17:00:00,paid_search,mobile,beauty,always_on_search,treatment,175.57,20.19,155.38,46.38,0,steady
O0000401,S0004330,C00327,2025-02-05T16:00:00,paid_search,mobile,beauty,always_on_search,treatment,345.59,39.74,305.85,99.05,0,steady
O0000402,S0004333,C00327,2025-03-14T20:00:00,social,mobile,beauty,summer_social,treatment,138.64,15.94,122.7,34.94,0,steady
O0000403,S0004347,C00327,2025-12-06T11:00:00,organic,mobile,beauty,seo,treatment,273.35,31.44,241.92,76.67,0,steady
O0000404,S0004380,C00331,2025-01-22T16:00:00,social,desktop,beauty,summer_social,control,138.13,11.05,127.08,39.48,0,steady
O0000405,S0004387,C00331,2025-04-22T17:00:00,social,mobile,home,summer_social,control,308.55,24.68,283.87,91.35,0,steady
O0000406,S0004418,C00334,2025-06-11T20:00:00,email,desktop,food,crm_lifecycle,control,265.21,39.78,225.43,60.37,0,deal_seeker
O0000407,S0004445,C00338,2025-07-06T16:00:00,email,desktop,food,crm_lifecycle,treatment,78.49,9.03,69.46,19.31,0,steady
O0000408,S0004449,C00338,2025-11-27T21:00:00,paid_search,mobile,apparel,always_on_search,treatment,428.42,49.27,379.15,124.7,0,steady
O0000409,S0004478,C00343,2025-08-24T16:00:00,email,mobile,beauty,crm_lifecycle,treatment,226.59,26.06,200.53,62.19,0,steady
O0000410,S0004481,C00343,2025-08-16T22:00:00,affiliate,mobile,apparel,partner_cashback,treatment,271.7,36.68,235.02,74.26,0,steady
O0000411,S0004484,C00343,2025-10-18T13:00:00,affiliate,desktop,beauty,partner_cashback,treatment,242.14,32.69,209.45,68.31,0,steady
O0000412,S0004499,C00344,2025-07-03T20:00:00,direct,mobile,food,brand_direct,control,164.38,24.66,139.72,32.52,1,deal_seeker
O0000413,S0004516,C00345,2025-12-22T12:00:00,social,mobile,sports,summer_social,control,442.15,66.32,375.83,100.99,0,deal_seeker
O0000414,S0004524,C00346,2025-10-12T18:00:00,email,mobile,apparel,crm_lifecycle,control,302.17,45.33,256.85,66.49,0,deal_seeker
O0000415,S0004526,C00346,2025-11-19T13:00:00,social,mobile,apparel,summer_social,control,224.81,33.72,191.09,47.41,0,deal_seeker
O0000416,S0004534,C00347,2025-12-01T20:00:00,organic,mobile,home,seo,treatment,60.05,11.11,48.94,6.19,0,deal_seeker
O0000417,S0004544,C00349,2025-04-09T15:00:00,paid_search,mobile,beauty,always_on_search,control,285.59,22.85,262.74,83.96,0,steady
O0000418,S0004547,C00349,2025-06-12T16:00:00,paid_search,desktop,electronics,always_on_search,control,134.22,10.74,123.48,38.22,0,steady
O0000419,S0004576,C00353,2025-10-10T15:00:00,paid_search,mobile,food,always_on_search,treatment,708.6,60.23,648.37,264.32,0,champion
O0000420,S0004578,C00353,2025-12-17T21:00:00,paid_search,desktop,home,always_on_search,treatment,430.1,36.56,393.54,160.29,0,champion
O0000421,S0004586,C00355,2025-02-25T21:00:00,organic,desktop,home,seo,control,231.6,11.58,220.02,87.41,0,champion
O0000422,S0004589,C00355,2025-02-15T21:00:00,organic,mobile,apparel,seo,control,311.88,15.59,296.28,116.44,0,champion
O0000423,S0004596,C00355,2025-04-27T16:00:00,paid_search,mobile,food,always_on_search,control,296.96,14.85,282.11,110.49,0,champion
O0000424,S0004597,C00355,2025-04-18T13:00:00,email,mobile,apparel,crm_lifecycle,control,477.63,23.88,453.75,182.57,0,champion
O0000425,S0004599,C00355,2025-05-15T13:00:00,social,mobile,home,summer_social,control,458.88,22.94,435.93,175.09,0,champion
O0000426,S0004601,C00355,2025-05-13T21:00:00,direct,mobile,apparel,brand_direct,control,204.38,10.22,194.16,73.55,0,champion
O0000427,S0004630,C00356,2025-06-22T22:00:00,paid_search,desktop,electronics,always_on_search,control,105.56,15.83,89.73,21.02,0,deal_seeker
O0000428,S0004634,C00356,2025-09-01T22:00:00,affiliate,mobile,home,partner_cashback,control,293.56,49.91,243.66,62.66,0,deal_seeker
O0000429,S0004639,C00357,2025-03-27T19:00:00,email,tablet,food,crm_lifecycle,treatment,261.43,30.06,231.37,75.98,0,steady
O0000430,S0004640,C00357,2025-03-25T15:00:00,paid_search,desktop,food,always_on_search,treatment,269.41,30.98,238.43,78.45,0,steady
O0000431,S0004645,C00357,2025-06-14T16:00:00,social,mobile,apparel,summer_social,treatment,317.98,36.57,281.41,90.5,0,steady
O0000432,S0004649,C00357,2025-11-08T15:00:00,affiliate,desktop,apparel,partner_cashback,treatment,271.52,36.66,234.87,77.2,0,steady
O0000433,S0004656,C00358,2025-06-19T18:00:00,organic,mobile,food,seo,treatment,177.56,20.42,157.14,47.0,0,steady
O0000434,S0004688,C00359,2025-07-27T14:00:00,affiliate,tablet,sports,partner_cashback,control,196.87,19.69,177.19,57.02,0,steady
O0000435,S0004762,C00366,2025-05-16T09:00:00,social,mobile,apparel,summer_social,treatment,273.87,31.49,242.37,76.83,0,steady
O0000436,S0004782,C00368,2025-01-08T14:00:00,paid_search,desktop,electronics,always_on_search,control,259.29,12.96,246.33,98.46,0,champion
O0000437,S0004786,C00368,2025-02-05T20:00:00,paid_search,mobile,apparel,always_on_search,control,388.73,19.44,369.29,147.1,0,champion
O0000438,S0004787,C00368,2025-02-12T12:00:00,paid_search,mobile,food,always_on_search,control,399.14,19.96,379.18,151.26,0,champion
O0000439,S0004789,C00368,2025-03-11T10:00:00,direct,desktop,electronics,brand_direct,control,191.16,9.56,181.6,71.27,0,champion
O0000440,S0004795,C00368,2025-04-20T10:00:00,email,mobile,sports,crm_lifecycle,control,305.08,15.25,289.82,113.73,0,champion
O0000441,S0004803,C00368,2025-08-06T18:00:00,social,mobile,sports,summer_social,control,430.38,21.52,408.86,163.72,0,champion
O0000442,S0004807,C00368,2025-10-03T15:00:00,direct,mobile,home,brand_direct,control,265.88,13.29,252.58,98.08,0,champion
O0000443,S0004821,C00370,2025-09-08T10:00:00,email,mobile,home,crm_lifecycle,treatment,204.13,23.48,180.66,55.23,0,steady
O0000444,S0004824,C00370,2025-12-25T13:00:00,affiliate,desktop,apparel,partner_cashback,treatment,225.38,30.43,194.96,63.24,0,steady
O0000445,S0004827,C00371,2025-09-24T16:00:00,organic,desktop,electronics,seo,treatment,117.21,13.48,103.73,31.31,0,steady
O0000446,S0004846,C00372,2025-08-12T08:00:00,social,mobile,apparel,summer_social,control,512.05,25.6,486.45,196.31,0,champion
O0000447,S0004856,C00372,2025-11-11T14:00:00,affiliate,mobile,home,partner_cashback,control,316.43,22.15,294.28,115.6,0,champion
O0000448,S0004857,C00372,2025-11-13T08:00:00,email,mobile,apparel,crm_lifecycle,control,286.64,14.33,272.31,106.37,0,champion
O0000449,S0004859,C00372,2025-12-05T18:00:00,social,mobile,food,summer_social,control,200.22,10.01,190.21,71.89,0,champion
O0000450,S0004863,C00374,2025-03-07T18:00:00,email,mobile,apparel,crm_lifecycle,control,266.27,21.3,244.97,77.74,0,steady
O0000451,S0004899,C00376,2025-08-22T08:00:00,email,mobile,home,crm_lifecycle,treatment,198.51,22.83,175.68,53.49,0,steady
O0000452,S0004914,C00378,2025-09-13T18:00:00,organic,mobile,electronics,seo,treatment,558.1,64.18,493.91,164.87,0,steady
O0000453,S0004918,C00378,2025-10-11T20:00:00,affiliate,mobile,electronics,partner_cashback,treatment,266.81,36.02,230.79,72.78,0,steady
O0000454,S0004926,C00379,2025-03-07T17:00:00,affiliate,desktop,home,partner_cashback,treatment,160.44,21.66,138.78,43.57,0,steady
O0000455,S0004930,C00379,2025-05-13T20:00:00,paid_search,mobile,food,always_on_search,treatment,193.63,22.27,171.37,51.98,0,steady
O0000456,S0004934,C00379,2025-08-08T14:00:00,email,mobile,electronics,crm_lifecycle,treatment,291.57,33.53,258.04,82.31,0,steady
O0000457,S0004956,C00381,2025-03-17T20:00:00,affiliate,mobile,sports,partner_cashback,treatment,322.84,33.9,288.94,113.35,0,champion
O0000458,S0004959,C00381,2025-03-11T11:00:00,direct,mobile,electronics,brand_direct,treatment,659.59,56.07,603.53,245.48,0,champion
O0000459,S0004961,C00381,2025-03-11T08:00:00,affiliate,desktop,electronics,partner_cashback,treatment,506.78,53.21,453.57,185.5,0,champion
O0000460,S0004972,C00381,2025-06-17T22:00:00,paid_search,mobile,electronics,always_on_search,treatment,233.53,19.85,213.68,81.74,0,champion
O0000461,S0004979,C00381,2025-08-04T22:00:00,social,mobile,electronics,summer_social,treatment,459.62,39.07,420.56,168.63,1,champion
O0000462,S0004981,C00381,2025-09-24T09:00:00,organic,mobile,home,seo,treatment,316.77,26.93,289.84,113.73,0,champion
O0000463,S0004984,C00381,2025-10-06T09:00:00,organic,desktop,electronics,seo,treatment,418.69,35.59,383.1,155.9,0,champion
O0000464,S0005000,C00382,2025-12-05T22:00:00,organic,desktop,electronics,seo,treatment,442.21,81.81,360.4,99.52,0,deal_seeker
O0000465,S0005003,C00383,2025-12-01T18:00:00,organic,mobile,electronics,seo,treatment,170.39,19.6,150.8,44.78,0,steady
O0000466,S0005008,C00384,2025-04-25T11:00:00,affiliate,mobile,beauty,partner_cashback,treatment,361.08,37.91,323.17,127.73,1,champion
O0000467,S0005028,C00385,2025-01-13T20:00:00,organic,desktop,food,seo,treatment,289.32,33.27,256.05,84.62,0,steady
O0000468,S0005037,C00385,2025-05-22T19:00:00,direct,mobile,beauty,brand_direct,treatment,124.99,14.37,110.62,30.72,0,steady
O0000469,S0005042,C00385,2025-09-18T18:00:00,affiliate,mobile,beauty,partner_cashback,treatment,111.83,15.1,96.73,25.86,0,steady
O0000470,S0005063,C00386,2025-10-17T13:00:00,organic,mobile,electronics,seo,treatment,215.98,24.84,191.14,58.9,0,steady
O0000471,S0005068,C00387,2025-10-04T12:00:00,organic,mobile,beauty,seo,treatment,247.52,28.47,219.06,68.67,1,steady
O0000472,S0005085,C00388,2025-11-11T20:00:00,direct,mobile,home,brand_direct,control,114.47,12.59,101.88,23.58,0,new_or_low
O0000473,S0005105,C00389,2025-08-24T16:00:00,affiliate,mobile,sports,partner_cashback,control,226.29,38.47,187.82,46.47,1,deal_seeker
O0000474,S0005136,C00391,2025-12-20T20:00:00,organic,mobile,home,seo,control,143.11,21.47,121.64,27.28,0,deal_seeker
O0000475,S0005157,C00393,2025-11-04T15:00:00,paid_search,mobile,home,always_on_search,control,237.22,35.58,201.63,50.47,0,deal_seeker
O0000476,S0005158,C00393,2025-11-03T08:00:00,organic,tablet,apparel,seo,control,309.5,46.42,263.07,71.29,1,deal_seeker
O0000477,S0005160,C00394,2025-03-22T17:00:00,email,mobile,sports,crm_lifecycle,treatment,214.01,24.61,189.4,58.29,0,steady
O0000478,S0005171,C00394,2025-09-26T22:00:00,direct,mobile,sports,brand_direct,treatment,313.28,36.03,277.25,89.04,0,steady
O0000479,S0005174,C00395,2025-09-08T10:00:00,email,desktop,beauty,crm_lifecycle,treatment,160.36,29.67,130.7,32.9,0,deal_seeker
O0000480,S0005188,C00396,2025-07-16T12:00:00,organic,desktop,sports,seo,treatment,122.22,22.61,99.61,23.89,0,deal_seeker
O0000481,S0005195,C00396,2025-10-22T21:00:00,email,mobile,sports,crm_lifecycle,treatment,180.29,33.35,146.94,34.61,0,deal_seeker
O0000482,S0005207,C00397,2025-11-07T15:00:00,affiliate,desktop,home,partner_cashback,control,143.07,14.31,128.77,40.07,0,steady
O0000483,S0005221,C00399,2025-02-05T08:00:00,direct,mobile,home,brand_direct,treatment,126.77,23.45,103.32,21.96,0,deal_seeker
O0000484,S0005224,C00399,2025-04-06T19:00:00,email,desktop,home,crm_lifecycle,treatment,189.39,35.04,154.35,39.76,0,deal_seeker
O0000485,S0005226,C00399,2025-05-20T21:00:00,paid_search,mobile,food,always_on_search,treatment,464.67,85.96,378.71,101.82,0,deal_seeker
O0000486,S0005243,C00399,2025-12-12T12:00:00,social,desktop,sports,summer_social,treatment,355.87,65.84,290.04,79.11,0,deal_seeker
O0000487,S0005246,C00400,2025-03-15T08:00:00,email,mobile,electronics,crm_lifecycle,control,86.5,12.97,73.52,13.32,0,deal_seeker
O0000488,S0005249,C00400,2025-04-06T19:00:00,social,mobile,electronics,summer_social,control,256.09,38.41,217.68,55.13,0,deal_seeker
O0000489,S0005250,C00400,2025-05-13T16:00:00,paid_search,mobile,home,always_on_search,control,257.95,38.69,219.26,55.59,0,deal_seeker
O0000490,S0005251,C00400,2025-05-26T20:00:00,social,mobile,food,summer_social,control,233.37,35.01,198.37,49.53,0,deal_seeker
O0000491,S0005274,C00401,2025-06-04T14:00:00,email,mobile,sports,crm_lifecycle,control,146.36,11.71,134.65,39.13,0,steady
O0000492,S0005286,C00402,2025-09-19T19:00:00,organic,desktop,apparel,seo,treatment,178.3,20.5,157.8,50.23,1,steady
O0000493,S0005299,C00403,2025-12-19T08:00:00,organic,mobile,apparel,seo,treatment,330.06,37.96,292.11,94.24,0,steady
O0000494,S0005303,C00404,2025-03-24T17:00:00,direct,mobile,electronics,brand_direct,treatment,312.75,26.58,286.17,112.19,0,champion
O0000495,S0005306,C00404,2025-03-01T09:00:00,social,mobile,food,summer_social,treatment,257.01,21.85,235.17,90.77,0,champion
O0000496,S0005310,C00404,2025-04-02T11:00:00,social,mobile,electronics,summer_social,treatment,543.87,46.23,497.64,201.01,0,champion
O0000497,S0005314,C00404,2025-04-01T10:00:00,paid_search,mobile,electronics,always_on_search,treatment,521.04,44.29,476.75,192.23,0,champion
O0000498,S0005315,C00404,2025-05-16T15:00:00,affiliate,mobile,electronics,partner_cashback,treatment,297.11,31.2,265.92,103.69,0,champion
O0000499,S0005317,C00404,2025-05-06T18:00:00,email,mobile,food,crm_lifecycle,treatment,353.79,30.07,323.72,127.96,0,champion
O0000500,S0005321,C00404,2025-06-15T10:00:00,email,mobile,food,crm_lifecycle,treatment,227.79,19.36,208.42,79.54,0,champion
O0000501,S0005323,C00404,2025-07-25T21:00:00,organic,desktop,electronics,seo,treatment,359.68,30.57,329.11,133.23,1,champion
O0000502,S0005327,C00404,2025-08-26T10:00:00,paid_search,desktop,electronics,always_on_search,treatment,356.34,30.29,326.05,131.94,1,champion
O0000503,S0005345,C00405,2025-02-07T20:00:00,organic,desktop,food,seo,control,490.33,24.52,465.81,190.64,0,champion
O0000504,S0005347,C00405,2025-02-16T10:00:00,organic,desktop,sports,seo,control,528.78,26.44,502.34,205.98,0,champion
O0000505,S0005349,C00405,2025-03-21T18:00:00,paid_search,desktop,electronics,always_on_search,control,387.21,19.36,367.85,149.5,0,champion
O0000506,S0005351,C00405,2025-03-01T10:00:00,social,mobile,food,summer_social,control,681.92,34.1,647.82,264.08,0,champion
O0000507,S0005359,C00405,2025-05-24T16:00:00,direct,mobile,sports,brand_direct,control,410.78,20.54,390.24,155.9,0,champion
O0000508,S0005364,C00405,2025-07-24T08:00:00,affiliate,mobile,sports,partner_cashback,control,408.41,28.59,379.82,151.52,0,champion
O0000509,S0005372,C00405,2025-10-18T17:00:00,organic,mobile,electronics,seo,control,394.48,19.72,374.76,149.4,0,champion
O0000510,S0005379,C00405,2025-12-22T10:00:00,paid_search,desktop,sports,always_on_search,control,141.67,7.08,134.58,51.52,0,champion
O0000511,S0005380,C00405,2025-12-15T13:00:00,organic,mobile,electronics,seo,control,316.07,15.8,300.27,118.11,0,champion
O0000512,S0005384,C00406,2025-08-16T16:00:00,direct,desktop,sports,brand_direct,control,128.7,19.31,109.4,26.72,0,deal_seeker
O0000513,S0005414,C00409,2025-11-05T18:00:00,email,mobile,home,crm_lifecycle,control,379.38,18.97,360.41,143.37,0,champion
O0000514,S0005418,C00409,2025-12-03T20:00:00,organic,mobile,beauty,seo,control,324.52,16.23,308.29,121.48,1,champion
O0000515,S0005427,C00410,2025-11-08T17:00:00,social,desktop,apparel,summer_social,control,230.38,34.56,195.82,51.79,0,deal_seeker
O0000516,S0005430,C00411,2025-06-02T13:00:00,paid_search,tablet,sports,always_on_search,control,383.71,30.7,353.01,118.55,0,steady
O0000517,S0005435,C00411,2025-10-09T21:00:00,affiliate,tablet,home,partner_cashback,control,196.84,19.68,177.16,57.01,0,steady
O0000518,S0005462,C00414,2025-10-01T22:00:00,paid_search,mobile,apparel,always_on_search,control,173.14,25.97,147.17,34.68,0,deal_seeker
O0000519,S0005480,C00416,2025-04-17T08:00:00,organic,mobile,apparel,seo,control,341.78,17.09,324.69,128.37,0,champion
O0000520,S0005481,C00416,2025-04-06T20:00:00,email,desktop,apparel,crm_lifecycle,control,206.43,10.32,196.11,77.37,0,champion
O0000521,S0005491,C00416,2025-07-25T22:00:00,organic,mobile,apparel,seo,control,469.66,23.48,446.18,179.4,0,champion
O0000522,S0005493,C00416,2025-08-26T16:00:00,email,desktop,food,crm_lifecycle,control,635.47,31.77,603.7,248.55,0,champion
O0000523,S0005494,C00416,2025-08-24T08:00:00,social,desktop,electronics,summer_social,control,304.83,15.24,289.59,116.63,0,champion
O0000524,S0005495,C00416,2025-09-11T21:00:00,email,tablet,sports,crm_lifecycle,control,390.86,19.54,371.32,150.95,0,champion
O0000525,S0005500,C00416,2025-11-05T09:00:00,social,desktop,sports,summer_social,control,332.4,16.62,315.78,127.63,0,champion
O0000526,S0005502,C00416,2025-11-25T16:00:00,organic,desktop,apparel,seo,control,458.62,22.93,435.69,177.99,0,champion
O0000527,S0005506,C00416,2025-12-18T11:00:00,direct,desktop,electronics,brand_direct,control,203.54,10.18,193.36,76.21,0,champion
O0000528,S0005508,C00417,2025-10-07T09:00:00,organic,desktop,beauty,seo,control,192.01,28.8,163.21,42.33,0,deal_seeker
O0000529,S0005511,C00417,2025-12-12T15:00:00,organic,mobile,electronics,seo,control,140.08,21.01,119.07,26.53,0,deal_seeker
O0000530,S0005512,C00417,2025-12-26T21:00:00,paid_search,mobile,electronics,always_on_search,control,207.1,31.07,176.04,43.05,0,deal_seeker
O0000531,S0005517,C00418,2025-05-06T09:00:00,affiliate,desktop,beauty,partner_cashback,control,191.62,32.58,159.05,41.12,0,deal_seeker
O0000532,S0005525,C00418,2025-07-01T13:00:00,email,desktop,food,crm_lifecycle,control,124.1,18.61,105.48,25.59,0,deal_seeker
O0000533,S0005544,C00419,2025-04-07T11:00:00,direct,mobile,sports,brand_direct,control,186.88,9.34,177.54,66.57,0,champion
O0000534,S0005551,C00419,2025-05-12T20:00:00,affiliate,desktop,food,partner_cashback,control,362.45,25.37,337.08,136.57,0,champion
O0000535,S0005558,C00419,2025-08-13T08:00:00,organic,mobile,apparel,seo,control,384.71,19.24,365.48,145.5,0,champion
O0000536,S0005570,C00420,2025-11-23T12:00:00,paid_search,mobile,sports,always_on_search,control,75.03,11.25,63.77,10.49,0,deal_seeker
O0000537,S0005577,C00421,2025-10-04T14:00:00,email,mobile,electronics,crm_lifecycle,control,308.64,15.43,293.2,115.15,0,champion
O0000538,S0005583,C00421,2025-12-26T09:00:00,paid_search,tablet,home,always_on_search,control,321.97,16.1,305.87,123.46,0,champion
O0000539,S0005584,C00421,2025-12-18T16:00:00,social,mobile,home,summer_social,control,174.84,8.74,166.1,61.76,0,champion
O0000540,S0005585,C00422,2025-03-04T15:00:00,organic,mobile,electronics,seo,treatment,260.36,29.94,230.42,72.65,0,steady
O0000541,S0005589,C00422,2025-07-19T14:00:00,paid_search,desktop,electronics,always_on_search,treatment,276.43,31.79,244.64,80.62,0,steady
O0000542,S0005592,C00422,2025-08-25T10:00:00,organic,mobile,beauty,seo,treatment,274.97,31.62,243.35,77.17,0,steady
O0000543,S0005599,C00422,2025-11-15T19:00:00,organic,tablet,beauty,seo,treatment,406.55,46.75,359.8,120.93,0,steady
O0000544,S0005610,C00423,2025-11-08T16:00:00,organic,mobile,electronics,seo,treatment,153.09,28.32,124.77,28.18,0,deal_seeker
O0000545,S0005611,C00423,2025-12-21T12:00:00,organic,desktop,electronics,seo,treatment,451.64,83.55,368.09,101.75,0,deal_seeker
O0000546,S0005637,C00426,2025-04-24T12:00:00,organic,mobile,beauty,seo,treatment,195.08,22.43,172.64,52.43,0,steady
O0000547,S0005639,C00426,2025-06-17T14:00:00,email,mobile,apparel,crm_lifecycle,treatment,281.87,32.42,249.46,79.31,0,steady
O0000548,S0005663,C00427,2025-06-25T20:00:00,email,mobile,sports,crm_lifecycle,treatment,386.67,44.47,342.2,111.77,0,steady
O0000549,S0005670,C00427,2025-10-16T19:00:00,organic,desktop,home,seo,treatment,241.51,27.77,213.74,69.81,0,steady
O0000550,S0005684,C00428,2025-11-15T11:00:00,email,mobile,sports,crm_lifecycle,treatment,351.34,29.86,321.48,127.02,0,champion
O0000551,S0005706,C00431,2025-09-25T09:00:00,social,mobile,beauty,summer_social,control,197.48,29.62,167.86,40.68,0,deal_seeker
O0000552,S0005718,C00432,2025-11-04T18:00:00,organic,mobile,food,seo,treatment,298.35,25.36,272.99,106.66,0,champion
O0000553,S0005730,C00433,2025-08-18T09:00:00,email,mobile,food,crm_lifecycle,control,293.01,14.65,278.36,108.91,0,champion
O0000554,S0005732,C00433,2025-09-17T13:00:00,direct,desktop,apparel,brand_direct,control,257.63,12.88,244.75,97.8,0,champion
O0000555,S0005734,C00433,2025-10-17T22:00:00,email,mobile,food,crm_lifecycle,control,485.13,24.26,460.88,185.57,0,champion
O0000556,S0005766,C00436,2025-12-25T20:00:00,affiliate,mobile,home,partner_cashback,control,238.55,23.86,214.7,67.14,0,steady
O0000557,S0005810,C00440,2025-04-24T19:00:00,social,mobile,food,summer_social,treatment,141.47,16.27,125.2,35.82,0,steady
O0000558,S0005831,C00441,2025-06-15T13:00:00,paid_search,tablet,apparel,always_on_search,control,111.54,16.73,94.81,22.5,0,deal_seeker
O0000559,S0005840,C00442,2025-01-27T20:00:00,direct,mobile,electronics,brand_direct,treatment,289.67,33.31,256.36,81.73,0,steady
O0000560,S0005850,C00442,2025-06-15T19:00:00,affiliate,desktop,food,partner_cashback,treatment,400.17,54.02,346.15,116.15,0,steady
O0000561,S0005866,C00444,2025-04-07T16:00:00,paid_search,mobile,apparel,always_on_search,control,239.55,19.16,220.39,69.14,0,steady
O0000562,S0005872,C00444,2025-06-01T17:00:00,email,mobile,food,crm_lifecycle,control,170.27,13.62,156.65,46.83,0,steady
O0000563,S0005882,C00444,2025-09-08T11:00:00,affiliate,tablet,food,partner_cashback,control,249.77,24.98,224.79,73.68,0,steady
O0000564,S0005940,C00448,2025-04-21T09:00:00,affiliate,mobile,apparel,partner_cashback,control,164.79,16.48,148.31,43.91,0,steady
O0000565,S0005947,C00448,2025-07-02T08:00:00,email,mobile,beauty,crm_lifecycle,control,154.36,12.35,142.01,41.7,0,steady
O0000566,S0005953,C00448,2025-10-18T14:00:00,social,tablet,electronics,summer_social,control,329.54,26.36,303.18,101.11,0,steady
O0000567,S0005970,C00450,2025-04-21T18:00:00,email,mobile,food,crm_lifecycle,treatment,476.57,88.17,388.41,104.64,0,deal_seeker
O0000568,S0005982,C00450,2025-09-25T15:00:00,paid_search,mobile,electronics,always_on_search,treatment,147.66,27.32,120.34,26.9,0,deal_seeker
O0000569,S0005994,C00452,2025-07-13T17:00:00,email,desktop,food,crm_lifecycle,control,434.65,21.73,412.92,168.42,0,champion
O0000570,S0005997,C00452,2025-08-10T21:00:00,social,tablet,apparel,summer_social,control,371.42,18.57,352.84,143.19,0,champion
O0000571,S0005999,C00452,2025-10-14T20:00:00,organic,desktop,food,seo,control,651.86,32.59,619.26,255.09,0,champion
O0000572,S0006045,C00454,2025-11-17T08:00:00,organic,desktop,electronics,seo,control,149.23,22.38,126.84,31.78,0,deal_seeker
O0000573,S0006057,C00455,2025-04-10T21:00:00,direct,mobile,food,brand_direct,treatment,217.7,25.04,192.67,59.43,0,steady
O0000574,S0006069,C00455,2025-12-02T19:00:00,affiliate,desktop,food,partner_cashback,treatment,214.76,28.99,185.76,60.02,0,steady
O0000575,S0006112,C00459,2025-09-23T22:00:00,paid_search,mobile,electronics,always_on_search,treatment,160.52,18.46,142.06,41.72,0,steady
O0000576,S0006123,C00460,2025-07-16T22:00:00,email,mobile,home,crm_lifecycle,treatment,386.7,32.87,353.83,140.61,1,champion
O0000577,S0006126,C00460,2025-08-22T19:00:00,direct,mobile,apparel,brand_direct,treatment,278.57,23.68,254.9,99.06,0,champion
O0000578,S0006132,C00460,2025-10-26T17:00:00,email,desktop,home,crm_lifecycle,treatment,218.9,18.61,200.3,79.12,0,champion
O0000579,S0006137,C00460,2025-12-07T09:00:00,paid_search,tablet,home,always_on_search,treatment,212.11,18.03,194.08,76.51,0,champion
O0000580,S0006138,C00460,2025-12-22T21:00:00,organic,desktop,home,seo,treatment,219.25,18.64,200.61,79.26,0,champion
O0000581,S0006146,C00461,2025-08-02T11:00:00,organic,mobile,home,seo,treatment,90.93,13.19,77.75,16.1,0,new_or_low
O0000582,S0006150,C00462,2025-11-03T15:00:00,social,mobile,sports,summer_social,control,185.89,27.88,158.0,37.82,0,deal_seeker
O0000583,S0006168,C00464,2025-07-08T16:00:00,affiliate,mobile,apparel,partner_cashback,treatment,352.0,47.52,304.48,98.57,0,steady
O0000584,S0006203,C00467,2025-03-08T18:00:00,organic,tablet,home,seo,treatment,179.27,20.62,158.65,50.53,0,steady
O0000585,S0006220,C00467,2025-10-23T22:00:00,social,tablet,home,summer_social,treatment,525.16,60.39,464.77,157.67,0,steady
O0000586,S0006222,C00468,2025-01-14T18:00:00,email,mobile,food,crm_lifecycle,control,176.05,26.41,149.64,35.4,0,deal_seeker
O0000587,S0006225,C00468,2025-02-15T11:00:00,email,mobile,sports,crm_lifecycle,control,328.55,49.28,279.27,72.99,0,deal_seeker
O0000588,S0006247,C00469,2025-10-21T20:00:00,paid_search,mobile,home,always_on_search,treatment,118.27,10.05,108.22,37.45,0,champion
O0000589,S0006262,C00470,2025-11-13T17:00:00,direct,desktop,electronics,brand_direct,control,151.02,12.08,138.94,43.63,0,steady
O0000590,S0006263,C00470,2025-12-24T17:00:00,email,mobile,electronics,crm_lifecycle,control,276.39,22.11,254.28,81.0,0,steady
O0000591,S0006310,C00473,2025-07-22T19:00:00,affiliate,mobile,apparel,partner_cashback,control,190.12,19.01,171.11,51.89,0,steady
O0000592,S0006327,C00475,2025-02-06T17:00:00,email,desktop,beauty,crm_lifecycle,treatment,406.65,46.76,359.88,120.96,0,steady
O0000593,S0006338,C00475,2025-07-08T12:00:00,paid_search,mobile,food,always_on_search,treatment,227.21,26.13,201.08,62.38,0,steady
O0000594,S0006339,C00475,2025-07-07T18:00:00,paid_search,mobile,apparel,always_on_search,treatment,491.34,56.5,434.83,144.19,0,steady
O0000595,S0006423,C00482,2025-11-25T15:00:00,email,mobile,electronics,crm_lifecycle,treatment,121.03,13.92,107.11,29.49,0,steady
O0000596,S0006432,C00484,2025-06-23T22:00:00,social,mobile,sports,summer_social,treatment,302.88,34.83,268.05,85.82,0,steady
O0000597,S0006437,C00484,2025-08-27T21:00:00,social,desktop,food,summer_social,treatment,157.03,18.06,138.97,43.64,0,steady
O0000598,S0006442,C00484,2025-09-27T11:00:00,paid_search,mobile,sports,always_on_search,treatment,264.8,30.45,234.35,74.02,0,steady
O0000599,S0006447,C00485,2025-10-02T15:00:00,organic,tablet,home,seo,control,251.12,12.56,238.56,95.2,0,champion
O0000600,S0006465,C00487,2025-02-26T21:00:00,paid_search,desktop,beauty,always_on_search,control,265.88,13.29,252.58,101.09,0,champion
O0000601,S0006466,C00487,2025-02-11T22:00:00,direct,desktop,beauty,brand_direct,control,227.74,11.39,216.35,85.87,0,champion
O0000602,S0006468,C00487,2025-02-23T13:00:00,email,mobile,beauty,crm_lifecycle,control,343.29,17.16,326.13,128.97,0,champion
O0000603,S0006477,C00487,2025-07-26T19:00:00,email,mobile,sports,crm_lifecycle,control,292.7,14.64,278.07,108.79,0,champion
O0000604,S0006486,C00487,2025-12-23T08:00:00,paid_search,desktop,food,always_on_search,control,343.58,17.18,326.4,132.09,0,champion
O0000605,S0006503,C00488,2025-11-16T13:00:00,social,mobile,sports,summer_social,treatment,221.92,25.52,196.4,60.74,0,steady
O0000606,S0006505,C00488,2025-12-20T08:00:00,social,mobile,food,summer_social,treatment,340.58,39.17,301.41,97.5,0,steady
O0000607,S0006512,C00490,2025-06-20T09:00:00,organic,mobile,electronics,seo,treatment,245.35,20.85,224.49,86.29,0,champion
O0000608,S0006513,C00490,2025-06-13T11:00:00,email,mobile,sports,crm_lifecycle,treatment,203.48,17.3,186.18,70.2,0,champion
O0000609,S0006516,C00490,2025-07-23T09:00:00,email,tablet,apparel,crm_lifecycle,treatment,583.76,49.62,534.14,219.34,0,champion
O0000610,S0006525,C00490,2025-09-07T09:00:00,email,desktop,electronics,crm_lifecycle,treatment,278.5,23.67,254.83,102.03,0,champion
O0000611,S0006530,C00490,2025-11-22T17:00:00,email,mobile,beauty,crm_lifecycle,treatment,341.71,29.05,312.67,123.32,0,champion
O0000612,S0006536,C00491,2025-05-16T14:00:00,paid_search,mobile,food,always_on_search,control,167.17,25.08,142.09,33.21,0,deal_seeker
O0000613,S0006561,C00493,2025-11-05T14:00:00,email,desktop,sports,crm_lifecycle,control,100.77,15.12,85.66,19.84,0,deal_seeker
O0000614,S0006572,C00494,2025-04-13T14:00:00,organic,desktop,sports,seo,control,249.25,37.39,211.86,56.44,0,deal_seeker
O0000615,S0006620,C00497,2025-12-16T22:00:00,organic,mobile,sports,seo,control,161.46,24.22,137.24,31.8,0,deal_seeker
O0000616,S0006631,C00498,2025-09-16T09:00:00,social,mobile,beauty,summer_social,treatment,143.64,16.52,127.13,36.49,0,steady
O0000617,S0006639,C00499,2025-11-12T20:00:00,direct,mobile,sports,brand_direct,treatment,437.63,37.2,400.44,160.18,0,champion
O0000618,S0006642,C00499,2025-12-21T17:00:00,paid_search,mobile,electronics,always_on_search,treatment,369.46,31.4,338.05,133.98,0,champion
O0000619,S0006644,C00500,2025-01-02T16:00:00,affiliate,desktop,electronics,partner_cashback,control,225.41,22.54,202.87,66.0,0,steady
O0000620,S0006647,C00500,2025-02-15T22:00:00,email,mobile,home,crm_lifecycle,control,200.17,16.01,184.15,56.45,0,steady
O0000621,S0006655,C00500,2025-05-07T21:00:00,organic,mobile,electronics,seo,control,373.7,29.9,343.8,112.33,0,steady
O0000622,S0006663,C00500,2025-12-21T12:00:00,organic,desktop,electronics,seo,control,418.12,33.45,384.67,129.64,0,steady
O0000623,S0006674,C00501,2025-05-10T14:00:00,organic,mobile,apparel,seo,treatment,104.07,15.09,88.98,19.58,0,new_or_low
O0000624,S0006691,C00502,2025-10-02T22:00:00,affiliate,mobile,apparel,partner_cashback,treatment,176.04,23.76,152.27,45.29,0,steady
O0000625,S0006707,C00504,2025-03-27T09:00:00,paid_search,tablet,sports,always_on_search,control,148.91,11.91,136.99,42.95,0,steady
O0000626,S0006717,C00504,2025-11-15T22:00:00,paid_search,mobile,sports,always_on_search,control,299.9,23.99,275.9,88.57,0,steady
O0000627,S0006721,C00505,2025-02-07T21:00:00,organic,mobile,home,seo,treatment,497.97,42.33,455.64,183.37,0,champion
O0000628,S0006732,C00505,2025-05-01T09:00:00,organic,mobile,electronics,seo,treatment,386.38,32.84,353.54,140.49,0,champion
O0000629,S0006735,C00505,2025-07-25T08:00:00,paid_search,mobile,electronics,always_on_search,treatment,364.03,30.94,333.08,131.9,0,champion
O0000630,S0006739,C00505,2025-08-01T14:00:00,social,mobile,sports,summer_social,treatment,460.05,39.1,420.95,168.8,0,champion
O0000631,S0006741,C00505,2025-09-19T15:00:00,organic,mobile,electronics,seo,treatment,292.3,24.85,267.45,104.33,0,champion
O0000632,S0006742,C00505,2025-09-19T14:00:00,email,mobile,beauty,crm_lifecycle,treatment,349.32,29.69,319.63,126.24,0,champion
O0000633,S0006743,C00505,2025-09-03T12:00:00,organic,mobile,electronics,seo,treatment,259.9,22.09,237.81,91.88,0,champion
O0000634,S0006763,C00507,2025-07-24T16:00:00,paid_search,mobile,food,always_on_search,treatment,231.58,26.63,204.95,63.73,0,steady
O0000635,S0006789,C00509,2025-10-09T17:00:00,email,mobile,home,crm_lifecycle,control,388.62,31.09,357.53,117.14,0,steady
O0000636,S0006803,C00511,2025-06-22T17:00:00,affiliate,mobile,electronics,partner_cashback,control,625.23,62.52,562.71,188.95,0,steady
O0000637,S0006809,C00511,2025-12-17T20:00:00,affiliate,mobile,sports,partner_cashback,control,262.23,26.22,236.0,74.6,0,steady
O0000638,S0006842,C00515,2025-08-14T11:00:00,email,desktop,apparel,crm_lifecycle,control,91.99,13.8,78.19,17.68,0,deal_seeker
O0000639,S0006844,C00515,2025-10-04T10:00:00,email,mobile,apparel,crm_lifecycle,control,136.28,20.44,115.83,25.59,1,deal_seeker
O0000640,S0006847,C00515,2025-12-09T10:00:00,email,mobile,home,crm_lifecycle,control,145.29,21.79,123.49,27.81,0,deal_seeker
O0000641,S0006856,C00517,2025-08-06T20:00:00,affiliate,mobile,food,partner_cashback,control,249.15,24.91,224.23,70.48,0,steady
O0000642,S0006866,C00518,2025-10-20T08:00:00,organic,desktop,food,seo,control,296.44,44.47,251.98,68.07,0,deal_seeker
O0000643,S0006887,C00520,2025-09-08T21:00:00,email,mobile,food,crm_lifecycle,treatment,280.47,23.84,256.63,99.78,0,champion
O0000644,S0006892,C00520,2025-10-20T19:00:00,organic,mobile,sports,seo,treatment,303.06,25.76,277.3,108.46,0,champion
O0000645,S0006893,C00520,2025-10-26T20:00:00,affiliate,mobile,sports,partner_cashback,treatment,300.07,31.51,268.56,104.8,0,champion
O0000646,S0006901,C00520,2025-12-18T22:00:00,social,mobile,apparel,summer_social,treatment,314.23,26.71,287.52,112.76,0,champion
O0000647,S0006905,C00521,2025-06-14T12:00:00,affiliate,desktop,beauty,partner_cashback,control,64.79,11.01,53.77,10.59,0,deal_seeker
O0000648,S0006909,C00521,2025-07-09T08:00:00,affiliate,mobile,sports,partner_cashback,control,139.21,23.67,115.54,25.51,0,deal_seeker
O0000649,S0006910,C00521,2025-07-07T17:00:00,paid_search,tablet,electronics,always_on_search,control,226.37,33.96,192.41,50.8,0,deal_seeker
O0000650,S0006911,C00521,2025-08-06T14:00:00,organic,mobile,food,seo,control,357.42,53.61,303.81,80.11,0,deal_seeker
O0000651,S0006912,C00521,2025-09-02T11:00:00,paid_search,mobile,electronics,always_on_search,control,252.95,37.94,215.0,54.35,0,deal_seeker
O0000652,S0006915,C00521,2025-12-05T11:00:00,organic,tablet,sports,seo,control,228.59,34.29,194.3,51.35,0,deal_seeker
O0000653,S0006940,C00525,2025-08-04T10:00:00,social,tablet,beauty,summer_social,treatment,318.26,36.6,281.66,93.58,0,steady
O0000654,S0006950,C00526,2025-06-11T20:00:00,email,mobile,beauty,crm_lifecycle,control,79.1,11.86,67.23,11.5,0,deal_seeker
O0000655,S0006960,C00526,2025-12-14T17:00:00,affiliate,desktop,sports,partner_cashback,control,98.44,16.73,81.7,18.69,0,deal_seeker
O0000656,S0006976,C00529,2025-10-08T22:00:00,paid_search,mobile,food,always_on_search,control,167.82,13.43,154.4,46.04,0,steady
O0000657,S0006990,C00531,2025-04-20T11:00:00,paid_search,mobile,food,always_on_search,treatment,203.09,37.57,165.52,40.0,0,deal_seeker
O0000658,S0006998,C00531,2025-08-21T21:00:00,organic,mobile,food,seo,treatment,187.14,34.62,152.52,36.23,0,deal_seeker
O0000659,S0007019,C00533,2025-11-17T21:00:00,paid_search,mobile,electronics,always_on_search,treatment,145.51,16.73,128.77,37.07,0,steady
O0000660,S0007037,C00535,2025-11-07T16:00:00,direct,mobile,food,brand_direct,control,198.11,29.72,168.39,40.83,0,deal_seeker
O0000661,S0007045,C00536,2025-05-16T13:00:00,paid_search,mobile,beauty,always_on_search,control,154.89,12.39,142.5,41.87,0,steady
O0000662,S0007062,C00537,2025-05-03T17:00:00,affiliate,mobile,home,partner_cashback,treatment,314.34,64.44,249.9,64.47,0,deal_seeker
O0000663,S0007069,C00537,2025-08-08T21:00:00,direct,tablet,home,brand_direct,treatment,357.14,66.07,291.07,79.41,0,deal_seeker
O0000664,S0007075,C00537,2025-11-12T10:00:00,paid_search,desktop,beauty,always_on_search,treatment,216.39,40.03,176.36,46.14,0,deal_seeker
O0000665,S0007080,C00538,2025-09-23T18:00:00,paid_search,mobile,electronics,always_on_search,treatment,338.44,28.77,309.67,122.06,0,champion
O0000666,S0007082,C00538,2025-09-07T22:00:00,paid_search,mobile,sports,always_on_search,treatment,325.96,27.71,298.26,117.27,0,champion
O0000667,S0007129,C00541,2025-11-26T22:00:00,email,mobile,apparel,crm_lifecycle,control,312.26,46.84,265.42,68.97,0,deal_seeker
O0000668,S0007147,C00543,2025-10-26T20:00:00,organic,mobile,food,seo,control,111.76,16.76,95.0,19.55,0,deal_seeker
O0000669,S0007157,C00544,2025-06-08T17:00:00,email,mobile,electronics,crm_lifecycle,control,536.16,26.81,509.35,205.93,0,champion
O0000670,S0007159,C00544,2025-06-18T11:00:00,paid_search,mobile,apparel,always_on_search,control,293.39,14.67,278.72,109.06,0,champion
O0000671,S0007161,C00544,2025-07-08T12:00:00,paid_search,mobile,sports,always_on_search,control,406.48,20.32,386.16,154.19,0,champion
O0000672,S0007171,C00544,2025-09-03T10:00:00,organic,desktop,food,seo,control,319.6,15.98,303.62,122.52,0,champion
O0000673,S0007179,C00544,2025-11-16T18:00:00,social,desktop,food,summer_social,control,395.26,19.76,375.5,152.71,0,champion
O0000674,S0007184,C00545,2025-04-27T19:00:00,direct,mobile,apparel,brand_direct,control,263.44,39.52,223.92,56.94,0,deal_seeker
O0000675,S0007216,C00546,2025-07-05T15:00:00,organic,mobile,food,seo,treatment,131.25,24.28,106.97,23.02,0,deal_seeker
O0000676,S0007220,C00547,2025-04-17T09:00:00,paid_search,mobile,home,always_on_search,control,310.96,24.88,286.08,92.13,1,steady
O0000677,S0007240,C00548,2025-12-12T12:00:00,affiliate,desktop,sports,partner_cashback,treatment,196.99,26.59,170.4,54.64,0,steady
O0000678,S0007264,C00550,2025-11-24T09:00:00,organic,mobile,apparel,seo,control,90.69,9.98,80.71,17.02,0,new_or_low
O0000679,S0007281,C00552,2025-07-07T15:00:00,email,mobile,food,crm_lifecycle,treatment,283.45,24.09,259.36,100.93,0,champion
O0000680,S0007283,C00552,2025-07-26T15:00:00,direct,desktop,food,brand_direct,treatment,225.08,19.13,205.95,81.5,0,champion
O0000681,S0007294,C00552,2025-09-12T18:00:00,organic,desktop,food,seo,treatment,327.31,27.82,299.49,120.78,1,champion
O0000682,S0007295,C00552,2025-09-21T18:00:00,paid_search,mobile,apparel,always_on_search,treatment,312.02,26.52,285.5,111.91,0,champion
O0000683,S0007303,C00553,2025-08-22T15:00:00,affiliate,tablet,sports,partner_cashback,control,200.7,20.07,180.63,58.22,0,steady
O0000684,S0007313,C00555,2025-07-14T10:00:00,organic,desktop,electronics,seo,control,164.99,24.75,140.24,35.67,1,deal_seeker
O0000685,S0007327,C00556,2025-06-25T15:00:00,organic,desktop,beauty,seo,treatment,107.48,15.58,91.89,23.49,0,new_or_low
O0000686,S0007333,C00557,2025-06-08T22:00:00,email,desktop,beauty,crm_lifecycle,control,314.4,47.16,267.24,72.5,0,deal_seeker
O0000687,S0007359,C00558,2025-04-13T11:00:00,social,mobile,sports,summer_social,treatment,334.92,38.52,296.4,95.74,0,steady
O0000688,S0007384,C00560,2025-09-11T11:00:00,direct,mobile,sports,brand_direct,control,497.6,39.81,457.79,152.23,0,steady
O0000689,S0007408,C00562,2025-06-21T22:00:00,paid_search,mobile,apparel,always_on_search,control,163.42,13.07,150.35,44.62,0,steady
O0000690,S0007431,C00564,2025-04-11T20:00:00,affiliate,mobile,sports,partner_cashback,treatment,215.04,44.08,170.96,41.58,0,deal_seeker
O0000691,S0007453,C00564,2025-12-25T14:00:00,paid_search,mobile,sports,always_on_search,treatment,106.13,19.63,86.49,17.08,0,deal_seeker
O0000692,S0007481,C00567,2025-12-10T13:00:00,paid_search,mobile,sports,always_on_search,control,144.39,15.88,128.51,31.84,0,new_or_low
O0000693,S0007489,C00569,2025-06-22T19:00:00,affiliate,desktop,apparel,partner_cashback,treatment,116.05,23.79,92.26,21.76,0,deal_seeker
O0000694,S0007494,C00569,2025-08-10T21:00:00,social,desktop,apparel,summer_social,treatment,504.65,93.36,411.29,114.27,0,deal_seeker
O0000695,S0007496,C00569,2025-10-20T17:00:00,email,desktop,apparel,crm_lifecycle,treatment,299.4,55.39,244.01,65.76,1,deal_seeker
O0000696,S0007511,C00571,2025-12-10T20:00:00,organic,desktop,sports,seo,treatment,489.06,90.48,398.59,110.59,0,deal_seeker
O0000697,S0007536,C00575,2025-07-19T22:00:00,paid_search,desktop,apparel,always_on_search,treatment,151.26,17.39,133.86,41.85,0,steady
O0000698,S0007538,C00575,2025-09-07T10:00:00,direct,mobile,sports,brand_direct,treatment,201.0,23.11,177.88,54.26,0,steady
O0000699,S0007541,C00575,2025-09-24T12:00:00,social,mobile,apparel,summer_social,treatment,195.22,22.45,172.77,52.47,0,steady
O0000700,S0007548,C00577,2025-09-22T18:00:00,organic,tablet,food,seo,treatment,89.46,16.55,72.91,16.14,0,deal_seeker
O0000701,S0007550,C00577,2025-10-06T08:00:00,organic,tablet,food,seo,treatment,124.56,23.04,101.52,24.44,0,deal_seeker
O0000702,S0007552,C00577,2025-11-05T14:00:00,direct,desktop,apparel,brand_direct,treatment,58.82,10.88,47.94,8.9,0,deal_seeker
O0000703,S0007566,C00578,2025-12-11T10:00:00,email,tablet,electronics,crm_lifecycle,control,276.9,13.84,263.05,105.48,0,champion
O0000704,S0007586,C00580,2025-09-17T15:00:00,paid_search,mobile,sports,always_on_search,treatment,165.82,30.68,135.14,31.19,0,deal_seeker
O0000705,S0007599,C00582,2025-08-05T08:00:00,organic,desktop,food,seo,treatment,327.2,27.81,299.39,120.74,0,champion
O0000706,S0007600,C00582,2025-09-24T09:00:00,social,mobile,food,summer_social,treatment,397.02,33.75,363.28,144.58,0,champion
O0000707,S0007603,C00582,2025-10-15T16:00:00,email,mobile,food,crm_lifecycle,treatment,368.96,31.36,337.59,133.79,0,champion
O0000708,S0007604,C00582,2025-10-15T18:00:00,social,desktop,food,summer_social,treatment,357.91,30.42,327.49,132.55,0,champion
O0000709,S0007607,C00582,2025-12-27T08:00:00,social,mobile,beauty,summer_social,treatment,240.26,20.42,219.84,84.33,0,champion
O0000710,S0007636,C00584,2025-08-12T20:00:00,paid_search,mobile,home,always_on_search,treatment,158.85,29.39,129.46,29.54,0,deal_seeker
O0000711,S0007647,C00585,2025-08-10T15:00:00,social,mobile,apparel,summer_social,control,599.19,47.93,551.25,184.94,0,steady
O0000712,S0007649,C00585,2025-09-12T15:00:00,organic,desktop,apparel,seo,control,104.39,8.35,96.04,28.61,0,steady
O0000713,S0007659,C00586,2025-07-08T20:00:00,organic,desktop,apparel,seo,treatment,175.46,32.46,143.0,36.47,0,deal_seeker
O0000714,S0007669,C00586,2025-12-21T15:00:00,paid_search,desktop,home,always_on_search,treatment,179.07,33.13,145.94,37.32,0,deal_seeker
O0000715,S0007675,C00587,2025-03-20T08:00:00,email,mobile,home,crm_lifecycle,treatment,346.68,29.47,317.21,125.23,0,champion
O0000716,S0007678,C00587,2025-04-15T15:00:00,email,mobile,home,crm_lifecycle,treatment,361.98,30.77,331.21,131.11,0,champion
O0000717,S0007679,C00587,2025-04-08T20:00:00,email,mobile,apparel,crm_lifecycle,treatment,308.4,26.21,282.19,110.52,0,champion
O0000718,S0007688,C00587,2025-07-12T19:00:00,paid_search,mobile,home,always_on_search,treatment,456.25,38.78,417.47,167.34,0,champion
O0000719,S0007700,C00587,2025-11-14T13:00:00,paid_search,desktop,home,always_on_search,treatment,423.85,36.03,387.83,157.89,0,champion
O0000720,S0007725,C00592,2025-10-10T16:00:00,organic,mobile,sports,seo,control,223.0,33.45,189.55,46.97,0,deal_seeker
O0000721,S0007775,C00596,2025-12-05T20:00:00,paid_search,desktop,electronics,always_on_search,control,318.96,25.52,293.45,97.71,0,steady
O0000722,S0007783,C00598,2025-06-24T19:00:00,email,tablet,food,crm_lifecycle,treatment,160.52,18.46,142.06,44.72,0,steady
O0000723,S0007790,C00598,2025-10-07T10:00:00,direct,mobile,electronics,brand_direct,treatment,313.44,36.05,277.39,89.09,0,steady
O0000724,S0007806,C00600,2025-06-05T08:00:00,paid_search,desktop,home,always_on_search,treatment,478.14,40.64,437.5,178.75,0,champion
O0000725,S0007810,C00600,2025-07-27T16:00:00,paid_search,desktop,home,always_on_search,treatment,269.68,22.92,246.76,98.64,0,champion
O0000726,S0007811,C00600,2025-07-24T10:00:00,affiliate,mobile,home,partner_cashback,treatment,360.2,37.82,322.38,127.4,0,champion
O0000727,S0007813,C00600,2025-08-01T22:00:00,organic,mobile,home,seo,treatment,264.81,22.51,242.3,93.77,0,champion
O0000728,S0007818,C00600,2025-10-24T13:00:00,paid_search,desktop,sports,always_on_search,treatment,399.06,33.92,365.14,148.36,0,champion
O0000729,S0007819,C00600,2025-10-10T19:00:00,paid_search,mobile,home,always_on_search,treatment,364.84,31.01,333.83,132.21,0,champion
O0000730,S0007825,C00601,2025-01-17T21:00:00,organic,desktop,apparel,seo,control,92.02,13.8,78.22,17.68,0,deal_seeker
O0000731,S0007832,C00601,2025-03-11T14:00:00,direct,mobile,apparel,brand_direct,control,306.87,46.03,260.84,67.64,0,deal_seeker
O0000732,S0007840,C00601,2025-10-26T09:00:00,social,mobile,beauty,summer_social,control,181.02,27.15,153.87,36.62,0,deal_seeker
O0000733,S0007843,C00601,2025-12-15T19:00:00,paid_search,desktop,food,always_on_search,control,217.7,32.66,185.05,48.66,0,deal_seeker
O0000734,S0007849,C00602,2025-02-07T22:00:00,email,desktop,food,crm_lifecycle,treatment,231.94,42.91,189.03,49.82,0,deal_seeker
O0000735,S0007858,C00602,2025-07-16T11:00:00,organic,mobile,food,seo,treatment,116.67,21.58,95.09,19.58,0,deal_seeker
O0000736,S0007872,C00603,2025-05-09T12:00:00,paid_search,mobile,home,always_on_search,treatment,490.2,56.37,433.82,143.84,0,steady
O0000737,S0007907,C00607,2025-12-27T20:00:00,paid_search,mobile,sports,always_on_search,treatment,128.44,18.62,109.82,26.04,0,new_or_low
O0000738,S0007927,C00609,2025-05-24T16:00:00,paid_search,mobile,sports,always_on_search,treatment,147.41,27.27,120.14,26.84,0,deal_seeker
O0000739,S0007936,C00609,2025-11-09T11:00:00,organic,desktop,sports,seo,treatment,211.71,39.17,172.54,45.04,0,deal_seeker
O0000740,S0007971,C00612,2025-10-20T21:00:00,paid_search,mobile,sports,always_on_search,treatment,246.03,20.91,225.12,86.55,0,champion
O0000741,S0007997,C00614,2025-11-01T12:00:00,organic,mobile,food,seo,treatment,313.6,58.02,255.58,66.12,0,deal_seeker
O0000742,S0008009,C00616,2025-04-07T10:00:00,direct,mobile,beauty,brand_direct,treatment,627.59,116.1,511.48,140.33,0,deal_seeker
O0000743,S0008020,C00616,2025-10-05T16:00:00,paid_search,mobile,beauty,always_on_search,treatment,107.02,19.8,87.22,17.29,0,deal_seeker
O0000744,S0008043,C00619,2025-03-08T10:00:00,organic,desktop,apparel,seo,control,115.88,9.27,106.61,32.31,0,steady
O0000745,S0008055,C00619,2025-11-11T19:00:00,affiliate,mobile,sports,partner_cashback,control,178.44,17.84,160.59,48.21,0,steady
O0000746,S0008064,C00620,2025-12-09T12:00:00,direct,desktop,food,brand_direct,control,292.52,14.63,277.89,111.71,0,champion
O0000747,S0008070,C00621,2025-05-01T19:00:00,social,desktop,food,summer_social,treatment,157.42,29.12,128.3,32.21,0,deal_seeker
O0000748,S0008077,C00621,2025-08-09T10:00:00,paid_search,mobile,food,always_on_search,treatment,162.87,30.13,132.74,30.5,0,deal_seeker
O0000749,S0008112,C00624,2025-07-22T22:00:00,direct,desktop,food,brand_direct,treatment,185.19,21.3,163.9,52.36,0,steady
O0000750,S0008140,C00626,2025-03-09T17:00:00,email,mobile,sports,crm_lifecycle,control,185.2,27.78,157.42,37.65,1,deal_seeker
O0000751,S0008144,C00626,2025-05-26T17:00:00,direct,desktop,electronics,brand_direct,control,82.57,12.39,70.19,15.35,0,deal_seeker
O0000752,S0008150,C00626,2025-08-08T10:00:00,social,desktop,beauty,summer_social,control,236.49,35.47,201.02,53.29,0,deal_seeker
O0000753,S0008160,C00628,2025-04-10T22:00:00,direct,mobile,apparel,brand_direct,treatment,106.94,19.78,87.16,17.27,0,deal_seeker
O0000754,S0008178,C00628,2025-12-06T21:00:00,affiliate,tablet,beauty,partner_cashback,treatment,143.03,29.32,113.71,27.97,0,deal_seeker
O0000755,S0008187,C00629,2025-07-18T22:00:00,social,desktop,beauty,summer_social,control,666.9,73.36,593.54,179.0,0,new_or_low
O0000756,S0008195,C00630,2025-08-04T15:00:00,direct,desktop,sports,brand_direct,control,192.64,15.41,177.23,57.03,0,steady
O0000757,S0008199,C00630,2025-09-06T08:00:00,email,mobile,beauty,crm_lifecycle,control,235.64,18.85,216.79,67.88,0,steady
O0000758,S0008202,C00630,2025-11-27T15:00:00,organic,desktop,apparel,seo,control,102.53,8.2,94.32,28.01,0,steady
O0000759,S0008222,C00631,2025-12-20T11:00:00,email,desktop,beauty,crm_lifecycle,treatment,198.55,22.83,175.71,56.5,0,steady
O0000760,S0008223,C00631,2025-12-27T12:00:00,email,mobile,food,crm_lifecycle,treatment,249.76,28.72,221.03,69.36,0,steady
O0000761,S0008247,C00634,2025-03-12T09:00:00,affiliate,mobile,home,partner_cashback,control,142.14,24.16,117.97,26.21,0,deal_seeker
O0000762,S0008296,C00637,2025-12-10T14:00:00,organic,mobile,beauty,seo,control,108.82,16.32,92.5,18.83,0,deal_seeker
O0000763,S0008300,C00638,2025-04-17T13:00:00,direct,mobile,beauty,brand_direct,control,305.14,45.77,259.37,67.22,0,deal_seeker
O0000764,S0008331,C00639,2025-09-01T19:00:00,organic,mobile,sports,seo,treatment,183.86,21.14,162.72,48.95,0,steady
O0000765,S0008339,C00640,2025-08-04T10:00:00,affiliate,mobile,sports,partner_cashback,treatment,654.57,88.37,566.21,190.17,0,steady
O0000766,S0008341,C00640,2025-08-16T08:00:00,email,tablet,sports,crm_lifecycle,treatment,345.29,39.71,305.58,101.95,0,steady
O0000767,S0008392,C00644,2025-10-05T11:00:00,social,mobile,apparel,summer_social,control,293.47,14.67,278.79,109.09,0,champion
O0000768,S0008398,C00644,2025-12-22T19:00:00,organic,mobile,sports,seo,control,636.3,31.82,604.49,245.89,0,champion
O0000769,S0008399,C00644,2025-12-20T21:00:00,email,mobile,beauty,crm_lifecycle,control,373.5,18.67,354.82,141.03,0,champion
O0000770,S0008402,C00646,2025-02-18T13:00:00,organic,mobile,food,seo,control,186.74,28.01,158.73,38.03,0,deal_seeker
O0000771,S0008405,C00646,2025-04-03T17:00:00,organic,mobile,food,seo,control,125.04,18.76,106.29,22.82,0,deal_seeker
O0000772,S0008416,C00646,2025-06-14T18:00:00,affiliate,mobile,food,partner_cashback,control,193.95,32.97,160.98,38.68,0,deal_seeker
O0000773,S0008417,C00646,2025-09-26T18:00:00,organic,mobile,home,seo,control,311.34,46.7,264.64,68.75,0,deal_seeker
O0000774,S0008439,C00648,2025-11-06T20:00:00,paid_search,mobile,apparel,always_on_search,treatment,162.77,18.72,144.05,42.42,0,steady
O0000775,S0008440,C00648,2025-12-18T09:00:00,paid_search,mobile,beauty,always_on_search,treatment,230.92,26.56,204.36,63.53,0,steady
O0000776,S0008457,C00650,2025-02-23T17:00:00,organic,tablet,beauty,seo,treatment,279.47,23.76,255.72,102.4,0,champion
O0000777,S0008460,C00650,2025-03-13T12:00:00,email,mobile,beauty,crm_lifecycle,treatment,276.66,23.52,253.14,98.32,0,champion
O0000778,S0008467,C00650,2025-07-05T20:00:00,paid_search,mobile,beauty,always_on_search,treatment,428.1,36.39,391.71,156.52,0,champion
O0000779,S0008492,C00652,2025-04-26T17:00:00,paid_search,mobile,food,always_on_search,control,143.27,15.76,127.51,31.53,0,new_or_low
O0000780,S0008503,C00653,2025-10-04T12:00:00,social,mobile,food,summer_social,treatment,139.75,16.07,123.68,35.29,0,steady
O0000781,S0008529,C00654,2025-11-19T15:00:00,organic,mobile,home,seo,control,101.95,8.16,93.79,24.83,1,steady
O0000782,S0008554,C00656,2025-04-01T12:00:00,email,desktop,beauty,crm_lifecycle,control,182.42,14.59,167.82,53.74,0,steady
O0000783,S0008561,C00656,2025-08-09T09:00:00,affiliate,mobile,food,partner_cashback,control,134.46,13.45,121.02,34.36,0,steady
O0000784,S0008563,C00656,2025-09-08T16:00:00,paid_search,mobile,apparel,always_on_search,control,169.92,13.59,156.33,46.71,0,steady
O0000785,S0008585,C00658,2025-05-01T21:00:00,social,desktop,beauty,summer_social,treatment,68.24,9.9,58.35,13.09,0,new_or_low
O0000786,S0008614,C00661,2025-02-07T15:00:00,social,mobile,electronics,summer_social,treatment,185.87,34.39,151.49,35.93,0,deal_seeker
O0000787,S0008631,C00661,2025-11-14T22:00:00,social,desktop,beauty,summer_social,treatment,231.78,42.88,188.9,49.78,0,deal_seeker
O0000788,S0008634,C00662,2025-03-02T12:00:00,paid_search,desktop,sports,always_on_search,treatment,197.4,36.52,160.88,41.66,0,deal_seeker
O0000789,S0008636,C00662,2025-05-15T13:00:00,social,mobile,sports,summer_social,treatment,238.53,44.13,194.4,48.38,0,deal_seeker
O0000790,S0008640,C00662,2025-08-16T17:00:00,paid_search,desktop,apparel,always_on_search,treatment,317.98,58.83,259.15,70.15,0,deal_seeker
O0000791,S0008648,C00662,2025-11-27T12:00:00,social,desktop,sports,summer_social,treatment,141.07,26.1,114.97,28.34,0,deal_seeker
O0000792,S0008687,C00670,2025-02-23T19:00:00,social,mobile,electronics,summer_social,control,304.24,24.34,279.9,89.96,0,steady
O0000793,S0008712,C00670,2025-12-26T14:00:00,organic,mobile,sports,seo,control,305.53,24.44,281.09,90.38,0,steady
O0000794,S0008725,C00672,2025-06-17T12:00:00,organic,mobile,food,seo,control,217.37,23.91,193.45,51.97,0,new_or_low
O0000795,S0008728,C00673,2025-02-08T21:00:00,organic,mobile,beauty,seo,treatment,111.7,20.67,91.04,18.4,0,deal_seeker
O0000796,S0008732,C00673,2025-03-07T17:00:00,organic,desktop,beauty,seo,treatment,202.81,37.52,165.29,42.93,0,deal_seeker
O0000797,S0008738,C00673,2025-05-15T14:00:00,social,mobile,beauty,summer_social,treatment,141.17,26.12,115.05,25.36,0,deal_seeker
O0000798,S0008756,C00674,2025-06-19T13:00:00,paid_search,desktop,sports,always_on_search,treatment,516.68,95.59,421.1,117.12,0,deal_seeker
O0000799,S0008780,C00675,2025-10-22T13:00:00,organic,desktop,home,seo,treatment,266.29,30.62,235.67,77.48,0,steady
O0000800,S0008784,C00676,2025-02-14T18:00:00,social,mobile,electronics,summer_social,treatment,242.99,20.65,222.34,85.38,0,champion
O0000801,S0008795,C00676,2025-05-26T21:00:00,social,mobile,electronics,summer_social,treatment,238.25,20.25,218.0,83.56,0,champion
O0000802,S0008796,C00676,2025-05-16T11:00:00,organic,mobile,food,seo,treatment,363.42,30.89,332.53,131.66,0,champion
O0000803,S0008800,C00676,2025-07-01T18:00:00,organic,mobile,electronics,seo,treatment,326.46,27.75,298.71,117.46,0,champion
O0000804,S0008808,C00676,2025-12-27T22:00:00,paid_search,mobile,electronics,always_on_search,treatment,347.48,29.54,317.95,125.54,0,champion
O0000805,S0008816,C00677,2025-10-27T14:00:00,social,mobile,sports,summer_social,treatment,186.39,21.44,164.96,49.73,0,steady
O0000806,S0008823,C00678,2025-06-24T13:00:00,paid_search,mobile,food,always_on_search,control,461.13,36.89,424.24,140.48,0,steady
O0000807,S0008827,C00678,2025-08-22T21:00:00,direct,desktop,home,brand_direct,control,167.12,13.37,153.75,48.81,0,steady
O0000808,S0008850,C00679,2025-03-11T17:00:00,paid_search,desktop,food,always_on_search,control,472.96,23.65,449.31,183.71,1,champion
O0000809,S0008851,C00679,2025-04-08T13:00:00,social,desktop,home,summer_social,control,231.66,11.58,220.08,87.43,1,champion
O0000810,S0008858,C00679,2025-05-17T20:00:00,direct,mobile,home,brand_direct,control,394.93,19.75,375.18,149.58,0,champion
O0000811,S0008862,C00679,2025-07-21T17:00:00,paid_search,mobile,beauty,always_on_search,control,372.2,18.61,353.59,140.51,0,champion
O0000812,S0008864,C00679,2025-07-26T13:00:00,affiliate,tablet,food,partner_cashback,control,307.61,21.53,286.08,115.15,0,champion
O0000813,S0008874,C00679,2025-11-26T14:00:00,paid_search,mobile,home,always_on_search,control,395.44,19.77,375.66,149.78,0,champion
O0000814,S0008876,C00679,2025-12-06T12:00:00,organic,mobile,food,seo,control,228.58,11.43,217.15,83.2,0,champion
O0000815,S0008884,C00680,2025-03-01T18:00:00,organic,mobile,home,seo,treatment,460.81,39.17,421.64,169.09,0,champion
O0000816,S0008885,C00680,2025-03-07T18:00:00,social,mobile,food,summer_social,treatment,376.22,31.98,344.24,136.58,0,champion
O0000817,S0008894,C00680,2025-04-17T19:00:00,organic,mobile,electronics,seo,treatment,339.92,28.89,311.03,122.63,0,champion
O0000818,S0008909,C00680,2025-11-09T16:00:00,organic,mobile,home,seo,treatment,297.38,25.28,272.1,106.28,0,champion
O0000819,S0008912,C00680,2025-12-18T19:00:00,email,mobile,food,crm_lifecycle,treatment,339.74,28.88,310.86,122.56,0,champion
O0000820,S0008914,C00680,2025-12-27T20:00:00,social,desktop,beauty,summer_social,treatment,478.47,40.67,437.8,178.88,0,champion
O0000821,S0008915,C00681,2025-03-07T10:00:00,social,tablet,beauty,summer_social,treatment,167.86,19.3,148.55,46.99,0,steady
O0000822,S0008917,C00681,2025-05-18T22:00:00,paid_search,tablet,home,always_on_search,treatment,155.02,17.83,137.19,43.02,0,steady
O0000823,S0008965,C00683,2025-10-25T21:00:00,affiliate,desktop,food,partner_cashback,treatment,275.66,56.51,219.15,58.55,0,deal_seeker
O0000824,S0008981,C00684,2025-09-10T13:00:00,email,mobile,home,crm_lifecycle,control,162.33,24.35,137.98,32.01,1,deal_seeker
O0000825,S0009005,C00685,2025-07-03T19:00:00,social,mobile,beauty,summer_social,treatment,449.96,83.24,366.72,98.35,0,deal_seeker
O0000826,S0009033,C00688,2025-05-19T19:00:00,paid_search,tablet,apparel,always_on_search,treatment,226.95,26.1,200.85,65.3,0,steady
O0000827,S0009035,C00688,2025-07-27T12:00:00,affiliate,mobile,apparel,partner_cashback,treatment,411.08,55.5,355.59,116.45,0,steady
O0000828,S0009058,C00689,2025-08-12T10:00:00,organic,desktop,sports,seo,control,123.49,18.52,104.96,25.44,0,deal_seeker
O0000829,S0009066,C00689,2025-12-03T11:00:00,email,mobile,sports,crm_lifecycle,control,264.52,39.68,224.84,57.2,0,deal_seeker
O0000830,S0009077,C00691,2025-06-06T15:00:00,direct,mobile,beauty,brand_direct,control,526.54,26.33,500.21,202.09,0,champion
O0000831,S0009078,C00691,2025-06-26T12:00:00,organic,desktop,food,seo,control,401.93,20.1,381.84,155.37,0,champion
O0000832,S0009093,C00691,2025-12-26T14:00:00,paid_search,desktop,apparel,always_on_search,control,516.23,25.81,490.42,200.97,0,champion
O0000833,S0009104,C00693,2025-01-10T17:00:00,social,mobile,sports,summer_social,treatment,360.72,66.73,293.99,77.26,0,deal_seeker
O0000834,S0009144,C00695,2025-07-05T17:00:00,social,desktop,sports,summer_social,treatment,226.58,41.92,184.66,48.55,0,deal_seeker
O0000835,S0009162,C00697,2025-08-10T09:00:00,paid_search,desktop,beauty,always_on_search,control,110.88,16.63,94.24,22.33,0,deal_seeker
O0000836,S0009167,C00697,2025-11-12T19:00:00,paid_search,mobile,sports,always_on_search,control,194.68,29.2,165.48,39.99,0,deal_seeker
O0000837,S0009170,C00697,2025-12-23T09:00:00,organic,tablet,sports,seo,control,322.93,48.44,274.49,74.6,0,deal_seeker
O0000838,S0009176,C00698,2025-06-23T21:00:00,affiliate,desktop,electronics,partner_cashback,control,90.6,15.4,75.19,16.81,0,deal_seeker
O0000839,S0009192,C00699,2025-04-12T21:00:00,paid_search,desktop,home,always_on_search,treatment,187.11,34.62,152.5,39.22,0,deal_seeker
O0000840,S0009202,C00699,2025-10-14T08:00:00,paid_search,mobile,beauty,always_on_search,treatment,348.63,64.5,284.13,74.4,0,deal_seeker
O0000841,S0009213,C00700,2025-09-22T15:00:00,direct,mobile,home,brand_direct,control,344.87,51.73,293.14,77.01,0,deal_seeker
O0000842,S0009218,C00700,2025-12-09T09:00:00,paid_search,mobile,food,always_on_search,control,594.55,89.18,505.36,138.56,0,deal_seeker
O0000843,S0009219,C00700,2025-12-16T17:00:00,direct,tablet,food,brand_direct,control,246.24,36.94,209.31,55.7,0,deal_seeker
O0000844,S0009231,C00701,2025-12-11T20:00:00,affiliate,tablet,sports,partner_cashback,control,202.35,20.24,182.12,58.74,0,steady
O0000845,S0009235,C00702,2025-03-07T12:00:00,email,mobile,food,crm_lifecycle,treatment,408.19,34.7,373.49,148.87,0,champion
O0000846,S0009237,C00702,2025-04-16T15:00:00,direct,mobile,food,brand_direct,treatment,319.12,27.13,292.0,114.64,0,champion
O0000847,S0009239,C00702,2025-05-03T09:00:00,email,mobile,food,crm_lifecycle,treatment,372.35,31.65,340.7,135.09,0,champion
O0000848,S0009246,C00702,2025-06-18T11:00:00,organic,mobile,home,seo,treatment,727.73,61.86,665.87,271.67,0,champion
O0000849,S0009248,C00702,2025-07-23T14:00:00,social,mobile,electronics,summer_social,treatment,349.05,29.67,319.38,126.14,0,champion
O0000850,S0009259,C00702,2025-11-18T16:00:00,direct,mobile,home,brand_direct,treatment,215.33,18.3,197.02,74.75,0,champion
O0000851,S0009260,C00702,2025-11-11T17:00:00,social,mobile,food,summer_social,treatment,228.31,19.41,208.91,79.74,0,champion
O0000852,S0009261,C00702,2025-11-25T19:00:00,paid_search,mobile,beauty,always_on_search,treatment,262.11,22.28,239.83,92.73,0,champion
O0000853,S0009277,C00704,2025-04-21T19:00:00,affiliate,desktop,food,partner_cashback,control,289.97,29.0,260.97,86.34,0,steady
O0000854,S0009291,C00705,2025-05-12T22:00:00,social,mobile,apparel,summer_social,treatment,240.81,27.69,213.12,66.59,0,steady
O0000855,S0009294,C00705,2025-06-10T12:00:00,email,mobile,apparel,crm_lifecycle,treatment,314.17,36.13,278.04,89.31,0,steady
O0000856,S0009310,C00706,2025-10-05T21:00:00,paid_search,mobile,electronics,always_on_search,treatment,348.16,40.04,308.13,99.84,0,steady
O0000857,S0009327,C00708,2025-11-23T10:00:00,social,mobile,electronics,summer_social,control,278.41,41.76,236.65,60.63,0,deal_seeker
O0000858,S0009337,C00709,2025-03-12T09:00:00,paid_search,desktop,sports,always_on_search,treatment,347.32,39.94,307.38,102.58,0,steady
O0000859,S0009356,C00711,2025-06-11T11:00:00,paid_search,desktop,apparel,always_on_search,treatment,170.89,14.53,156.37,60.67,0,champion
O0000860,S0009362,C00711,2025-07-14T15:00:00,organic,desktop,electronics,seo,treatment,387.31,32.92,354.39,143.84,1,champion
O0000861,S0009378,C00713,2025-06-13T18:00:00,organic,desktop,apparel,seo,treatment,398.31,33.86,364.45,148.07,0,champion
O0000862,S0009379,C00713,2025-06-05T15:00:00,email,desktop,electronics,crm_lifecycle,treatment,259.32,22.04,237.28,94.66,0,champion
O0000863,S0009383,C00713,2025-08-02T10:00:00,paid_search,mobile,electronics,always_on_search,treatment,379.9,32.29,347.61,137.99,0,champion
O0000864,S0009385,C00713,2025-09-17T08:00:00,email,desktop,sports,crm_lifecycle,treatment,361.53,30.73,330.8,133.94,0,champion
O0000865,S0009387,C00713,2025-09-13T16:00:00,organic,mobile,electronics,seo,treatment,332.1,28.23,303.88,119.63,0,champion
O0000866,S0009396,C00714,2025-11-27T16:00:00,paid_search,mobile,electronics,always_on_search,treatment,108.89,15.79,93.1,20.86,0,new_or_low
O0000867,S0009409,C00715,2025-06-18T11:00:00,organic,mobile,home,seo,control,295.02,14.75,280.27,109.71,0,champion
O0000868,S0009414,C00715,2025-07-10T10:00:00,social,mobile,electronics,summer_social,control,213.88,10.69,203.18,77.34,0,champion
O0000869,S0009417,C00715,2025-09-09T15:00:00,affiliate,mobile,apparel,partner_cashback,control,290.89,20.36,270.53,105.62,0,champion
O0000870,S0009422,C00715,2025-11-02T15:00:00,direct,desktop,apparel,brand_direct,control,319.75,15.99,303.77,122.58,0,champion
O0000871,S0009439,C00718,2025-07-15T09:00:00,email,mobile,beauty,crm_lifecycle,control,197.51,29.63,167.89,40.69,0,deal_seeker
O0000872,S0009469,C00720,2025-08-15T17:00:00,email,mobile,sports,crm_lifecycle,control,300.89,15.04,285.84,112.05,0,champion
O0000873,S0009472,C00720,2025-10-25T21:00:00,organic,mobile,beauty,seo,control,241.16,12.06,229.1,88.22,0,champion
O0000874,S0009477,C00720,2025-11-02T16:00:00,affiliate,mobile,electronics,partner_cashback,control,406.68,28.47,378.21,150.85,0,champion
O0000875,S0009478,C00720,2025-12-02T20:00:00,social,mobile,beauty,summer_social,control,477.61,23.88,453.73,182.57,0,champion
O0000876,S0009527,C00725,2025-05-08T09:00:00,affiliate,mobile,home,partner_cashback,treatment,240.73,49.35,191.38,47.5,0,deal_seeker
O0000877,S0009532,C00725,2025-07-14T12:00:00,organic,tablet,electronics,seo,treatment,179.15,33.14,146.01,37.34,1,deal_seeker
O0000878,S0009534,C00725,2025-07-12T15:00:00,email,mobile,food,crm_lifecycle,treatment,262.13,48.49,213.64,53.96,0,deal_seeker
O0000879,S0009541,C00725,2025-11-26T13:00:00,organic,mobile,sports,seo,treatment,184.54,34.14,150.4,35.62,0,deal_seeker
O0000880,S0009543,C00725,2025-11-23T09:00:00,social,mobile,electronics,summer_social,treatment,177.85,32.9,144.95,34.03,0,deal_seeker
O0000881,S0009554,C00726,2025-10-15T14:00:00,social,mobile,beauty,summer_social,treatment,141.82,20.56,121.26,29.59,0,new_or_low
O0000882,S0009560,C00728,2025-04-11T21:00:00,email,tablet,apparel,crm_lifecycle,treatment,429.79,79.51,350.28,96.58,0,deal_seeker
O0000883,S0009562,C00728,2025-04-01T16:00:00,social,mobile,electronics,summer_social,treatment,223.2,41.29,181.91,44.75,0,deal_seeker
O0000884,S0009569,C00728,2025-09-22T09:00:00,social,mobile,sports,summer_social,treatment,142.87,26.43,116.44,25.77,0,deal_seeker
O0000885,S0009580,C00730,2025-12-24T15:00:00,social,mobile,sports,summer_social,control,222.23,33.33,188.89,46.78,0,deal_seeker
O0000886,S0009597,C00732,2025-08-22T22:00:00,social,mobile,apparel,summer_social,control,211.69,31.75,179.94,44.18,0,deal_seeker
O0000887,S0009598,C00732,2025-09-21T19:00:00,paid_search,tablet,apparel,always_on_search,control,246.61,36.99,209.62,55.79,0,deal_seeker
O0000888,S0009618,C00734,2025-11-18T22:00:00,organic,mobile,home,seo,control,301.72,15.09,286.63,112.39,0,champion
O0000889,S0009621,C00734,2025-12-04T13:00:00,social,mobile,home,summer_social,control,137.7,6.89,130.82,46.94,0,champion
O0000890,S0009628,C00736,2025-02-22T13:00:00,social,mobile,food,summer_social,treatment,67.53,7.77,59.76,12.92,0,steady
O0000891,S0009635,C00736,2025-06-27T09:00:00,email,mobile,electronics,crm_lifecycle,treatment,166.31,19.13,147.18,43.51,0,steady
O0000892,S0009650,C00737,2025-06-14T12:00:00,affiliate,mobile,beauty,partner_cashback,treatment,197.5,26.66,170.84,51.79,0,steady
O0000893,S0009652,C00737,2025-07-24T19:00:00,email,mobile,electronics,crm_lifecycle,treatment,183.27,21.08,162.19,48.77,0,steady
O0000894,S0009672,C00738,2025-10-25T18:00:00,email,mobile,electronics,crm_lifecycle,treatment,273.89,50.67,223.22,56.73,1,deal_seeker
O0000895,S0009675,C00738,2025-12-07T16:00:00,paid_search,mobile,electronics,always_on_search,treatment,136.83,25.31,111.51,24.34,0,deal_seeker
O0000896,S0009684,C00739,2025-07-02T13:00:00,paid_search,mobile,apparel,always_on_search,treatment,146.45,21.23,125.21,30.82,0,new_or_low
O0000897,S0009720,C00743,2025-04-10T18:00:00,affiliate,desktop,electronics,partner_cashback,control,188.56,32.06,156.5,40.39,0,deal_seeker
O0000898,S0009721,C00743,2025-04-05T13:00:00,email,mobile,beauty,crm_lifecycle,control,322.46,48.37,274.09,71.49,0,deal_seeker
O0000899,S0009728,C00743,2025-07-14T19:00:00,affiliate,mobile,beauty,partner_cashback,control,178.69,30.38,148.32,35.01,0,deal_seeker
O0000900,S0009732,C00743,2025-08-24T19:00:00,paid_search,desktop,apparel,always_on_search,control,182.8,27.42,155.38,40.06,0,deal_seeker
O0000901,S0009742,C00744,2025-06-14T11:00:00,direct,mobile,food,brand_direct,control,622.1,31.11,591.0,240.22,0,champion
O0000902,S0009750,C00744,2025-09-14T22:00:00,organic,mobile,beauty,seo,control,174.52,8.73,165.8,61.64,0,champion
O0000903,S0009775,C00746,2025-08-26T22:00:00,social,desktop,beauty,summer_social,treatment,197.97,36.63,161.35,41.79,0,deal_seeker
O0000904,S0009779,C00746,2025-12-01T13:00:00,paid_search,tablet,sports,always_on_search,treatment,158.27,29.28,128.99,32.41,0,deal_seeker
O0000905,S0009784,C00748,2025-10-17T20:00:00,organic,mobile,sports,seo,control,235.64,11.78,223.86,86.02,0,champion
O0000906,S0009803,C00751,2025-07-10T12:00:00,email,mobile,beauty,crm_lifecycle,control,222.59,33.39,189.2,46.87,0,deal_seeker
O0000907,S0009831,C00752,2025-08-23T21:00:00,email,mobile,apparel,crm_lifecycle,control,122.81,9.83,112.99,31.55,0,steady
O0000908,S0009847,C00754,2025-03-23T20:00:00,direct,mobile,apparel,brand_direct,control,152.17,12.17,140.0,41.0,0,steady
O0000909,S0009870,C00755,2025-08-19T08:00:00,organic,mobile,apparel,seo,control,464.0,23.2,440.8,177.13,0,champion
O0000910,S0009875,C00755,2025-09-01T09:00:00,affiliate,mobile,apparel,partner_cashback,control,373.19,26.12,347.07,137.77,0,champion
O0000911,S0009876,C00755,2025-09-26T22:00:00,direct,mobile,apparel,brand_direct,control,856.41,42.82,813.59,333.71,0,champion
O0000912,S0009879,C00755,2025-11-03T15:00:00,affiliate,mobile,apparel,partner_cashback,control,269.47,18.86,250.6,97.25,0,champion
O0000913,S0009884,C00755,2025-12-21T18:00:00,affiliate,mobile,electronics,partner_cashback,control,485.83,34.01,451.82,181.76,0,champion
O0000914,S0009885,C00755,2025-12-11T09:00:00,direct,desktop,beauty,brand_direct,control,485.72,24.29,461.44,188.8,0,champion
O0000915,S0009889,C00756,2025-01-10T17:00:00,social,mobile,beauty,summer_social,control,291.3,14.57,276.74,108.23,0,champion
O0000916,S0009896,C00756,2025-03-24T16:00:00,paid_search,mobile,sports,always_on_search,control,538.27,26.91,511.36,206.77,0,champion
O0000917,S0009912,C00756,2025-09-14T14:00:00,paid_search,mobile,home,always_on_search,control,284.05,14.2,269.85,105.34,0,champion
O0000918,S0009915,C00756,2025-11-23T16:00:00,paid_search,desktop,beauty,always_on_search,control,503.74,25.19,478.55,195.99,0,champion
O0000919,S0009918,C00756,2025-12-06T14:00:00,affiliate,mobile,beauty,partner_cashback,control,205.61,14.39,191.22,72.31,0,champion
O0000920,S0009951,C00760,2025-05-24T15:00:00,social,mobile,food,summer_social,control,114.04,17.11,96.94,20.11,0,deal_seeker
O0000921,S0009984,C00763,2025-05-07T22:00:00,social,tablet,electronics,summer_social,treatment,98.71,18.26,80.45,18.33,0,deal_seeker
O0000922,S0010006,C00764,2025-08-04T15:00:00,email,mobile,beauty,crm_lifecycle,control,195.88,29.38,166.5,40.28,0,deal_seeker
O0000923,S0010019,C00765,2025-07-13T09:00:00,organic,desktop,apparel,seo,treatment,178.18,25.84,152.34,42.23,0,new_or_low
O0000924,S0010028,C00766,2025-07-07T16:00:00,paid_search,mobile,home,always_on_search,control,170.81,13.67,157.15,47.0,0,steady
O0000925,S0010049,C00768,2025-11-08T14:00:00,organic,desktop,apparel,seo,treatment,161.14,23.37,137.78,37.71,1,new_or_low
O0000926,S0010054,C00769,2025-07-11T08:00:00,email,mobile,beauty,crm_lifecycle,control,362.02,18.1,343.92,136.44,0,champion
O0000927,S0010084,C00772,2025-03-03T20:00:00,paid_search,mobile,sports,always_on_search,control,349.24,52.39,296.85,78.09,0,deal_seeker
O0000928,S0010088,C00772,2025-04-04T11:00:00,affiliate,mobile,sports,partner_cashback,control,329.62,56.04,273.58,71.34,0,deal_seeker
O0000929,S0010089,C00772,2025-04-10T21:00:00,email,desktop,sports,crm_lifecycle,control,145.57,21.84,123.73,30.88,0,deal_seeker
O0000930,S0010098,C00772,2025-07-14T19:00:00,paid_search,mobile,sports,always_on_search,control,124.04,18.61,105.44,22.58,0,deal_seeker
O0000931,S0010135,C00776,2025-09-17T15:00:00,social,mobile,apparel,summer_social,control,139.71,20.96,118.75,26.44,0,deal_seeker
O0000932,S0010139,C00776,2025-11-11T09:00:00,social,desktop,beauty,summer_social,control,285.0,42.75,242.25,65.25,0,deal_seeker
O0000933,S0010168,C00778,2025-07-18T11:00:00,organic,mobile,beauty,seo,treatment,201.08,37.2,163.88,39.52,0,deal_seeker
O0000934,S0010169,C00778,2025-07-11T20:00:00,affiliate,mobile,beauty,partner_cashback,treatment,481.83,98.78,383.05,103.09,0,deal_seeker
O0000935,S0010175,C00778,2025-11-07T22:00:00,direct,desktop,beauty,brand_direct,treatment,385.36,71.29,314.07,86.08,0,deal_seeker
O0000936,S0010183,C00778,2025-12-09T17:00:00,social,mobile,electronics,summer_social,treatment,139.96,25.89,114.07,25.08,0,deal_seeker
O0000937,S0010185,C00779,2025-06-10T17:00:00,paid_search,mobile,food,always_on_search,treatment,103.86,19.21,84.65,16.55,1,deal_seeker
O0000938,S0010214,C00781,2025-04-17T18:00:00,social,mobile,beauty,summer_social,treatment,133.98,24.79,109.2,23.67,1,deal_seeker
O0000939,S0010228,C00781,2025-10-24T08:00:00,direct,desktop,beauty,brand_direct,treatment,283.46,52.44,231.02,62.0,0,deal_seeker
O0000940,S0010229,C00781,2025-10-06T18:00:00,organic,mobile,apparel,seo,treatment,84.68,15.66,69.01,12.01,0,deal_seeker
O0000941,S0010240,C00782,2025-02-11T10:00:00,affiliate,mobile,beauty,partner_cashback,control,179.24,30.47,148.77,35.14,1,deal_seeker
O0000942,S0010241,C00782,2025-02-21T14:00:00,paid_search,desktop,apparel,always_on_search,control,145.19,21.78,123.41,30.79,0,deal_seeker
O0000943,S0010244,C00782,2025-03-11T14:00:00,affiliate,mobile,home,partner_cashback,control,144.62,24.59,120.04,26.81,0,deal_seeker
O0000944,S0010260,C00783,2025-03-14T12:00:00,paid_search,mobile,home,always_on_search,control,136.47,15.01,121.46,29.65,0,new_or_low
O0000945,S0010290,C00785,2025-12-24T10:00:00,paid_search,mobile,beauty,always_on_search,control,203.38,16.27,187.11,57.49,0,steady
O0000946,S0010297,C00786,2025-07-01T08:00:00,organic,tablet,beauty,seo,treatment,368.97,53.5,315.47,92.8,0,new_or_low
O0000947,S0010320,C00789,2025-08-01T21:00:00,direct,mobile,beauty,brand_direct,treatment,369.92,31.44,338.48,134.16,1,champion
O0000948,S0010340,C00790,2025-03-13T12:00:00,paid_search,desktop,apparel,always_on_search,control,168.48,13.48,155.0,49.25,0,steady
O0000949,S0010370,C00791,2025-10-02T10:00:00,social,mobile,apparel,summer_social,control,230.11,11.51,218.6,83.81,0,champion
O0000950,S0010371,C00791,2025-10-27T22:00:00,direct,mobile,sports,brand_direct,control,190.84,9.54,181.29,68.14,0,champion
O0000951,S0010377,C00792,2025-07-06T16:00:00,direct,desktop,beauty,brand_direct,control,241.18,19.29,221.88,72.66,0,steady
O0000952,S0010386,C00792,2025-11-21T11:00:00,direct,tablet,sports,brand_direct,control,238.79,19.1,219.69,71.89,0,steady
O0000953,S0010418,C00794,2025-10-27T16:00:00,email,mobile,apparel,crm_lifecycle,control,310.72,24.86,285.86,92.05,0,steady
O0000954,S0010428,C00796,2025-07-06T14:00:00,social,desktop,electronics,summer_social,control,155.95,23.39,132.56,33.44,0,deal_seeker
O0000955,S0010463,C00799,2025-09-08T12:00:00,email,mobile,sports,crm_lifecycle,treatment,265.9,30.58,235.32,74.36,0,steady
O0000956,S0010470,C00799,2025-12-23T22:00:00,social,mobile,apparel,summer_social,treatment,205.58,23.64,181.94,55.68,0,steady
O0000957,S0010474,C00800,2025-01-27T11:00:00,paid_search,desktop,food,always_on_search,treatment,238.56,27.43,211.13,68.89,0,steady
O0000958,S0010492,C00800,2025-09-24T10:00:00,direct,mobile,beauty,brand_direct,treatment,271.94,31.27,240.67,76.23,0,steady
O0000959,S0010500,C00801,2025-04-06T12:00:00,paid_search,desktop,beauty,always_on_search,control,752.08,112.81,639.27,180.39,0,deal_seeker
O0000960,S0010525,C00802,2025-10-14T11:00:00,direct,mobile,apparel,brand_direct,treatment,129.88,24.03,105.85,22.7,1,deal_seeker
O0000961,S0010547,C00804,2025-08-05T22:00:00,organic,mobile,beauty,seo,control,268.17,21.45,246.71,78.35,0,steady
O0000962,S0010561,C00806,2025-12-15T19:00:00,organic,mobile,apparel,seo,treatment,172.65,19.85,152.79,45.48,0,steady
O0000963,S0010563,C00807,2025-07-13T12:00:00,social,mobile,home,summer_social,control,586.54,87.98,498.56,136.58,0,deal_seeker
O0000964,S0010569,C00807,2025-09-01T19:00:00,organic,mobile,food,seo,control,129.56,19.43,110.13,23.94,0,deal_seeker
O0000965,S0010578,C00808,2025-04-02T21:00:00,email,tablet,sports,crm_lifecycle,treatment,209.81,30.42,179.39,50.61,0,new_or_low
O0000966,S0010600,C00811,2025-09-21T16:00:00,direct,mobile,electronics,brand_direct,treatment,152.38,17.52,134.86,39.2,0,steady
O0000967,S0010631,C00815,2025-04-07T17:00:00,affiliate,mobile,sports,partner_cashback,control,229.18,16.04,213.13,81.52,0,champion
O0000968,S0010632,C00815,2025-05-27T20:00:00,affiliate,mobile,electronics,partner_cashback,control,496.5,34.75,461.74,185.93,0,champion
O0000969,S0010647,C00815,2025-08-07T09:00:00,affiliate,mobile,electronics,partner_cashback,control,304.34,21.3,283.04,110.87,0,champion
O0000970,S0010648,C00815,2025-09-17T12:00:00,organic,mobile,electronics,seo,control,359.06,17.95,341.1,135.26,0,champion
O0000971,S0010649,C00815,2025-09-05T19:00:00,social,desktop,electronics,summer_social,control,331.38,16.57,314.81,127.22,0,champion
O0000972,S0010651,C00815,2025-10-19T11:00:00,email,mobile,home,crm_lifecycle,control,339.11,16.96,322.15,127.3,0,champion
O0000973,S0010654,C00815,2025-10-26T12:00:00,paid_search,mobile,electronics,always_on_search,control,447.21,22.36,424.85,170.43,0,champion
O0000974,S0010659,C00815,2025-12-06T10:00:00,email,mobile,electronics,crm_lifecycle,control,169.53,8.48,161.05,59.64,0,champion
O0000975,S0010670,C00816,2025-09-11T20:00:00,paid_search,mobile,apparel,always_on_search,treatment,251.34,28.9,222.43,69.85,0,steady
O0000976,S0010676,C00817,2025-01-21T11:00:00,direct,desktop,apparel,brand_direct,treatment,130.13,24.07,106.06,25.76,0,deal_seeker
O0000977,S0010687,C00817,2025-05-10T13:00:00,organic,desktop,sports,seo,treatment,167.58,31.0,136.57,34.61,0,deal_seeker
O0000978,S0010695,C00817,2025-08-12T09:00:00,organic,mobile,electronics,seo,treatment,353.21,65.34,287.87,75.48,0,deal_seeker
O0000979,S0010750,C00821,2025-11-22T21:00:00,email,mobile,apparel,crm_lifecycle,treatment,350.17,40.27,309.9,100.46,0,steady
O0000980,S0010773,C00823,2025-10-09T21:00:00,organic,mobile,food,seo,control,155.69,12.46,143.24,42.13,0,steady
O0000981,S0010783,C00824,2025-10-12T10:00:00,organic,mobile,home,seo,treatment,322.14,59.6,262.54,68.14,0,deal_seeker
O0000982,S0010792,C00825,2025-09-19T10:00:00,email,tablet,electronics,crm_lifecycle,control,516.52,25.83,490.69,201.09,0,champion
O0000983,S0010795,C00825,2025-10-14T20:00:00,email,desktop,electronics,crm_lifecycle,control,363.33,18.17,345.16,139.97,0,champion
O0000984,S0010796,C00825,2025-10-18T21:00:00,social,desktop,electronics,summer_social,control,276.44,13.82,262.62,105.3,0,champion
O0000985,S0010810,C00827,2025-07-12T14:00:00,paid_search,desktop,apparel,always_on_search,treatment,163.58,18.81,144.76,45.67,0,steady
O0000986,S0010818,C00827,2025-10-16T12:00:00,affiliate,mobile,electronics,partner_cashback,treatment,99.87,13.48,86.39,22.24,0,steady
O0000987,S0010844,C00830,2025-03-13T09:00:00,paid_search,mobile,home,always_on_search,treatment,226.68,26.07,200.61,62.21,0,steady
O0000988,S0010849,C00830,2025-07-15T20:00:00,organic,mobile,home,seo,treatment,272.08,31.29,240.79,76.28,0,steady
O0000989,S0010866,C00832,2025-02-20T21:00:00,paid_search,tablet,food,always_on_search,treatment,280.75,32.29,248.46,81.96,0,steady
O0000990,S0010884,C00833,2025-07-13T22:00:00,paid_search,mobile,electronics,always_on_search,treatment,270.65,31.12,239.52,75.83,0,steady
O0000991,S0010893,C00834,2025-04-25T08:00:00,social,tablet,food,summer_social,treatment,227.5,26.16,201.34,65.47,0,steady
O0000992,S0010917,C00835,2025-08-18T15:00:00,social,desktop,electronics,summer_social,treatment,268.97,22.86,246.11,98.36,0,champion
O0000993,S0010918,C00835,2025-08-09T20:00:00,paid_search,mobile,sports,always_on_search,treatment,318.7,27.09,291.61,114.48,0,champion
O0000994,S0010920,C00835,2025-08-09T12:00:00,paid_search,mobile,sports,always_on_search,treatment,269.09,22.87,246.21,95.41,0,champion
O0000995,S0010928,C00835,2025-10-26T10:00:00,paid_search,mobile,home,always_on_search,treatment,166.51,14.15,152.35,55.99,0,champion
O0000996,S0010929,C00835,2025-12-05T19:00:00,organic,desktop,sports,seo,treatment,247.59,21.04,226.54,90.15,0,champion
O0000997,S0010931,C00836,2025-07-03T22:00:00,paid_search,mobile,beauty,always_on_search,treatment,306.86,26.08,280.78,109.93,0,champion
O0000998,S0010934,C00836,2025-08-02T21:00:00,paid_search,desktop,sports,always_on_search,treatment,382.5,32.51,349.99,142.0,0,champion
O0000999,S0010940,C00836,2025-11-14T15:00:00,direct,desktop,home,brand_direct,treatment,231.38,19.67,211.71,83.92,0,champion
O0001000,S0010942,C00836,2025-12-20T14:00:00,organic,mobile,food,seo,treatment,464.22,39.46,424.76,170.4,0,champion
O0001001,S0010943,C00836,2025-12-22T10:00:00,email,desktop,home,crm_lifecycle,treatment,629.82,53.54,576.29,237.04,0,champion
O0001002,S0010950,C00838,2025-04-03T12:00:00,organic,mobile,sports,seo,control,532.14,26.61,505.53,204.32,0,champion
O0001003,S0010960,C00838,2025-09-14T21:00:00,paid_search,mobile,beauty,always_on_search,control,219.09,10.95,208.13,79.42,0,champion
O0001004,S0010963,C00838,2025-10-08T13:00:00,email,tablet,beauty,crm_lifecycle,control,337.04,16.85,320.18,129.48,0,champion
O0001005,S0010967,C00838,2025-12-04T12:00:00,paid_search,mobile,sports,always_on_search,control,379.54,18.98,360.56,143.43,0,champion
O0001006,S0010969,C00839,2025-02-03T19:00:00,social,desktop,food,summer_social,treatment,218.08,40.34,177.73,46.54,0,deal_seeker
O0001007,S0010977,C00839,2025-04-10T11:00:00,direct,desktop,beauty,brand_direct,treatment,168.73,31.21,137.51,34.88,0,deal_seeker
O0001008,S0010985,C00839,2025-11-03T14:00:00,social,mobile,beauty,summer_social,treatment,157.84,29.2,128.64,29.31,0,deal_seeker
O0001009,S0011018,C00841,2025-07-14T14:00:00,email,mobile,home,crm_lifecycle,treatment,280.73,51.94,228.8,58.35,1,deal_seeker
O0001010,S0011043,C00843,2025-08-07T10:00:00,paid_search,mobile,food,always_on_search,control,249.55,12.48,237.08,91.57,0,champion
O0001011,S0011058,C00844,2025-07-19T22:00:00,paid_search,mobile,beauty,always_on_search,treatment,251.88,28.97,222.92,70.02,0,steady
O0001012,S0011102,C00847,2025-10-19T09:00:00,paid_search,desktop,home,always_on_search,treatment,138.49,15.93,122.56,37.9,0,steady
O0001013,S0011107,C00847,2025-12-08T09:00:00,paid_search,mobile,food,always_on_search,treatment,308.73,35.5,273.23,87.63,0,steady
O0001014,S0011117,C00849,2025-05-06T11:00:00,affiliate,mobile,sports,partner_cashback,treatment,112.1,18.5,93.6,21.02,0,new_or_low
O0001015,S0011137,C00851,2025-06-25T12:00:00,organic,mobile,apparel,seo,control,171.85,25.78,146.07,34.36,0,deal_seeker
O0001016,S0011161,C00852,2025-11-15T10:00:00,organic,mobile,electronics,seo,treatment,190.46,27.62,162.85,42.48,0,new_or_low
O0001017,S0011175,C00854,2025-09-02T16:00:00,paid_search,mobile,electronics,always_on_search,treatment,298.09,34.28,263.81,84.33,0,steady
O0001018,S0011183,C00855,2025-07-23T17:00:00,email,mobile,food,crm_lifecycle,treatment,219.17,25.2,193.97,59.89,0,steady
O0001019,S0011187,C00855,2025-12-18T19:00:00,social,mobile,electronics,summer_social,treatment,81.2,9.34,71.86,17.15,0,steady
O0001020,S0011194,C00856,2025-12-03T11:00:00,social,mobile,beauty,summer_social,treatment,217.45,40.23,177.22,43.39,0,deal_seeker
O0001021,S0011203,C00857,2025-06-12T22:00:00,email,mobile,electronics,crm_lifecycle,control,258.94,28.48,230.46,63.44,0,new_or_low
O0001022,S0011268,C00861,2025-02-07T08:00:00,organic,mobile,home,seo,treatment,204.28,37.79,166.49,40.28,0,deal_seeker
O0001023,S0011287,C00861,2025-08-12T08:00:00,email,mobile,apparel,crm_lifecycle,treatment,214.6,39.7,174.9,42.72,0,deal_seeker
O0001024,S0011299,C00862,2025-05-21T12:00:00,social,mobile,apparel,summer_social,treatment,251.24,46.48,204.76,51.38,0,deal_seeker
O0001025,S0011304,C00862,2025-08-22T14:00:00,organic,mobile,home,seo,treatment,167.12,30.92,136.21,31.5,0,deal_seeker
O0001026,S0011314,C00863,2025-09-10T17:00:00,affiliate,mobile,home,partner_cashback,treatment,222.54,23.37,199.17,75.65,0,champion
O0001027,S0011316,C00863,2025-10-12T21:00:00,paid_search,tablet,sports,always_on_search,treatment,298.27,25.35,272.91,109.62,0,champion
O0001028,S0011317,C00863,2025-10-06T09:00:00,affiliate,mobile,sports,partner_cashback,treatment,276.49,29.03,247.46,95.93,0,champion
O0001029,S0011331,C00864,2025-09-22T22:00:00,email,mobile,food,crm_lifecycle,control,130.14,19.52,110.62,24.08,0,deal_seeker
O0001030,S0011354,C00865,2025-12-08T18:00:00,affiliate,mobile,beauty,partner_cashback,control,174.54,29.67,144.87,34.01,0,deal_seeker
O0001031,S0011356,C00866,2025-07-25T13:00:00,organic,mobile,apparel,seo,control,627.49,31.37,596.12,242.37,0,champion
O0001032,S0011357,C00866,2025-07-26T19:00:00,organic,tablet,sports,seo,control,291.29,14.56,276.73,111.23,0,champion
O0001033,S0011360,C00866,2025-09-25T18:00:00,paid_search,tablet,apparel,always_on_search,control,489.06,24.45,464.61,190.14,0,champion
O0001034,S0011362,C00866,2025-09-01T09:00:00,email,desktop,apparel,crm_lifecycle,control,395.24,19.76,375.48,152.7,0,champion
O0001035,S0011365,C00866,2025-11-19T16:00:00,organic,mobile,food,seo,control,409.71,20.49,389.22,155.47,0,champion
O0001036,S0011366,C00866,2025-11-20T11:00:00,social,mobile,apparel,summer_social,control,244.5,12.22,232.27,89.55,0,champion
O0001037,S0011403,C00868,2025-11-19T19:00:00,paid_search,mobile,electronics,always_on_search,treatment,314.87,36.21,278.66,89.53,0,steady
O0001038,S0011412,C00869,2025-06-18T08:00:00,organic,mobile,home,seo,control,217.44,10.87,206.57,78.76,0,champion
O0001039,S0011440,C00870,2025-06-17T18:00:00,organic,mobile,electronics,seo,treatment,212.89,39.38,173.5,42.32,0,deal_seeker
O0001040,S0011453,C00870,2025-10-11T09:00:00,paid_search,mobile,beauty,always_on_search,treatment,217.57,40.25,177.32,43.42,0,deal_seeker
O0001041,S0011464,C00872,2025-03-26T16:00:00,social,desktop,electronics,summer_social,treatment,139.03,25.72,113.31,27.86,0,deal_seeker
O0001042,S0011467,C00872,2025-04-20T16:00:00,paid_search,desktop,beauty,always_on_search,treatment,116.72,21.59,95.13,22.59,0,deal_seeker
O0001043,S0011469,C00872,2025-05-12T20:00:00,social,mobile,home,summer_social,treatment,230.8,42.7,188.1,46.55,1,deal_seeker
O0001044,S0011481,C00872,2025-09-16T15:00:00,affiliate,mobile,electronics,partner_cashback,treatment,118.7,24.33,94.36,19.37,0,deal_seeker
O0001045,S0011490,C00873,2025-06-08T08:00:00,affiliate,mobile,home,partner_cashback,control,391.78,66.6,325.18,86.3,1,deal_seeker
O0001046,S0011503,C00874,2025-03-05T20:00:00,social,mobile,sports,summer_social,control,264.19,13.21,250.98,97.41,0,champion
O0001047,S0011509,C00874,2025-04-10T19:00:00,organic,mobile,sports,seo,control,257.75,12.89,244.86,94.84,0,champion
O0001048,S0011510,C00874,2025-05-06T09:00:00,organic,desktop,apparel,seo,control,528.04,26.4,501.64,205.69,0,champion
O0001049,S0011518,C00874,2025-06-13T14:00:00,email,desktop,sports,crm_lifecycle,control,273.15,13.66,259.5,103.99,1,champion
O0001050,S0011519,C00874,2025-07-14T14:00:00,affiliate,mobile,sports,partner_cashback,control,727.23,50.91,676.32,276.06,0,champion
O0001051,S0011522,C00874,2025-07-14T15:00:00,social,mobile,electronics,summer_social,control,413.0,20.65,392.35,156.79,0,champion
O0001052,S0011525,C00874,2025-09-23T10:00:00,email,desktop,sports,crm_lifecycle,control,294.41,14.72,279.69,112.47,0,champion
O0001053,S0011555,C00877,2025-01-23T20:00:00,paid_search,mobile,sports,always_on_search,treatment,447.58,38.04,409.54,164.01,0,champion
O0001054,S0011558,C00877,2025-02-01T18:00:00,affiliate,mobile,food,partner_cashback,treatment,351.47,36.9,314.56,124.12,0,champion
O0001055,S0011561,C00877,2025-02-24T10:00:00,social,mobile,food,summer_social,treatment,186.31,15.84,170.47,63.6,0,champion
O0001056,S0011564,C00877,2025-04-07T17:00:00,social,desktop,sports,summer_social,treatment,592.2,50.34,541.86,222.58,0,champion
O0001057,S0011565,C00877,2025-04-05T14:00:00,paid_search,desktop,beauty,always_on_search,treatment,397.59,33.79,363.79,147.79,0,champion
O0001058,S0011566,C00877,2025-04-04T22:00:00,organic,desktop,sports,seo,treatment,448.17,38.09,410.08,167.23,0,champion
O0001059,S0011568,C00877,2025-05-16T08:00:00,social,mobile,apparel,summer_social,treatment,483.6,41.11,442.49,177.85,0,champion
O0001060,S0011570,C00877,2025-06-11T20:00:00,paid_search,mobile,food,always_on_search,treatment,193.18,16.42,176.76,66.24,0,champion
O0001061,S0011573,C00877,2025-06-19T20:00:00,social,mobile,sports,summer_social,treatment,165.59,14.08,151.52,55.64,0,champion
O0001062,S0011576,C00877,2025-07-24T16:00:00,organic,mobile,beauty,seo,treatment,433.18,36.82,396.36,158.47,0,champion
O0001063,S0011578,C00877,2025-08-18T18:00:00,email,desktop,sports,crm_lifecycle,treatment,365.46,31.06,334.4,135.45,0,champion
O0001064,S0011580,C00877,2025-09-17T16:00:00,organic,mobile,sports,seo,treatment,333.96,28.39,305.57,120.34,0,champion
O0001065,S0011587,C00877,2025-12-26T15:00:00,organic,mobile,beauty,seo,treatment,515.95,43.86,472.1,190.28,0,champion
O0001066,S0011588,C00877,2025-12-08T08:00:00,email,desktop,apparel,crm_lifecycle,treatment,243.6,20.71,222.89,88.61,0,champion
O0001067,S0011589,C00877,2025-12-12T14:00:00,organic,mobile,beauty,seo,treatment,564.87,48.01,516.85,209.08,0,champion
O0001068,S0011602,C00878,2025-12-16T14:00:00,organic,mobile,sports,seo,treatment,215.43,39.85,175.57,42.92,0,deal_seeker
O0001069,S0011624,C00880,2025-11-06T09:00:00,direct,mobile,beauty,brand_direct,control,324.12,25.93,298.19,96.37,1,steady
O0001070,S0011631,C00881,2025-05-23T16:00:00,affiliate,mobile,home,partner_cashback,treatment,283.96,38.34,245.63,77.97,0,steady
O0001071,S0011638,C00881,2025-11-02T12:00:00,affiliate,mobile,home,partner_cashback,treatment,178.42,24.09,154.34,46.02,1,steady
O0001072,S0011647,C00882,2025-07-20T16:00:00,affiliate,mobile,home,partner_cashback,treatment,224.25,45.97,178.28,43.7,0,deal_seeker
O0001073,S0011649,C00882,2025-07-12T10:00:00,social,desktop,home,summer_social,treatment,191.1,35.35,155.74,40.17,1,deal_seeker
O0001074,S0011667,C00884,2025-04-06T15:00:00,paid_search,mobile,home,always_on_search,treatment,71.64,10.39,61.25,10.99,0,new_or_low
O0001075,S0011689,C00886,2025-09-03T18:00:00,affiliate,desktop,sports,partner_cashback,control,219.5,21.95,197.55,64.14,0,steady
O0001076,S0011713,C00888,2025-04-09T20:00:00,email,desktop,electronics,crm_lifecycle,control,462.54,37.0,425.53,143.94,0,steady
O0001077,S0011727,C00889,2025-06-11T22:00:00,social,mobile,electronics,summer_social,treatment,277.06,51.26,225.8,57.48,0,deal_seeker
O0001078,S0011778,C00893,2025-08-04T21:00:00,direct,mobile,electronics,brand_direct,treatment,202.57,23.3,179.28,54.75,0,steady
O0001079,S0011781,C00893,2025-11-18T17:00:00,email,desktop,beauty,crm_lifecycle,treatment,183.4,21.09,162.31,51.81,0,steady
O0001080,S0011783,C00894,2025-08-17T22:00:00,paid_search,tablet,food,always_on_search,control,211.87,23.31,188.57,53.46,0,new_or_low
O0001081,S0011801,C00895,2025-07-06T18:00:00,paid_search,mobile,home,always_on_search,treatment,174.06,32.2,141.86,33.14,0,deal_seeker
O0001082,S0011810,C00895,2025-12-02T12:00:00,affiliate,tablet,home,partner_cashback,treatment,196.38,40.26,156.12,40.28,0,deal_seeker
O0001083,S0011822,C00898,2025-07-02T10:00:00,social,mobile,beauty,summer_social,control,231.34,34.7,196.64,49.03,0,deal_seeker
O0001084,S0011823,C00898,2025-08-04T14:00:00,social,mobile,beauty,summer_social,control,85.61,12.84,72.77,13.1,0,deal_seeker
O0001085,S0011851,C00899,2025-10-18T14:00:00,social,mobile,apparel,summer_social,control,128.19,19.23,108.96,23.6,0,deal_seeker
O0001086,S0011865,C00901,2025-04-11T13:00:00,paid_search,mobile,apparel,always_on_search,control,187.0,28.05,158.95,38.09,0,deal_seeker
O0001087,S0011874,C00901,2025-07-16T16:00:00,direct,mobile,home,brand_direct,control,105.57,15.84,89.73,18.02,1,deal_seeker
O0001088,S0011878,C00901,2025-08-05T16:00:00,paid_search,mobile,apparel,always_on_search,control,106.33,15.95,90.38,18.21,0,deal_seeker
O0001089,S0011882,C00901,2025-12-24T16:00:00,direct,mobile,apparel,brand_direct,control,103.61,15.54,88.06,17.54,1,deal_seeker
O0001090,S0011907,C00904,2025-06-04T18:00:00,organic,desktop,sports,seo,treatment,403.06,46.35,356.71,119.85,1,steady
O0001091,S0011917,C00905,2025-02-20T14:00:00,paid_search,mobile,food,always_on_search,control,345.47,17.27,328.2,129.84,0,champion
O0001092,S0011918,C00905,2025-02-01T08:00:00,social,tablet,food,summer_social,control,808.17,40.41,767.76,317.46,0,champion
O0001093,S0011921,C00905,2025-03-02T18:00:00,email,mobile,food,crm_lifecycle,control,319.07,15.95,303.12,119.31,0,champion
O0001094,S0011928,C00905,2025-05-11T11:00:00,direct,mobile,food,brand_direct,control,324.57,16.23,308.34,121.5,0,champion
O0001095,S0011930,C00905,2025-05-17T13:00:00,email,mobile,food,crm_lifecycle,control,213.63,10.68,202.95,77.24,1,champion
O0001096,S0011933,C00905,2025-06-23T21:00:00,organic,mobile,apparel,seo,control,435.31,21.77,413.54,165.69,0,champion
O0001097,S0011934,C00905,2025-06-17T20:00:00,paid_search,mobile,home,always_on_search,control,255.12,12.76,242.36,93.79,0,champion
O0001098,S0011942,C00905,2025-08-18T21:00:00,direct,mobile,food,brand_direct,control,422.22,21.11,401.11,160.47,0,champion
O0001099,S0011944,C00905,2025-09-18T17:00:00,affiliate,mobile,apparel,partner_cashback,control,285.04,19.95,265.09,103.34,0,champion
O0001100,S0011946,C00905,2025-11-13T21:00:00,email,desktop,sports,crm_lifecycle,control,206.62,10.33,196.29,77.44,0,champion
O0001101,S0011961,C00907,2025-02-07T11:00:00,email,mobile,food,crm_lifecycle,control,258.92,12.95,245.97,95.31,0,champion
O0001102,S0011962,C00907,2025-02-14T11:00:00,organic,mobile,food,seo,control,452.9,22.65,430.26,172.71,0,champion
O0001103,S0011968,C00907,2025-03-18T09:00:00,email,mobile,apparel,crm_lifecycle,control,178.62,8.93,169.69,63.27,0,champion
O0001104,S0011969,C00907,2025-03-25T12:00:00,social,mobile,apparel,summer_social,control,341.39,17.07,324.32,128.22,0,champion
O0001105,S0011975,C00907,2025-05-22T15:00:00,paid_search,mobile,apparel,always_on_search,control,364.68,18.23,346.45,137.51,0,champion
O0001106,S0011976,C00907,2025-05-23T08:00:00,organic,desktop,apparel,seo,control,559.13,27.96,531.17,218.09,0,champion
O0001107,S0011977,C00907,2025-05-23T09:00:00,organic,desktop,electronics,seo,control,305.06,15.25,289.8,116.72,0,champion
O0001108,S0011978,C00907,2025-06-17T19:00:00,email,mobile,apparel,crm_lifecycle,control,404.1,20.2,383.89,153.23,0,champion
O0001109,S0011982,C00907,2025-07-24T18:00:00,email,desktop,apparel,crm_lifecycle,control,492.58,24.63,467.95,191.54,0,champion
O0001110,S0011985,C00907,2025-08-02T16:00:00,social,mobile,apparel,summer_social,control,402.18,20.11,382.07,152.47,0,champion
O0001111,S0011987,C00907,2025-08-01T20:00:00,email,mobile,apparel,crm_lifecycle,control,283.33,14.17,269.17,105.05,0,champion
O0001112,S0012000,C00908,2025-11-13T19:00:00,paid_search,desktop,beauty,always_on_search,treatment,171.4,24.85,146.55,40.43,0,new_or_low
O0001113,S0012004,C00909,2025-07-27T14:00:00,social,mobile,apparel,summer_social,treatment,259.94,29.89,230.05,72.52,0,steady
O0001114,S0012010,C00909,2025-10-12T11:00:00,direct,mobile,beauty,brand_direct,treatment,186.96,21.5,165.46,49.91,0,steady
O0001115,S0012022,C00911,2025-03-05T09:00:00,social,desktop,beauty,summer_social,control,272.67,13.63,259.04,103.8,0,champion
O0001116,S0012025,C00911,2025-04-22T09:00:00,paid_search,mobile,beauty,always_on_search,control,316.32,15.82,300.5,118.21,0,champion
O0001117,S0012030,C00911,2025-06-20T15:00:00,organic,mobile,beauty,seo,control,335.75,16.79,318.96,125.96,0,champion
O0001118,S0012036,C00911,2025-08-12T20:00:00,organic,tablet,electronics,seo,control,316.94,15.85,301.09,121.46,0,champion
O0001119,S0012040,C00911,2025-09-10T10:00:00,organic,mobile,beauty,seo,control,565.29,28.26,537.03,217.55,0,champion
O0001120,S0012043,C00911,2025-10-14T10:00:00,paid_search,desktop,beauty,always_on_search,control,378.92,18.95,359.97,146.19,0,champion
O0001121,S0012044,C00911,2025-11-08T15:00:00,social,desktop,beauty,summer_social,control,225.43,11.27,214.16,84.95,0,champion
O0001122,S0012102,C00916,2025-07-13T20:00:00,paid_search,mobile,electronics,always_on_search,treatment,215.42,24.77,190.65,58.73,0,steady
O0001123,S0012109,C00916,2025-12-19T13:00:00,organic,mobile,home,seo,treatment,250.64,28.82,221.81,69.63,0,steady
O0001124,S0012115,C00917,2025-11-11T18:00:00,direct,tablet,home,brand_direct,control,375.92,30.07,345.84,116.05,0,steady
O0001125,S0012159,C00923,2025-03-21T08:00:00,paid_search,mobile,food,always_on_search,treatment,55.98,8.12,47.86,6.84,0,new_or_low
O0001126,S0012210,C00927,2025-03-18T19:00:00,paid_search,mobile,food,always_on_search,treatment,553.35,47.03,506.32,204.65,0,champion
O0001127,S0012218,C00927,2025-05-16T15:00:00,direct,mobile,home,brand_direct,treatment,661.91,56.26,605.65,246.37,0,champion
O0001128,S0012223,C00927,2025-07-25T13:00:00,organic,mobile,food,seo,treatment,442.04,37.57,404.47,161.88,0,champion
O0001129,S0012238,C00930,2025-08-02T17:00:00,organic,mobile,sports,seo,control,194.52,15.56,178.96,54.63,0,steady
O0001130,S0012239,C00930,2025-09-19T16:00:00,affiliate,desktop,electronics,partner_cashback,control,202.53,20.25,182.27,58.8,0,steady
O0001131,S0012244,C00931,2025-07-12T14:00:00,organic,mobile,electronics,seo,treatment,316.76,36.43,280.33,90.12,0,steady
O0001132,S0012255,C00932,2025-10-08T11:00:00,email,mobile,electronics,crm_lifecycle,treatment,300.88,55.66,245.22,63.11,1,deal_seeker
O0001133,S0012259,C00933,2025-12-12T19:00:00,paid_search,desktop,food,always_on_search,treatment,272.15,31.3,240.85,79.3,0,steady
O0001134,S0012261,C00934,2025-09-13T10:00:00,paid_search,mobile,sports,always_on_search,treatment,107.27,15.55,91.71,20.43,0,new_or_low
O0001135,S0012267,C00935,2025-07-11T18:00:00,organic,mobile,beauty,seo,control,272.0,21.76,250.24,79.58,0,steady
O0001136,S0012270,C00935,2025-07-04T19:00:00,organic,desktop,electronics,seo,control,184.69,14.78,169.92,54.47,0,steady
O0001137,S0012273,C00935,2025-10-12T14:00:00,organic,mobile,apparel,seo,control,205.25,16.42,188.83,58.09,0,steady
O0001138,S0012281,C00936,2025-09-04T13:00:00,social,desktop,sports,summer_social,control,350.19,52.53,297.66,81.32,0,deal_seeker
O0001139,S0012290,C00937,2025-02-12T10:00:00,social,desktop,beauty,summer_social,control,181.74,14.54,167.2,53.52,0,steady
O0001140,S0012305,C00937,2025-12-20T08:00:00,paid_search,desktop,beauty,always_on_search,control,167.88,13.43,154.45,49.06,0,steady
O0001141,S0012308,C00938,2025-08-26T20:00:00,paid_search,desktop,apparel,always_on_search,control,133.54,20.03,113.51,27.92,0,deal_seeker
O0001142,S0012310,C00938,2025-09-26T17:00:00,paid_search,mobile,electronics,always_on_search,control,209.26,31.39,177.88,43.58,0,deal_seeker
O0001143,S0012328,C00939,2025-12-02T15:00:00,paid_search,mobile,apparel,always_on_search,control,172.26,13.78,158.48,47.47,0,steady
O0001144,S0012340,C00941,2025-07-07T15:00:00,email,mobile,home,crm_lifecycle,control,205.06,30.76,174.3,42.55,0,deal_seeker
O0001145,S0012344,C00941,2025-08-06T14:00:00,paid_search,mobile,home,always_on_search,control,278.38,41.76,236.63,60.62,0,deal_seeker
O0001146,S0012351,C00941,2025-11-23T08:00:00,email,mobile,home,crm_lifecycle,control,247.85,37.18,210.68,53.1,0,deal_seeker
O0001147,S0012374,C00943,2025-09-05T09:00:00,email,desktop,electronics,crm_lifecycle,treatment,185.13,34.25,150.88,38.76,0,deal_seeker
O0001148,S0012394,C00944,2025-06-10T20:00:00,paid_search,mobile,beauty,always_on_search,treatment,223.41,18.99,204.42,77.86,0,champion
O0001149,S0012401,C00944,2025-08-26T21:00:00,organic,mobile,home,seo,treatment,395.28,33.6,361.68,143.91,0,champion
O0001150,S0012405,C00944,2025-09-10T21:00:00,email,mobile,beauty,crm_lifecycle,treatment,441.24,37.51,403.73,161.57,0,champion
O0001151,S0012408,C00944,2025-10-13T22:00:00,organic,mobile,sports,seo,treatment,177.84,15.12,162.72,60.34,0,champion
O0001152,S0012420,C00945,2025-12-11T08:00:00,social,mobile,beauty,summer_social,control,240.74,12.04,228.71,88.06,0,champion
O0001153,S0012432,C00946,2025-12-06T15:00:00,paid_search,desktop,food,always_on_search,treatment,96.82,11.13,85.68,24.99,0,steady
O0001154,S0012433,C00946,2025-12-11T09:00:00,paid_search,tablet,food,always_on_search,treatment,235.61,27.09,208.51,67.98,0,steady
O0001155,S0012469,C00950,2025-09-20T10:00:00,organic,desktop,sports,seo,control,202.97,16.24,186.74,60.36,1,steady
O0001156,S0012475,C00950,2025-12-15T15:00:00,social,mobile,home,summer_social,control,239.86,19.19,220.67,69.23,0,steady
O0001157,S0012492,C00951,2025-10-27T15:00:00,email,tablet,sports,crm_lifecycle,control,331.6,26.53,305.08,101.78,0,steady
O0001158,S0012514,C00952,2025-10-03T16:00:00,email,mobile,food,crm_lifecycle,control,320.19,25.61,294.57,95.1,0,steady
O0001159,S0012528,C00954,2025-10-24T09:00:00,social,desktop,beauty,summer_social,control,81.43,12.22,69.22,15.07,0,deal_seeker
O0001160,S0012544,C00957,2025-01-24T13:00:00,paid_search,mobile,beauty,always_on_search,control,177.24,26.59,150.65,35.69,0,deal_seeker
O0001161,S0012551,C00957,2025-03-02T16:00:00,social,desktop,sports,summer_social,control,96.4,14.46,81.94,18.76,0,deal_seeker
O0001162,S0012553,C00957,2025-03-07T13:00:00,direct,desktop,sports,brand_direct,control,325.25,48.79,276.46,75.17,0,deal_seeker
O0001163,S0012559,C00957,2025-05-02T12:00:00,direct,mobile,food,brand_direct,control,295.92,44.39,251.53,64.94,0,deal_seeker
O0001164,S0012565,C00957,2025-07-20T13:00:00,email,mobile,beauty,crm_lifecycle,control,107.93,16.19,91.74,18.61,0,deal_seeker
O0001165,S0012600,C00960,2025-07-13T12:00:00,organic,mobile,beauty,seo,treatment,161.12,18.53,142.59,41.91,0,steady
O0001166,S0012631,C00961,2025-11-06T09:00:00,direct,desktop,apparel,brand_direct,treatment,92.76,17.16,75.6,16.92,0,deal_seeker
O0001167,S0012633,C00961,2025-12-17T16:00:00,social,mobile,home,summer_social,treatment,271.61,50.25,221.36,56.2,0,deal_seeker
O0001168,S0012681,C00963,2025-11-22T17:00:00,social,desktop,beauty,summer_social,treatment,277.82,23.61,254.21,101.77,0,champion
O0001169,S0012682,C00963,2025-11-07T12:00:00,paid_search,desktop,electronics,always_on_search,treatment,474.35,40.32,434.03,177.29,0,champion
O0001170,S0012688,C00964,2025-11-14T22:00:00,affiliate,mobile,apparel,partner_cashback,control,347.18,24.3,322.88,127.61,0,champion
O0001171,S0012720,C00967,2025-07-06T10:00:00,social,desktop,electronics,summer_social,treatment,244.84,28.16,216.69,70.84,0,steady
O0001172,S0012726,C00967,2025-09-11T22:00:00,affiliate,desktop,sports,partner_cashback,treatment,276.17,37.28,238.89,78.61,0,steady
O0001173,S0012729,C00967,2025-11-04T12:00:00,organic,tablet,home,seo,treatment,238.44,27.42,211.02,68.86,0,steady
O0001174,S0012732,C00967,2025-12-01T17:00:00,organic,tablet,electronics,seo,treatment,332.31,38.22,294.09,97.93,0,steady
O0001175,S0012747,C00969,2025-04-19T17:00:00,affiliate,desktop,food,partner_cashback,control,167.1,21.72,145.37,40.07,0,new_or_low
O0001176,S0012771,C00971,2025-03-06T14:00:00,affiliate,mobile,home,partner_cashback,treatment,173.22,23.38,149.83,44.44,0,steady
O0001177,S0012790,C00974,2025-09-02T16:00:00,paid_search,mobile,food,always_on_search,treatment,434.68,36.95,397.73,159.05,0,champion
O0001178,S0012798,C00974,2025-11-18T12:00:00,affiliate,mobile,electronics,partner_cashback,treatment,561.87,59.0,502.87,203.21,0,champion
O0001179,S0012810,C00976,2025-05-10T20:00:00,organic,mobile,apparel,seo,control,265.42,21.23,244.18,77.46,0,steady
O0001180,S0012816,C00976,2025-06-14T08:00:00,social,desktop,apparel,summer_social,control,286.86,22.95,263.91,87.37,0,steady
O0001181,S0012837,C00978,2025-12-22T16:00:00,paid_search,desktop,food,always_on_search,control,442.96,35.44,407.53,137.63,0,steady
O0001182,S0012849,C00979,2025-06-25T13:00:00,paid_search,desktop,apparel,always_on_search,treatment,146.82,16.88,129.94,40.48,0,steady
O0001183,S0012874,C00980,2025-08-20T22:00:00,paid_search,mobile,electronics,always_on_search,control,224.28,33.64,190.64,47.29,0,deal_seeker
O0001184,S0012881,C00980,2025-10-27T14:00:00,email,desktop,sports,crm_lifecycle,control,361.91,54.29,307.63,84.21,0,deal_seeker
O0001185,S0012902,C00982,2025-04-22T10:00:00,direct,tablet,home,brand_direct,treatment,56.16,10.39,45.77,8.27,0,deal_seeker
O0001186,S0012907,C00982,2025-05-22T16:00:00,social,tablet,sports,summer_social,treatment,194.47,35.98,158.49,40.96,0,deal_seeker
O0001187,S0012916,C00982,2025-07-08T12:00:00,direct,desktop,sports,brand_direct,treatment,205.35,37.99,167.36,43.53,0,deal_seeker
O0001188,S0012921,C00982,2025-11-11T15:00:00,direct,desktop,apparel,brand_direct,treatment,284.61,52.65,231.95,62.27,1,deal_seeker
O0001189,S0012934,C00983,2025-04-04T09:00:00,organic,mobile,food,seo,treatment,160.91,29.77,131.14,30.03,0,deal_seeker
O0001190,S0012948,C00983,2025-10-10T16:00:00,paid_search,mobile,electronics,always_on_search,treatment,362.14,67.0,295.14,77.59,0,deal_seeker
O0001191,S0012949,C00983,2025-11-25T09:00:00,email,mobile,electronics,crm_lifecycle,treatment,307.2,56.83,250.37,64.61,0,deal_seeker
O0001192,S0012953,C00983,2025-12-15T14:00:00,email,mobile,food,crm_lifecycle,treatment,174.87,32.35,142.52,33.33,0,deal_seeker
O0001193,S0012961,C00985,2025-08-11T16:00:00,email,mobile,home,crm_lifecycle,control,229.41,18.35,211.06,65.87,0,steady
O0001194,S0012981,C00986,2025-07-06T11:00:00,organic,mobile,sports,seo,treatment,188.74,27.37,161.37,42.03,0,new_or_low
O0001195,S0012989,C00987,2025-11-17T21:00:00,paid_search,mobile,beauty,always_on_search,control,217.86,10.89,206.97,78.93,0,champion
O0001196,S0013023,C00990,2025-05-11T17:00:00,affiliate,desktop,apparel,partner_cashback,treatment,148.38,30.42,117.96,29.21,0,deal_seeker
O0001197,S0013035,C00990,2025-09-16T10:00:00,organic,mobile,apparel,seo,treatment,133.62,24.72,108.9,23.58,0,deal_seeker
O0001198,S0013042,C00991,2025-04-24T21:00:00,email,mobile,food,crm_lifecycle,control,154.84,12.39,142.45,41.86,0,steady
O0001199,S0013053,C00991,2025-08-24T21:00:00,direct,mobile,food,brand_direct,control,280.91,22.47,258.44,82.45,0,steady
O0001200,S0013055,C00991,2025-09-22T22:00:00,paid_search,mobile,apparel,always_on_search,control,140.58,11.25,129.33,37.27,0,steady
O0001201,S0013065,C00991,2025-12-07T14:00:00,organic,desktop,electronics,seo,control,240.89,19.27,221.62,72.57,0,steady
O0001202,S0013081,C00994,2025-09-26T18:00:00,social,mobile,sports,summer_social,control,206.78,31.02,175.76,42.97,0,deal_seeker
O0001203,S0013097,C00996,2025-08-03T14:00:00,paid_search,mobile,food,always_on_search,control,280.37,42.06,238.31,61.11,0,deal_seeker
O0001204,S0013100,C00996,2025-09-16T15:00:00,social,desktop,sports,summer_social,control,288.5,43.28,245.23,66.12,0,deal_seeker
O0001205,S0013119,C00998,2025-12-26T08:00:00,paid_search,mobile,electronics,always_on_search,treatment,271.03,31.17,239.86,75.95,0,steady
O0001206,S0013124,C00999,2025-04-05T08:00:00,organic,mobile,beauty,seo,treatment,189.27,21.77,167.5,50.63,0,steady
O0001207,S0013133,C00999,2025-10-12T20:00:00,social,mobile,food,summer_social,treatment,315.67,36.3,279.37,89.78,0,steady
O0001208,S0013163,C01002,2025-06-21T13:00:00,social,mobile,sports,summer_social,control,403.96,20.2,383.76,153.18,0,champion
O0001209,S0013165,C01002,2025-06-16T16:00:00,social,mobile,beauty,summer_social,control,267.55,13.38,254.17,98.75,0,champion
O0001210,S0013168,C01002,2025-07-15T18:00:00,email,mobile,food,crm_lifecycle,control,260.71,13.04,247.68,96.02,0,champion
O0001211,S0013176,C01002,2025-09-23T11:00:00,organic,mobile,beauty,seo,control,311.93,15.6,296.34,116.46,0,champion
O0001212,S0013177,C01002,2025-11-25T22:00:00,paid_search,mobile,home,always_on_search,control,315.7,15.79,299.92,117.97,0,champion
O0001213,S0013257,C01010,2025-07-12T12:00:00,organic,mobile,apparel,seo,control,271.93,13.6,258.34,100.5,0,champion
O0001214,S0013261,C01010,2025-08-13T09:00:00,paid_search,mobile,beauty,always_on_search,control,198.94,9.95,188.99,71.38,0,champion
O0001215,S0013262,C01010,2025-08-20T21:00:00,organic,mobile,sports,seo,control,255.75,12.79,242.96,94.04,0,champion
O0001216,S0013267,C01010,2025-08-19T12:00:00,direct,mobile,food,brand_direct,control,701.94,35.1,666.85,272.08,1,champion
O0001217,S0013270,C01010,2025-09-18T21:00:00,affiliate,mobile,food,partner_cashback,control,508.65,35.61,473.05,190.68,0,champion
O0001218,S0013274,C01010,2025-09-05T15:00:00,email,desktop,sports,crm_lifecycle,control,216.98,10.85,206.14,81.58,0,champion
O0001219,S0013275,C01010,2025-09-13T13:00:00,direct,tablet,beauty,brand_direct,control,534.77,26.74,508.03,208.37,0,champion
O0001220,S0013278,C01010,2025-10-11T10:00:00,email,mobile,sports,crm_lifecycle,control,590.65,29.53,561.11,227.67,0,champion
O0001221,S0013282,C01010,2025-12-18T21:00:00,affiliate,desktop,food,partner_cashback,control,714.97,50.05,664.92,274.27,0,champion
O0001222,S0013293,C01011,2025-10-04T09:00:00,social,mobile,electronics,summer_social,control,131.08,19.66,111.42,24.31,0,deal_seeker
O0001223,S0013323,C01013,2025-04-10T14:00:00,organic,tablet,apparel,seo,control,366.9,29.35,337.54,113.14,0,steady
O0001224,S0013344,C01015,2025-11-04T15:00:00,email,desktop,apparel,crm_lifecycle,treatment,298.72,34.35,264.37,87.53,0,steady
O0001225,S0013368,C01018,2025-04-14T08:00:00,organic,desktop,beauty,seo,control,391.04,19.55,371.49,151.02,0,champion
O0001226,S0013370,C01018,2025-04-09T15:00:00,social,mobile,sports,summer_social,control,659.32,32.97,626.35,255.07,0,champion
O0001227,S0013372,C01018,2025-04-25T10:00:00,direct,mobile,apparel,brand_direct,control,306.27,15.31,290.96,114.2,0,champion
O0001228,S0013373,C01018,2025-05-19T10:00:00,organic,mobile,apparel,seo,control,190.93,9.55,181.38,68.18,0,champion
O0001229,S0013375,C01018,2025-05-09T08:00:00,social,mobile,apparel,summer_social,control,524.15,26.21,497.95,201.14,0,champion
O0001230,S0013379,C01018,2025-07-19T14:00:00,paid_search,mobile,sports,always_on_search,control,500.82,25.04,475.77,191.83,0,champion
O0001231,S0013380,C01018,2025-07-23T21:00:00,direct,mobile,home,brand_direct,control,303.82,15.19,288.63,113.22,0,champion
O0001232,S0013381,C01018,2025-07-01T15:00:00,email,mobile,apparel,crm_lifecycle,control,231.57,11.58,219.99,84.4,0,champion
O0001233,S0013386,C01018,2025-09-24T12:00:00,paid_search,desktop,apparel,always_on_search,control,310.44,15.52,294.91,118.86,0,champion
O0001234,S0013394,C01018,2025-12-04T10:00:00,email,desktop,apparel,crm_lifecycle,control,338.76,16.94,321.82,130.17,0,champion
O0001235,S0013400,C01019,2025-11-21T21:00:00,organic,mobile,food,seo,control,173.23,25.99,147.25,34.7,1,deal_seeker
O0001236,S0013430,C01021,2025-11-20T17:00:00,affiliate,mobile,apparel,partner_cashback,control,133.41,13.34,120.07,34.02,0,steady
O0001237,S0013433,C01021,2025-12-14T16:00:00,paid_search,mobile,beauty,always_on_search,control,311.53,24.92,286.6,92.31,0,steady
O0001238,S0013434,C01021,2025-12-02T19:00:00,direct,mobile,apparel,brand_direct,control,294.33,23.55,270.79,86.78,0,steady
O0001239,S0013438,C01022,2025-06-27T08:00:00,email,mobile,food,crm_lifecycle,treatment,113.86,16.51,97.35,22.18,0,new_or_low
O0001240,S0013442,C01022,2025-07-12T17:00:00,social,mobile,food,summer_social,treatment,200.4,29.06,171.34,45.11,0,new_or_low
O0001241,S0013449,C01023,2025-08-09T17:00:00,organic,mobile,apparel,seo,control,136.28,10.9,125.38,35.88,0,steady
O0001242,S0013453,C01023,2025-10-06T13:00:00,organic,mobile,electronics,seo,control,328.56,26.29,302.28,97.8,0,steady
O0001243,S0013510,C01027,2025-03-07T14:00:00,paid_search,mobile,apparel,always_on_search,control,375.03,56.25,318.77,84.44,0,deal_seeker
O0001244,S0013513,C01027,2025-03-02T20:00:00,paid_search,mobile,electronics,always_on_search,control,217.92,32.69,185.23,45.72,0,deal_seeker
O0001245,S0013519,C01027,2025-06-19T10:00:00,email,desktop,apparel,crm_lifecycle,control,76.01,11.4,64.61,13.74,0,deal_seeker
O0001246,S0013521,C01027,2025-07-09T15:00:00,direct,desktop,sports,brand_direct,control,319.15,47.87,271.28,73.67,0,deal_seeker
O0001247,S0013531,C01027,2025-10-21T12:00:00,email,mobile,sports,crm_lifecycle,control,382.29,57.34,324.95,86.23,0,deal_seeker
O0001248,S0013536,C01027,2025-12-14T17:00:00,paid_search,desktop,home,always_on_search,control,353.37,53.01,300.36,82.11,0,deal_seeker
O0001249,S0013542,C01028,2025-06-08T16:00:00,email,mobile,home,crm_lifecycle,control,268.4,13.42,254.98,99.09,0,champion
O0001250,S0013553,C01028,2025-10-08T12:00:00,organic,mobile,home,seo,control,417.6,20.88,396.72,158.62,0,champion
O0001251,S0013556,C01028,2025-12-02T15:00:00,organic,desktop,home,seo,control,294.35,14.72,279.63,112.45,0,champion
O0001252,S0013563,C01030,2025-08-17T09:00:00,affiliate,desktop,sports,partner_cashback,treatment,115.73,23.73,92.01,21.68,0,deal_seeker
O0001253,S0013571,C01031,2025-06-02T14:00:00,direct,tablet,home,brand_direct,treatment,170.61,19.62,150.99,47.85,0,steady
O0001254,S0013586,C01032,2025-07-27T22:00:00,organic,tablet,beauty,seo,treatment,159.8,29.56,130.24,32.77,0,deal_seeker
O0001255,S0013596,C01032,2025-12-08T11:00:00,email,desktop,home,crm_lifecycle,treatment,414.91,76.76,338.15,93.06,0,deal_seeker
O0001256,S0013599,C01033,2025-10-25T19:00:00,organic,tablet,electronics,seo,treatment,391.27,33.26,358.01,145.36,0,champion
O0001257,S0013644,C01037,2025-06-22T15:00:00,paid_search,desktop,food,always_on_search,control,369.1,18.45,350.64,142.27,0,champion
O0001258,S0013645,C01037,2025-07-08T16:00:00,organic,mobile,food,seo,control,259.95,13.0,246.96,95.72,0,champion
O0001259,S0013646,C01037,2025-07-08T08:00:00,paid_search,mobile,apparel,always_on_search,control,286.49,14.32,272.16,106.31,0,champion
O0001260,S0013649,C01037,2025-08-14T14:00:00,email,desktop,food,crm_lifecycle,control,205.57,10.28,195.29,77.02,0,champion
O0001261,S0013653,C01037,2025-08-24T09:00:00,social,mobile,food,summer_social,control,331.49,16.57,314.92,124.27,0,champion
O0001262,S0013663,C01037,2025-12-15T11:00:00,paid_search,mobile,food,always_on_search,control,250.93,12.55,238.38,92.12,0,champion
O0001263,S0013677,C01038,2025-11-24T14:00:00,direct,mobile,home,brand_direct,treatment,285.45,32.83,252.62,80.42,0,steady
O0001264,S0013721,C01041,2025-02-01T14:00:00,paid_search,mobile,sports,always_on_search,control,107.65,11.84,95.81,21.7,0,new_or_low
O0001265,S0013739,C01043,2025-09-16T15:00:00,paid_search,desktop,beauty,always_on_search,treatment,185.3,34.28,151.02,38.8,0,deal_seeker
O0001266,S0013747,C01044,2025-07-21T12:00:00,email,mobile,electronics,crm_lifecycle,control,185.21,27.78,157.43,37.65,0,deal_seeker
O0001267,S0013764,C01046,2025-04-21T08:00:00,organic,desktop,home,seo,treatment,282.98,32.54,250.44,82.65,0,steady
O0001268,S0013786,C01047,2025-04-17T11:00:00,organic,desktop,home,seo,control,150.07,22.51,127.56,31.99,0,deal_seeker
O0001269,S0013806,C01048,2025-04-09T18:00:00,email,mobile,sports,crm_lifecycle,treatment,332.45,28.26,304.19,119.76,0,champion
O0001270,S0013814,C01048,2025-06-07T08:00:00,paid_search,mobile,sports,always_on_search,treatment,541.07,45.99,495.08,199.93,0,champion
O0001271,S0013816,C01048,2025-07-06T09:00:00,paid_search,mobile,apparel,always_on_search,treatment,226.53,19.25,207.27,79.05,0,champion
O0001272,S0013817,C01048,2025-07-08T13:00:00,organic,desktop,apparel,seo,treatment,192.56,16.37,176.2,69.0,0,champion
O0001273,S0013821,C01048,2025-08-17T20:00:00,paid_search,desktop,home,always_on_search,treatment,360.67,30.66,330.02,133.61,0,champion
O0001274,S0013823,C01048,2025-08-23T11:00:00,organic,mobile,apparel,seo,treatment,256.71,21.82,234.89,90.66,0,champion
O0001275,S0013824,C01048,2025-08-25T08:00:00,email,desktop,apparel,crm_lifecycle,treatment,370.72,31.51,339.21,137.47,0,champion
O0001276,S0013828,C01048,2025-09-11T21:00:00,paid_search,desktop,apparel,always_on_search,treatment,269.91,22.94,246.97,98.73,1,champion
O0001277,S0013864,C01051,2025-03-21T08:00:00,organic,desktop,electronics,seo,control,323.17,16.16,307.01,123.94,0,champion
O0001278,S0013865,C01051,2025-03-08T19:00:00,social,mobile,home,summer_social,control,446.49,22.32,424.16,170.15,0,champion
O0001279,S0013868,C01051,2025-04-14T14:00:00,paid_search,mobile,electronics,always_on_search,control,399.94,20.0,379.94,151.58,0,champion
O0001280,S0013905,C01054,2025-12-16T20:00:00,organic,mobile,electronics,seo,control,163.06,24.46,138.6,32.19,0,deal_seeker
O0001281,S0013926,C01056,2025-04-18T17:00:00,paid_search,desktop,beauty,always_on_search,treatment,232.83,26.78,206.06,67.12,0,steady
O0001282,S0013951,C01058,2025-02-19T17:00:00,email,desktop,beauty,crm_lifecycle,treatment,287.01,53.1,233.91,62.83,0,deal_seeker
O0001283,S0013965,C01058,2025-10-07T19:00:00,organic,desktop,food,seo,treatment,235.8,43.62,192.17,50.73,1,deal_seeker
O0001284,S0013969,C01058,2025-10-01T17:00:00,email,desktop,electronics,crm_lifecycle,treatment,149.9,27.73,122.17,30.43,0,deal_seeker
O0001285,S0013971,C01059,2025-03-11T17:00:00,social,mobile,sports,summer_social,control,220.16,17.61,202.54,62.89,1,steady
O0001286,S0013995,C01060,2025-11-15T15:00:00,email,mobile,beauty,crm_lifecycle,treatment,344.63,39.63,304.99,98.75,0,steady
O0001287,S0014040,C01065,2025-11-25T10:00:00,direct,desktop,home,brand_direct,treatment,129.05,23.87,105.18,25.5,0,deal_seeker
O0001288,S0014043,C01065,2025-12-18T13:00:00,social,desktop,sports,summer_social,treatment,251.79,46.58,205.21,54.51,0,deal_seeker
O0001289,S0014046,C01067,2025-09-06T08:00:00,affiliate,mobile,beauty,partner_cashback,control,523.87,52.39,471.48,157.02,0,steady
O0001290,S0014049,C01067,2025-10-10T13:00:00,paid_search,mobile,food,always_on_search,control,299.47,23.96,275.52,88.43,0,steady
O0001291,S0014061,C01068,2025-10-26T11:00:00,paid_search,mobile,food,always_on_search,control,311.07,15.55,295.51,116.12,0,champion
O0001292,S0014062,C01068,2025-10-09T17:00:00,organic,mobile,sports,seo,control,338.89,16.94,321.94,127.22,0,champion
O0001293,S0014073,C01069,2025-05-11T18:00:00,paid_search,desktop,sports,always_on_search,treatment,232.11,19.73,212.38,84.2,0,champion
O0001294,S0014077,C01069,2025-07-03T13:00:00,paid_search,mobile,sports,always_on_search,treatment,290.51,24.69,265.82,103.64,0,champion
O0001295,S0014079,C01069,2025-07-05T16:00:00,email,mobile,electronics,crm_lifecycle,treatment,259.87,22.09,237.78,91.87,0,champion
O0001296,S0014086,C01069,2025-09-04T13:00:00,paid_search,mobile,beauty,always_on_search,treatment,451.93,38.41,413.51,165.68,0,champion
O0001297,S0014093,C01069,2025-12-26T12:00:00,paid_search,desktop,food,always_on_search,treatment,256.61,21.81,234.8,93.62,0,champion
O0001298,S0014121,C01070,2025-09-24T13:00:00,social,mobile,apparel,summer_social,treatment,175.42,32.45,142.97,33.46,0,deal_seeker
O0001299,S0014126,C01070,2025-11-26T10:00:00,organic,mobile,food,seo,treatment,151.12,27.96,123.17,27.72,0,deal_seeker
O0001300,S0014133,C01071,2025-04-04T22:00:00,organic,mobile,beauty,seo,control,502.33,25.12,477.22,192.43,0,champion
O0001301,S0014134,C01071,2025-05-07T09:00:00,paid_search,mobile,food,always_on_search,control,343.5,17.18,326.33,129.06,0,champion
O0001302,S0014138,C01071,2025-06-02T08:00:00,social,mobile,home,summer_social,control,402.97,20.15,382.82,152.79,0,champion
O0001303,S0014145,C01071,2025-07-24T10:00:00,email,tablet,beauty,crm_lifecycle,control,352.04,17.6,334.44,135.46,0,champion
O0001304,S0014152,C01071,2025-11-15T20:00:00,affiliate,mobile,apparel,partner_cashback,control,302.61,21.18,281.43,110.2,0,champion
O0001305,S0014157,C01071,2025-11-22T21:00:00,organic,mobile,beauty,seo,control,328.96,16.45,312.51,123.26,0,champion
O0001306,S0014174,C01073,2025-09-08T13:00:00,paid_search,mobile,home,always_on_search,control,133.1,10.65,122.46,34.86,0,steady
O0001307,S0014175,C01073,2025-09-05T12:00:00,paid_search,desktop,electronics,always_on_search,control,237.18,18.97,218.2,71.37,0,steady
O0001308,S0014193,C01075,2025-12-20T13:00:00,organic,desktop,food,seo,control,134.73,10.78,123.95,38.38,0,steady
O0001309,S0014194,C01076,2025-09-22T15:00:00,email,mobile,sports,crm_lifecycle,treatment,171.71,14.59,157.11,57.99,0,champion
O0001310,S0014198,C01076,2025-11-11T19:00:00,social,mobile,electronics,summer_social,treatment,353.45,30.04,323.41,127.83,0,champion
O0001311,S0014201,C01076,2025-12-18T09:00:00,direct,mobile,home,brand_direct,treatment,486.21,41.33,444.88,178.85,0,champion
O0001312,S0014203,C01076,2025-12-06T22:00:00,social,mobile,apparel,summer_social,treatment,391.68,33.29,358.39,142.52,0,champion
O0001313,S0014205,C01077,2025-06-12T10:00:00,organic,mobile,apparel,seo,treatment,149.89,17.24,132.65,38.43,1,steady
O0001314,S0014210,C01077,2025-07-06T13:00:00,organic,mobile,beauty,seo,treatment,171.44,19.72,151.72,45.1,0,steady
O0001315,S0014219,C01078,2025-06-14T16:00:00,email,desktop,electronics,crm_lifecycle,control,487.79,24.39,463.4,189.63,0,champion
O0001316,S0014232,C01078,2025-11-16T12:00:00,social,mobile,electronics,summer_social,control,305.08,15.25,289.83,113.73,0,champion
O0001317,S0014235,C01078,2025-12-18T15:00:00,email,desktop,apparel,crm_lifecycle,control,574.28,28.71,545.57,224.14,0,champion
O0001318,S0014236,C01078,2025-12-16T16:00:00,email,mobile,apparel,crm_lifecycle,control,395.76,19.79,375.97,149.91,0,champion
O0001319,S0014245,C01079,2025-05-20T17:00:00,affiliate,mobile,food,partner_cashback,treatment,402.05,54.28,347.77,113.72,0,steady
O0001320,S0014260,C01079,2025-11-13T15:00:00,organic,mobile,food,seo,treatment,217.89,25.06,192.84,59.49,0,steady
O0001321,S0014266,C01080,2025-07-02T21:00:00,organic,desktop,beauty,seo,treatment,244.77,28.15,216.62,70.82,0,steady
O0001322,S0014308,C01084,2025-03-07T17:00:00,organic,mobile,sports,seo,control,277.14,13.86,263.28,102.58,0,champion
O0001323,S0014316,C01084,2025-06-03T18:00:00,paid_search,mobile,electronics,always_on_search,control,348.71,17.44,331.28,131.14,0,champion
O0001324,S0014329,C01084,2025-11-26T10:00:00,affiliate,mobile,electronics,partner_cashback,control,243.81,17.07,226.74,87.23,0,champion
O0001325,S0014333,C01084,2025-12-18T17:00:00,direct,mobile,home,brand_direct,control,390.75,19.54,371.21,147.91,1,champion
O0001326,S0014338,C01085,2025-08-26T21:00:00,social,desktop,food,summer_social,treatment,441.31,37.51,403.8,164.6,0,champion
O0001327,S0014339,C01085,2025-08-11T21:00:00,social,mobile,apparel,summer_social,treatment,285.94,24.3,261.63,101.88,0,champion
O0001328,S0014340,C01085,2025-08-22T19:00:00,direct,desktop,home,brand_direct,treatment,300.78,25.57,275.22,110.59,0,champion
O0001329,S0014343,C01085,2025-09-11T21:00:00,organic,desktop,home,seo,treatment,441.12,37.5,403.63,164.52,0,champion
O0001330,S0014344,C01085,2025-09-05T14:00:00,social,mobile,food,summer_social,treatment,337.77,28.71,309.06,121.81,0,champion
O0001331,S0014349,C01085,2025-11-25T18:00:00,social,mobile,sports,summer_social,treatment,217.59,18.5,199.09,75.62,0,champion
O0001332,S0014365,C01087,2025-11-13T12:00:00,direct,mobile,food,brand_direct,treatment,204.13,23.48,180.66,55.23,0,steady
O0001333,S0014393,C01089,2025-08-08T09:00:00,paid_search,mobile,sports,always_on_search,control,226.01,18.08,207.93,64.78,0,steady
O0001334,S0014403,C01089,2025-12-10T17:00:00,email,mobile,beauty,crm_lifecycle,control,182.22,14.58,167.64,50.68,0,steady
O0001335,S0014406,C01090,2025-02-11T10:00:00,organic,mobile,food,seo,treatment,225.41,41.7,183.71,45.28,0,deal_seeker
O0001336,S0014431,C01090,2025-12-23T18:00:00,organic,mobile,food,seo,treatment,106.96,19.79,87.17,17.28,0,deal_seeker
O0001337,S0014455,C01093,2025-06-08T20:00:00,social,desktop,home,summer_social,treatment,124.31,14.3,110.01,33.5,0,steady
O0001338,S0014462,C01093,2025-09-18T21:00:00,affiliate,desktop,home,partner_cashback,treatment,198.52,26.8,171.72,55.1,0,steady
O0001339,S0014468,C01094,2025-08-08T17:00:00,organic,desktop,sports,seo,treatment,119.09,13.7,105.4,31.89,0,steady
O0001340,S0014480,C01095,2025-07-11T10:00:00,paid_search,desktop,food,always_on_search,control,233.59,18.69,214.9,70.22,0,steady
O0001341,S0014504,C01096,2025-04-23T16:00:00,email,mobile,beauty,crm_lifecycle,treatment,91.72,10.55,81.17,20.41,0,steady
O0001342,S0014508,C01096,2025-08-06T21:00:00,affiliate,mobile,sports,partner_cashback,treatment,138.92,18.75,120.16,34.06,0,steady
O0001343,S0014531,C01098,2025-11-11T18:00:00,social,mobile,food,summer_social,treatment,248.15,21.09,227.06,87.36,0,champion
O0001344,S0014539,C01099,2025-11-21T09:00:00,paid_search,desktop,sports,always_on_search,treatment,153.16,22.21,130.95,35.6,0,new_or_low
O0001345,S0014542,C01100,2025-05-14T21:00:00,paid_search,tablet,beauty,always_on_search,treatment,373.76,31.77,341.99,138.64,0,champion
O0001346,S0014544,C01100,2025-06-22T21:00:00,paid_search,desktop,sports,always_on_search,treatment,309.48,26.31,283.17,113.93,0,champion
O0001347,S0014545,C01100,2025-06-04T19:00:00,paid_search,mobile,electronics,always_on_search,treatment,165.49,14.07,151.42,55.6,0,champion
O0001348,S0014551,C01100,2025-10-11T11:00:00,organic,tablet,beauty,seo,treatment,386.94,32.89,354.05,143.7,0,champion
O0001349,S0014554,C01100,2025-10-25T11:00:00,email,mobile,electronics,crm_lifecycle,treatment,299.58,25.46,274.11,107.13,0,champion
O0001350,S0014556,C01100,2025-10-16T15:00:00,affiliate,tablet,home,partner_cashback,treatment,483.04,50.72,432.32,176.58,0,champion
O0001351,S0014557,C01100,2025-11-07T18:00:00,social,desktop,sports,summer_social,treatment,492.48,41.86,450.62,184.26,0,champion
O0001352,S0014558,C01100,2025-12-04T14:00:00,email,mobile,electronics,crm_lifecycle,treatment,245.35,20.85,224.49,86.29,0,champion
O0001353,S0014561,C01101,2025-01-16T19:00:00,affiliate,tablet,apparel,partner_cashback,treatment,237.89,48.77,189.12,49.84,0,deal_seeker
O0001354,S0014566,C01101,2025-02-15T15:00:00,direct,mobile,apparel,brand_direct,treatment,183.83,34.01,149.82,35.45,0,deal_seeker
O0001355,S0014568,C01101,2025-03-07T22:00:00,email,desktop,apparel,crm_lifecycle,treatment,201.76,37.33,164.44,42.69,0,deal_seeker
O0001356,S0014569,C01101,2025-03-14T14:00:00,affiliate,desktop,sports,partner_cashback,treatment,136.8,28.04,108.75,26.54,0,deal_seeker
O0001357,S0014580,C01101,2025-10-16T14:00:00,paid_search,mobile,apparel,always_on_search,treatment,312.7,57.85,254.85,65.91,0,deal_seeker
O0001358,S0014630,C01105,2025-10-15T12:00:00,social,mobile,food,summer_social,control,260.92,39.14,221.78,56.32,0,deal_seeker
O0001359,S0014635,C01106,2025-03-27T10:00:00,direct,mobile,sports,brand_direct,control,116.47,17.47,99.0,20.71,0,deal_seeker
O0001360,S0014638,C01106,2025-04-26T11:00:00,email,tablet,apparel,crm_lifecycle,control,208.97,31.35,177.63,46.51,0,deal_seeker
O0001361,S0014657,C01107,2025-01-27T14:00:00,affiliate,mobile,sports,partner_cashback,control,299.93,29.99,269.94,86.48,0,steady
O0001362,S0014677,C01107,2025-09-24T10:00:00,paid_search,mobile,food,always_on_search,control,227.47,18.2,209.27,65.25,0,steady
O0001363,S0014680,C01108,2025-05-14T11:00:00,social,mobile,electronics,summer_social,treatment,797.47,67.78,729.68,298.47,0,champion
O0001364,S0014683,C01108,2025-06-04T19:00:00,paid_search,mobile,beauty,always_on_search,treatment,364.1,30.95,333.15,131.92,0,champion
O0001365,S0014685,C01108,2025-07-13T16:00:00,organic,mobile,sports,seo,treatment,185.46,15.76,169.7,63.27,0,champion
O0001366,S0014693,C01108,2025-11-21T17:00:00,paid_search,mobile,home,always_on_search,treatment,260.27,22.12,238.15,92.02,0,champion
O0001367,S0014695,C01108,2025-11-12T10:00:00,organic,mobile,electronics,seo,treatment,393.98,33.49,360.49,143.4,0,champion
O0001368,S0014703,C01109,2025-12-12T21:00:00,social,tablet,apparel,summer_social,control,248.26,37.24,211.02,56.2,0,deal_seeker
O0001369,S0014708,C01110,2025-06-11T15:00:00,paid_search,desktop,electronics,always_on_search,control,173.07,13.85,159.22,50.73,0,steady
O0001370,S0014740,C01114,2025-07-20T22:00:00,organic,mobile,food,seo,treatment,202.76,37.51,165.25,39.92,0,deal_seeker
O0001371,S0014818,C01119,2025-11-23T08:00:00,organic,desktop,beauty,seo,control,280.19,22.42,257.78,85.22,0,steady
O0001372,S0014847,C01122,2025-07-15T16:00:00,email,mobile,beauty,crm_lifecycle,treatment,337.91,28.72,309.19,121.86,0,champion
O0001373,S0014854,C01122,2025-08-04T14:00:00,organic,mobile,beauty,seo,treatment,550.35,46.78,503.57,203.5,0,champion
O0001374,S0014858,C01122,2025-09-09T13:00:00,organic,tablet,beauty,seo,treatment,413.45,35.14,378.31,153.89,0,champion
O0001375,S0014863,C01122,2025-12-08T17:00:00,social,tablet,home,summer_social,treatment,455.11,38.68,416.43,169.9,0,champion
O0001376,S0014865,C01122,2025-12-13T13:00:00,social,desktop,sports,summer_social,treatment,599.04,50.92,548.12,225.21,0,champion
O0001377,S0014898,C01125,2025-11-04T16:00:00,paid_search,mobile,beauty,always_on_search,control,117.25,9.38,107.87,29.75,0,steady
O0001378,S0014908,C01126,2025-08-25T21:00:00,email,mobile,sports,crm_lifecycle,control,347.82,17.39,330.43,130.78,0,champion
O0001379,S0014928,C01127,2025-07-03T12:00:00,organic,mobile,home,seo,treatment,209.52,24.09,185.42,56.9,0,steady
O0001380,S0014967,C01129,2025-07-09T10:00:00,affiliate,mobile,food,partner_cashback,treatment,129.95,26.64,103.31,21.96,0,deal_seeker
O0001381,S0014974,C01130,2025-08-17T16:00:00,direct,mobile,beauty,brand_direct,treatment,415.79,47.82,367.97,120.79,0,steady
O0001382,S0014988,C01131,2025-10-04T09:00:00,email,desktop,home,crm_lifecycle,control,249.5,27.44,222.05,63.84,0,new_or_low
O0001383,S0015021,C01136,2025-12-17T15:00:00,direct,mobile,sports,brand_direct,control,278.07,13.9,264.16,102.95,0,champion
O0001384,S0015027,C01137,2025-08-11T08:00:00,organic,mobile,beauty,seo,treatment,56.78,10.5,46.27,5.42,0,deal_seeker
O0001385,S0015036,C01138,2025-09-19T09:00:00,email,desktop,beauty,crm_lifecycle,treatment,263.99,48.84,215.15,57.39,0,deal_seeker
O0001386,S0015074,C01140,2025-12-07T19:00:00,direct,mobile,electronics,brand_direct,treatment,189.57,21.8,167.77,50.72,1,steady
O0001387,S0015087,C01141,2025-07-27T09:00:00,paid_search,mobile,sports,always_on_search,control,128.01,10.24,117.77,33.22,0,steady
O0001388,S0015107,C01144,2025-04-11T22:00:00,organic,mobile,apparel,seo,treatment,323.54,27.5,296.04,116.34,0,champion
O0001389,S0015110,C01144,2025-05-19T15:00:00,paid_search,desktop,electronics,always_on_search,treatment,696.07,59.17,636.9,262.5,1,champion
O0001390,S0015111,C01144,2025-05-20T21:00:00,paid_search,mobile,apparel,always_on_search,treatment,438.2,37.25,400.95,160.4,0,champion
O0001391,S0015115,C01144,2025-07-23T14:00:00,paid_search,desktop,apparel,always_on_search,treatment,378.12,32.14,345.98,140.31,0,champion
O0001392,S0015117,C01144,2025-08-07T16:00:00,organic,mobile,apparel,seo,treatment,398.48,33.87,364.61,145.14,0,champion
O0001393,S0015125,C01144,2025-11-19T15:00:00,email,mobile,apparel,crm_lifecycle,treatment,249.47,21.2,228.26,87.87,0,champion
O0001394,S0015127,C01144,2025-12-12T11:00:00,organic,desktop,apparel,seo,treatment,453.99,38.59,415.4,169.47,0,champion
O0001395,S0015135,C01145,2025-12-08T19:00:00,organic,mobile,electronics,seo,treatment,129.7,23.99,105.71,22.65,0,deal_seeker
O0001396,S0015138,C01146,2025-09-16T21:00:00,email,mobile,apparel,crm_lifecycle,treatment,60.51,11.19,49.31,6.3,0,deal_seeker
O0001397,S0015159,C01147,2025-09-11T14:00:00,social,desktop,home,summer_social,control,199.79,15.98,183.8,59.33,0,steady
O0001398,S0015177,C01149,2025-12-04T10:00:00,affiliate,mobile,sports,partner_cashback,treatment,280.67,37.89,242.78,76.97,0,steady
O0001399,S0015178,C01149,2025-12-08T14:00:00,direct,mobile,sports,brand_direct,treatment,220.18,25.32,194.86,60.2,0,steady
O0001400,S0015192,C01150,2025-08-13T12:00:00,paid_search,desktop,home,always_on_search,control,224.76,33.71,191.05,50.4,0,deal_seeker
O0001401,S0015197,C01150,2025-09-10T10:00:00,organic,mobile,electronics,seo,control,250.29,37.54,212.75,53.7,0,deal_seeker
O0001402,S0015200,C01150,2025-11-17T12:00:00,direct,mobile,home,brand_direct,control,199.9,29.99,169.92,41.28,0,deal_seeker
O0001403,S0015202,C01150,2025-12-09T22:00:00,social,mobile,electronics,summer_social,control,167.66,25.15,142.51,33.33,0,deal_seeker
O0001404,S0015215,C01152,2025-02-18T17:00:00,email,tablet,sports,crm_lifecycle,control,329.61,49.44,280.17,76.25,1,deal_seeker
O0001405,S0015229,C01152,2025-07-18T18:00:00,social,desktop,home,summer_social,control,136.93,20.54,116.39,28.75,0,deal_seeker
O0001406,S0015233,C01152,2025-09-02T19:00:00,social,mobile,sports,summer_social,control,186.55,27.98,158.57,37.99,0,deal_seeker
O0001407,S0015240,C01152,2025-11-19T17:00:00,email,mobile,sports,crm_lifecycle,control,248.16,37.22,210.93,53.17,0,deal_seeker
O0001408,S0015276,C01155,2025-04-21T09:00:00,paid_search,mobile,home,always_on_search,control,115.2,17.28,97.92,20.4,0,deal_seeker
O0001409,S0015282,C01155,2025-07-10T20:00:00,paid_search,mobile,electronics,always_on_search,control,251.79,37.77,214.02,54.07,0,deal_seeker
O0001410,S0015290,C01155,2025-10-09T12:00:00,paid_search,tablet,home,always_on_search,control,250.94,37.64,213.3,56.86,1,deal_seeker
O0001411,S0015292,C01155,2025-11-21T12:00:00,organic,mobile,electronics,seo,control,119.4,17.91,101.49,21.43,0,deal_seeker
O0001412,S0015297,C01156,2025-02-18T16:00:00,direct,tablet,home,brand_direct,treatment,230.7,19.61,211.09,83.66,0,champion
O0001413,S0015302,C01156,2025-03-03T13:00:00,organic,desktop,sports,seo,treatment,364.17,30.95,333.21,134.95,0,champion
O0001414,S0015303,C01156,2025-03-20T19:00:00,social,tablet,electronics,summer_social,treatment,384.02,32.64,351.38,142.58,0,champion
O0001415,S0015305,C01156,2025-04-17T13:00:00,social,mobile,sports,summer_social,treatment,295.63,25.13,270.5,105.61,0,champion
O0001416,S0015306,C01156,2025-05-03T08:00:00,paid_search,mobile,sports,always_on_search,treatment,250.6,21.3,229.3,88.31,0,champion
O0001417,S0015308,C01156,2025-05-11T18:00:00,social,mobile,sports,summer_social,treatment,233.73,19.87,213.87,81.82,0,champion
O0001418,S0015319,C01156,2025-10-25T19:00:00,affiliate,mobile,beauty,partner_cashback,treatment,214.06,22.48,191.59,72.47,0,champion
O0001419,S0015323,C01156,2025-10-02T20:00:00,organic,mobile,sports,seo,treatment,334.51,28.43,306.07,120.55,0,champion
O0001420,S0015363,C01159,2025-03-07T16:00:00,organic,mobile,food,seo,treatment,322.42,27.41,295.01,115.91,0,champion
O0001421,S0015367,C01159,2025-03-10T08:00:00,email,mobile,apparel,crm_lifecycle,treatment,245.96,20.91,225.05,86.52,0,champion
O0001422,S0015368,C01159,2025-03-09T11:00:00,affiliate,mobile,apparel,partner_cashback,treatment,417.67,43.86,373.81,149.0,0,champion
O0001423,S0015372,C01159,2025-05-24T18:00:00,direct,mobile,sports,brand_direct,treatment,478.57,40.68,437.89,175.91,0,champion
O0001424,S0015378,C01159,2025-06-27T10:00:00,direct,mobile,apparel,brand_direct,treatment,518.68,44.09,474.59,191.33,0,champion
O0001425,S0015380,C01159,2025-07-21T09:00:00,organic,mobile,apparel,seo,treatment,205.51,17.47,188.05,70.98,0,champion
O0001426,S0015384,C01159,2025-08-05T08:00:00,social,mobile,home,summer_social,treatment,232.3,19.75,212.56,81.27,0,champion
O0001427,S0015405,C01160,2025-07-11T12:00:00,social,mobile,beauty,summer_social,control,194.16,15.53,178.63,54.52,0,steady
O0001428,S0015421,C01161,2025-08-11T13:00:00,social,mobile,food,summer_social,treatment,186.79,21.48,165.31,49.86,0,steady
O0001429,S0015428,C01162,2025-04-21T20:00:00,social,mobile,home,summer_social,treatment,126.42,14.54,111.88,31.16,0,steady
O0001430,S0015429,C01162,2025-04-20T16:00:00,email,mobile,apparel,crm_lifecycle,treatment,286.12,32.9,253.21,80.62,0,steady
O0001431,S0015436,C01162,2025-07-03T12:00:00,affiliate,desktop,beauty,partner_cashback,treatment,192.68,26.01,166.67,53.33,0,steady
O0001432,S0015447,C01163,2025-10-25T13:00:00,social,mobile,beauty,summer_social,treatment,376.72,32.02,344.7,136.77,0,champion
O0001433,S0015481,C01167,2025-09-24T16:00:00,social,desktop,apparel,summer_social,control,135.27,10.82,124.45,38.56,0,steady
O0001434,S0015518,C01171,2025-08-09T08:00:00,paid_search,mobile,food,always_on_search,control,146.71,22.01,124.7,28.16,0,deal_seeker
O0001435,S0015521,C01171,2025-10-15T13:00:00,social,mobile,sports,summer_social,control,147.57,22.14,125.43,28.38,0,deal_seeker
O0001436,S0015541,C01172,2025-07-23T18:00:00,paid_search,tablet,electronics,always_on_search,treatment,150.67,27.87,122.8,30.61,0,deal_seeker
O0001437,S0015545,C01172,2025-08-19T12:00:00,paid_search,desktop,electronics,always_on_search,treatment,141.38,26.16,115.22,28.42,0,deal_seeker
O0001438,S0015550,C01173,2025-04-18T13:00:00,email,tablet,sports,crm_lifecycle,treatment,75.27,10.91,64.36,14.95,0,new_or_low
O0001439,S0015566,C01174,2025-05-26T12:00:00,organic,mobile,food,seo,control,247.17,19.77,227.39,71.59,0,steady
O0001440,S0015572,C01174,2025-08-10T18:00:00,paid_search,mobile,home,always_on_search,control,503.01,40.24,462.77,153.97,0,steady
O0001441,S0015587,C01176,2025-09-21T20:00:00,social,mobile,electronics,summer_social,control,483.22,38.66,444.56,147.6,0,steady
O0001442,S0015595,C01178,2025-01-27T15:00:00,paid_search,tablet,food,always_on_search,control,336.27,50.44,285.83,77.89,0,deal_seeker
O0001443,S0015615,C01178,2025-07-27T18:00:00,organic,mobile,food,seo,control,326.8,49.02,277.78,72.56,0,deal_seeker
O0001444,S0015622,C01179,2025-07-06T10:00:00,direct,mobile,food,brand_direct,control,452.2,22.61,429.59,172.43,0,champion
O0001445,S0015636,C01179,2025-12-06T11:00:00,social,mobile,food,summer_social,control,434.47,21.72,412.75,165.35,0,champion
O0001446,S0015644,C01180,2025-12-17T09:00:00,affiliate,desktop,beauty,partner_cashback,treatment,213.28,28.79,184.49,59.57,1,steady
O0001447,S0015646,C01181,2025-10-24T21:00:00,paid_search,mobile,food,always_on_search,control,262.25,13.11,249.13,96.64,0,champion
O0001448,S0015647,C01181,2025-10-24T14:00:00,organic,mobile,electronics,seo,control,308.04,15.4,292.63,114.91,0,champion
O0001449,S0015651,C01181,2025-11-05T14:00:00,email,tablet,electronics,crm_lifecycle,control,330.01,16.5,313.51,126.67,0,champion
O0001450,S0015652,C01181,2025-11-24T10:00:00,paid_search,desktop,home,always_on_search,control,252.1,12.6,239.49,95.59,0,champion
O0001451,S0015654,C01182,2025-07-16T15:00:00,direct,mobile,home,brand_direct,treatment,173.19,32.04,141.15,32.93,0,deal_seeker
O0001452,S0015676,C01183,2025-12-24T15:00:00,organic,desktop,apparel,seo,control,159.08,12.73,146.36,46.22,0,steady
O0001453,S0015680,C01184,2025-02-27T08:00:00,organic,mobile,sports,seo,treatment,190.22,35.19,155.03,36.96,0,deal_seeker
O0001454,S0015681,C01184,2025-04-11T13:00:00,organic,mobile,electronics,seo,treatment,236.03,43.67,192.36,47.79,0,deal_seeker
O0001455,S0015684,C01184,2025-05-21T21:00:00,organic,mobile,beauty,seo,treatment,141.77,26.23,115.55,25.51,0,deal_seeker
O0001456,S0015732,C01189,2025-04-09T16:00:00,affiliate,mobile,electronics,partner_cashback,control,230.22,39.14,191.08,47.41,1,deal_seeker
O0001457,S0015738,C01189,2025-06-21T13:00:00,social,mobile,electronics,summer_social,control,350.35,52.55,297.8,78.36,0,deal_seeker
O0001458,S0015740,C01189,2025-07-12T11:00:00,affiliate,mobile,food,partner_cashback,control,59.52,10.12,49.4,6.33,0,deal_seeker
O0001459,S0015755,C01190,2025-08-27T13:00:00,paid_search,tablet,food,always_on_search,treatment,403.21,46.37,356.84,119.89,0,steady
O0001460,S0015762,C01190,2025-11-20T15:00:00,direct,mobile,apparel,brand_direct,treatment,214.92,24.72,190.2,58.57,0,steady
O0001461,S0015763,C01190,2025-12-24T13:00:00,organic,mobile,electronics,seo,treatment,288.92,33.23,255.7,81.49,0,steady
O0001462,S0015778,C01192,2025-10-24T11:00:00,direct,desktop,apparel,brand_direct,control,197.44,15.8,181.65,58.58,0,steady
O0001463,S0015796,C01193,2025-11-04T11:00:00,paid_search,mobile,sports,always_on_search,treatment,263.61,48.77,214.84,54.3,0,deal_seeker
O0001464,S0015805,C01194,2025-02-11T12:00:00,paid_search,desktop,sports,always_on_search,treatment,236.86,20.13,216.72,86.02,0,champion
O0001465,S0015806,C01194,2025-03-09T20:00:00,email,mobile,apparel,crm_lifecycle,treatment,367.16,31.21,335.95,133.1,0,champion
O0001466,S0015812,C01194,2025-05-20T21:00:00,paid_search,mobile,sports,always_on_search,treatment,804.08,68.35,735.74,301.01,0,champion
O0001467,S0015816,C01194,2025-06-27T18:00:00,organic,desktop,sports,seo,treatment,397.78,33.81,363.97,147.87,0,champion
O0001468,S0015820,C01194,2025-09-22T09:00:00,paid_search,desktop,beauty,always_on_search,treatment,267.67,22.75,244.92,97.87,0,champion
O0001469,S0015821,C01194,2025-09-05T20:00:00,social,mobile,sports,summer_social,treatment,378.94,32.21,346.73,137.63,0,champion
O0001470,S0015829,C01194,2025-12-08T15:00:00,paid_search,mobile,sports,always_on_search,treatment,384.14,32.65,351.49,139.62,0,champion
O0001471,S0015833,C01195,2025-08-08T17:00:00,social,mobile,food,summer_social,treatment,377.84,32.12,345.72,137.2,0,champion
O0001472,S0015835,C01195,2025-08-26T13:00:00,affiliate,desktop,food,partner_cashback,treatment,387.83,40.72,347.1,140.78,0,champion
O0001473,S0015839,C01195,2025-09-09T09:00:00,direct,tablet,food,brand_direct,treatment,471.07,40.04,431.03,176.03,0,champion
O0001474,S0015840,C01195,2025-09-07T16:00:00,direct,mobile,home,brand_direct,treatment,398.81,33.9,364.91,145.26,0,champion
O0001475,S0015846,C01195,2025-11-21T11:00:00,email,desktop,food,crm_lifecycle,treatment,300.14,25.51,274.63,110.34,0,champion
O0001476,S0015864,C01197,2025-08-24T19:00:00,paid_search,desktop,electronics,always_on_search,treatment,401.59,46.18,355.41,119.39,0,steady
O0001477,S0015870,C01197,2025-11-25T12:00:00,affiliate,mobile,beauty,partner_cashback,treatment,192.36,25.97,166.4,50.24,1,steady
O0001478,S0015871,C01197,2025-12-21T10:00:00,social,mobile,home,summer_social,treatment,311.69,35.84,275.85,88.55,0,steady
O0001479,S0015882,C01199,2025-02-20T21:00:00,email,desktop,apparel,crm_lifecycle,treatment,329.64,28.02,301.62,121.68,0,champion
O0001480,S0015884,C01199,2025-02-24T10:00:00,organic,desktop,home,seo,treatment,326.29,27.73,298.56,120.39,0,champion
O0001481,S0015887,C01199,2025-02-07T20:00:00,direct,mobile,apparel,brand_direct,treatment,231.9,19.71,212.18,81.12,0,champion
O0001482,S0015890,C01199,2025-03-13T08:00:00,affiliate,mobile,sports,partner_cashback,treatment,222.93,23.41,199.52,75.8,0,champion
O0001483,S0015894,C01199,2025-04-21T10:00:00,direct,mobile,home,brand_direct,treatment,259.53,22.06,237.47,91.74,0,champion
O0001484,S0015904,C01199,2025-06-15T20:00:00,affiliate,mobile,food,partner_cashback,treatment,349.52,36.7,312.82,123.38,0,champion
O0001485,S0015912,C01199,2025-08-22T16:00:00,email,tablet,home,crm_lifecycle,treatment,415.6,35.33,380.28,154.72,0,champion
O0001486,S0015918,C01199,2025-11-18T15:00:00,affiliate,mobile,food,partner_cashback,treatment,343.54,36.07,307.46,121.14,0,champion
O0001487,S0015923,C01200,2025-01-11T10:00:00,affiliate,mobile,sports,partner_cashback,control,348.71,24.41,324.3,128.21,0,champion
O0001488,S0015930,C01200,2025-04-01T16:00:00,organic,mobile,food,seo,control,296.37,14.82,281.55,110.25,0,champion
O0001489,S0015935,C01200,2025-05-06T17:00:00,paid_search,tablet,food,always_on_search,control,392.01,19.6,372.41,151.41,0,champion
O0001490,S0015939,C01200,2025-06-27T15:00:00,direct,mobile,sports,brand_direct,control,278.94,13.95,265.0,103.3,0,champion
O0001491,S0015940,C01200,2025-06-25T08:00:00,organic,mobile,food,seo,control,314.31,15.72,298.59,117.41,0,champion
O0001492,S0015943,C01200,2025-07-13T17:00:00,paid_search,mobile,food,always_on_search,control,256.04,12.8,243.24,94.16,0,champion
O0001493,S0015946,C01200,2025-08-14T08:00:00,affiliate,mobile,food,partner_cashback,control,232.96,16.31,216.65,82.99,0,champion
O0001494,S0015948,C01200,2025-08-09T10:00:00,organic,mobile,food,seo,control,419.68,20.98,398.69,159.45,0,champion
O0001495,S0015959,C01201,2025-02-02T10:00:00,paid_search,mobile,sports,always_on_search,control,305.87,24.47,281.4,90.49,0,steady
O0001496,S0015967,C01201,2025-06-08T10:00:00,paid_search,mobile,home,always_on_search,control,295.05,23.6,271.45,87.01,0,steady
O0001497,S0015971,C01201,2025-09-09T10:00:00,paid_search,mobile,sports,always_on_search,control,145.72,11.66,134.07,38.92,0,steady
O0001498,S0015976,C01202,2025-09-11T22:00:00,paid_search,mobile,home,always_on_search,treatment,263.43,30.29,233.14,73.6,1,steady
O0001499,S0015977,C01202,2025-10-07T17:00:00,paid_search,mobile,home,always_on_search,treatment,447.58,51.47,396.11,130.64,0,steady
O0001500,S0015982,C01202,2025-11-16T17:00:00,paid_search,tablet,beauty,always_on_search,treatment,191.83,22.06,169.77,54.42,0,steady
O0001501,S0015991,C01204,2025-08-02T12:00:00,affiliate,desktop,beauty,partner_cashback,treatment,324.53,66.53,258.0,69.82,0,deal_seeker
O0001502,S0015993,C01204,2025-08-04T18:00:00,social,mobile,beauty,summer_social,treatment,147.82,27.35,120.47,26.94,0,deal_seeker
O0001503,S0015998,C01205,2025-09-19T21:00:00,social,desktop,sports,summer_social,treatment,159.68,18.36,141.32,44.46,0,steady
O0001504,S0016003,C01205,2025-11-22T17:00:00,organic,tablet,sports,seo,treatment,312.34,35.92,276.42,91.75,0,steady
O0001505,S0016028,C01207,2025-02-26T18:00:00,social,mobile,sports,summer_social,control,429.73,21.49,408.24,163.46,0,champion
O0001506,S0016032,C01207,2025-04-17T16:00:00,email,mobile,apparel,crm_lifecycle,control,538.95,26.95,512.0,207.04,0,champion
O0001507,S0016041,C01207,2025-06-21T16:00:00,email,mobile,electronics,crm_lifecycle,control,393.35,19.67,373.68,148.95,0,champion
O0001508,S0016046,C01207,2025-07-09T12:00:00,paid_search,desktop,apparel,always_on_search,control,496.36,24.82,471.55,193.05,0,champion
O0001509,S0016052,C01207,2025-09-01T20:00:00,direct,desktop,food,brand_direct,control,318.17,15.91,302.27,121.95,0,champion
O0001510,S0016057,C01207,2025-10-15T16:00:00,email,mobile,food,crm_lifecycle,control,351.12,17.56,333.56,132.1,0,champion
O0001511,S0016080,C01209,2025-07-18T19:00:00,social,desktop,home,summer_social,control,210.51,16.84,193.67,62.78,0,steady
O0001512,S0016082,C01209,2025-09-19T20:00:00,paid_search,mobile,beauty,always_on_search,control,571.81,45.74,526.06,176.12,0,steady
O0001513,S0016084,C01209,2025-09-23T20:00:00,organic,mobile,home,seo,control,176.75,14.14,162.61,48.91,0,steady
O0001514,S0016089,C01209,2025-12-18T14:00:00,organic,mobile,home,seo,control,367.84,29.43,338.41,110.44,0,steady
O0001515,S0016103,C01211,2025-05-27T22:00:00,email,mobile,beauty,crm_lifecycle,control,90.04,9.9,80.14,16.84,0,new_or_low
O0001516,S0016115,C01213,2025-10-27T21:00:00,paid_search,desktop,electronics,always_on_search,treatment,420.06,77.71,342.35,94.28,0,deal_seeker
O0001517,S0016130,C01214,2025-09-27T09:00:00,social,desktop,beauty,summer_social,control,656.55,32.83,623.72,256.96,0,champion
O0001518,S0016150,C01215,2025-06-17T17:00:00,organic,mobile,home,seo,control,204.29,10.21,194.08,73.51,0,champion
O0001519,S0016163,C01215,2025-11-03T15:00:00,organic,mobile,home,seo,control,377.12,18.86,358.26,142.47,0,champion
O0001520,S0016171,C01216,2025-08-15T08:00:00,paid_search,mobile,beauty,always_on_search,control,144.57,11.57,133.01,38.55,1,steady
O0001521,S0016173,C01216,2025-11-27T18:00:00,affiliate,mobile,electronics,partner_cashback,control,227.95,22.8,205.16,63.8,0,steady
O0001522,S0016175,C01216,2025-12-20T22:00:00,paid_search,mobile,electronics,always_on_search,control,274.87,21.99,252.88,80.51,1,steady
O0001523,S0016178,C01217,2025-04-23T17:00:00,paid_search,desktop,food,always_on_search,control,471.55,23.58,447.97,183.15,0,champion
O0001524,S0016182,C01217,2025-05-26T14:00:00,affiliate,desktop,food,partner_cashback,control,256.07,17.93,238.15,95.02,0,champion
O0001525,S0016183,C01217,2025-05-01T16:00:00,email,mobile,sports,crm_lifecycle,control,336.04,16.8,319.24,126.08,0,champion
O0001526,S0016190,C01217,2025-09-27T21:00:00,organic,mobile,food,seo,control,333.76,16.69,317.07,125.17,0,champion
O0001527,S0016192,C01217,2025-09-22T10:00:00,paid_search,mobile,home,always_on_search,control,367.41,18.37,349.04,138.6,0,champion
O0001528,S0016194,C01217,2025-09-20T21:00:00,direct,mobile,food,brand_direct,control,433.18,21.66,411.52,164.84,0,champion
O0001529,S0016201,C01218,2025-11-19T20:00:00,direct,tablet,sports,brand_direct,control,241.29,19.3,221.98,72.69,0,steady
O0001530,S0016209,C01220,2025-10-03T09:00:00,social,mobile,electronics,summer_social,control,328.66,26.29,302.37,97.83,0,steady
O0001531,S0016238,C01222,2025-11-17T20:00:00,social,desktop,food,summer_social,control,99.73,10.97,88.76,22.52,0,new_or_low
O0001532,S0016279,C01225,2025-05-26T10:00:00,social,mobile,beauty,summer_social,treatment,563.92,64.85,499.07,166.68,0,steady
O0001533,S0016286,C01225,2025-08-05T17:00:00,organic,mobile,beauty,seo,treatment,123.18,14.17,109.02,30.16,0,steady
O0001534,S0016291,C01225,2025-11-09T16:00:00,social,mobile,beauty,summer_social,treatment,335.42,38.57,296.85,95.9,0,steady
O0001535,S0016321,C01228,2025-04-07T21:00:00,organic,mobile,beauty,seo,control,346.03,17.3,328.73,130.07,0,champion
O0001536,S0016322,C01228,2025-04-11T17:00:00,paid_search,mobile,sports,always_on_search,control,316.52,15.83,300.7,118.29,1,champion
O0001537,S0016324,C01228,2025-04-18T17:00:00,social,mobile,beauty,summer_social,control,434.61,21.73,412.88,165.41,0,champion
O0001538,S0016325,C01228,2025-04-13T12:00:00,organic,desktop,food,seo,control,627.88,31.39,596.49,245.53,0,champion
O0001539,S0016333,C01228,2025-07-09T21:00:00,social,desktop,beauty,summer_social,control,337.11,16.86,320.26,129.51,0,champion
O0001540,S0016334,C01228,2025-07-05T13:00:00,social,mobile,apparel,summer_social,control,268.53,13.43,255.1,99.14,0,champion
O0001541,S0016344,C01228,2025-12-09T16:00:00,direct,mobile,food,brand_direct,control,276.86,13.84,263.02,102.47,1,champion
O0001542,S0016348,C01229,2025-07-05T10:00:00,direct,mobile,home,brand_direct,control,175.24,26.29,148.96,35.2,0,deal_seeker
O0001543,S0016350,C01229,2025-08-11T21:00:00,organic,mobile,beauty,seo,control,284.91,42.74,242.18,62.23,0,deal_seeker
O0001544,S0016359,C01230,2025-05-20T16:00:00,paid_search,desktop,food,always_on_search,treatment,389.58,33.11,356.47,144.72,0,champion
O0001545,S0016366,C01230,2025-08-27T14:00:00,social,mobile,beauty,summer_social,treatment,136.26,11.58,124.68,44.37,0,champion
O0001546,S0016373,C01230,2025-12-15T13:00:00,paid_search,mobile,apparel,always_on_search,treatment,285.69,24.28,261.41,101.79,1,champion
O0001547,S0016381,C01231,2025-06-01T13:00:00,organic,mobile,electronics,seo,control,461.55,69.23,392.32,105.77,0,deal_seeker
O0001548,S0016384,C01231,2025-08-22T15:00:00,email,mobile,sports,crm_lifecycle,control,132.89,19.93,112.96,24.76,0,deal_seeker
O0001549,S0016391,C01232,2025-02-03T22:00:00,organic,mobile,food,seo,treatment,224.51,32.55,191.95,51.51,0,new_or_low
O0001550,S0016412,C01234,2025-03-20T16:00:00,direct,mobile,sports,brand_direct,control,228.69,34.3,194.38,48.37,0,deal_seeker
O0001551,S0016413,C01234,2025-03-05T12:00:00,paid_search,tablet,sports,always_on_search,control,165.15,24.77,140.38,35.71,0,deal_seeker
O0001552,S0016421,C01234,2025-10-01T20:00:00,paid_search,desktop,electronics,always_on_search,control,166.38,24.96,141.43,36.01,0,deal_seeker
O0001553,S0016444,C01235,2025-07-14T10:00:00,affiliate,desktop,sports,partner_cashback,control,180.89,18.09,162.8,51.98,0,steady
O0001554,S0016479,C01237,2025-06-15T11:00:00,social,desktop,electronics,summer_social,control,226.88,18.15,208.73,68.06,0,steady
O0001555,S0016488,C01237,2025-11-20T15:00:00,direct,mobile,apparel,brand_direct,control,278.16,22.25,255.91,81.57,0,steady
O0001556,S0016500,C01239,2025-11-06T11:00:00,social,desktop,electronics,summer_social,treatment,196.89,22.64,174.25,55.99,0,steady
O0001557,S0016512,C01240,2025-04-22T10:00:00,organic,mobile,food,seo,control,261.71,39.26,222.46,56.51,0,deal_seeker
O0001558,S0016564,C01247,2025-04-10T21:00:00,organic,mobile,electronics,seo,treatment,248.48,28.58,219.91,68.97,0,steady
O0001559,S0016569,C01247,2025-06-20T08:00:00,direct,desktop,beauty,brand_direct,treatment,174.06,20.02,154.04,48.91,0,steady
O0001560,S0016591,C01248,2025-07-27T08:00:00,direct,mobile,sports,brand_direct,control,250.47,12.52,237.94,91.94,0,champion
O0001561,S0016592,C01248,2025-07-15T21:00:00,organic,desktop,home,seo,control,231.04,11.55,219.49,87.18,0,champion
O0001562,S0016593,C01248,2025-08-12T19:00:00,paid_search,mobile,sports,always_on_search,control,504.55,25.23,479.32,193.31,0,champion
O0001563,S0016600,C01248,2025-11-19T14:00:00,email,tablet,beauty,crm_lifecycle,control,392.48,19.62,372.85,151.6,0,champion
O0001564,S0016603,C01248,2025-12-19T14:00:00,paid_search,desktop,sports,always_on_search,control,677.75,33.89,643.86,265.42,0,champion
O0001565,S0016613,C01249,2025-10-23T15:00:00,social,tablet,beauty,summer_social,treatment,340.95,39.21,301.74,100.61,0,steady
O0001566,S0016646,C01251,2025-09-18T18:00:00,organic,mobile,beauty,seo,control,152.16,22.82,129.33,29.51,0,deal_seeker
O0001567,S0016672,C01252,2025-12-20T15:00:00,paid_search,desktop,beauty,always_on_search,control,261.62,20.93,240.69,79.24,0,steady
O0001568,S0016688,C01254,2025-05-17T21:00:00,social,mobile,electronics,summer_social,control,335.44,50.32,285.12,74.69,0,deal_seeker
O0001569,S0016712,C01255,2025-05-26T13:00:00,email,mobile,apparel,crm_lifecycle,treatment,509.55,43.31,466.24,187.82,0,champion
O0001570,S0016724,C01255,2025-07-16T10:00:00,social,mobile,apparel,summer_social,treatment,374.88,31.87,343.02,136.07,0,champion
O0001571,S0016727,C01255,2025-11-23T11:00:00,social,desktop,apparel,summer_social,treatment,286.13,24.32,261.81,104.96,0,champion
O0001572,S0016759,C01257,2025-10-21T12:00:00,affiliate,mobile,beauty,partner_cashback,control,366.4,36.64,329.76,107.42,0,steady
O0001573,S0016777,C01258,2025-11-21T13:00:00,email,mobile,apparel,crm_lifecycle,control,373.3,29.86,343.43,112.2,0,steady
O0001574,S0016781,C01259,2025-03-12T17:00:00,paid_search,mobile,food,always_on_search,control,67.92,10.19,57.73,8.74,0,deal_seeker
O0001575,S0016798,C01260,2025-03-02T18:00:00,paid_search,mobile,sports,always_on_search,control,100.26,15.04,85.22,16.71,0,deal_seeker
O0001576,S0016821,C01262,2025-05-08T15:00:00,paid_search,desktop,food,always_on_search,control,343.97,51.6,292.38,79.79,0,deal_seeker
O0001577,S0016852,C01264,2025-09-24T14:00:00,organic,mobile,beauty,seo,treatment,229.26,26.36,202.89,63.01,0,steady
O0001578,S0016870,C01265,2025-11-06T16:00:00,social,desktop,electronics,summer_social,treatment,352.59,29.97,322.62,130.5,0,champion
O0001579,S0016874,C01265,2025-12-18T21:00:00,email,mobile,beauty,crm_lifecycle,treatment,278.65,23.69,254.97,99.09,0,champion
O0001580,S0016880,C01266,2025-07-16T10:00:00,email,mobile,home,crm_lifecycle,treatment,217.08,24.96,192.12,59.24,0,steady
O0001581,S0016904,C01268,2025-12-07T16:00:00,email,tablet,beauty,crm_lifecycle,treatment,191.85,22.06,169.79,54.42,0,steady
O0001582,S0016919,C01270,2025-07-04T11:00:00,paid_search,mobile,sports,always_on_search,treatment,141.07,16.22,124.84,35.7,0,steady
O0001583,S0016950,C01271,2025-11-16T14:00:00,affiliate,mobile,apparel,partner_cashback,control,171.58,29.17,142.42,33.3,0,deal_seeker
O0001584,S0016957,C01272,2025-03-19T14:00:00,paid_search,mobile,beauty,always_on_search,control,532.26,26.61,505.65,204.37,0,champion
O0001585,S0016958,C01272,2025-03-04T16:00:00,email,mobile,food,crm_lifecycle,control,287.2,14.36,272.84,106.59,0,champion
O0001586,S0016964,C01272,2025-03-16T12:00:00,paid_search,desktop,beauty,always_on_search,control,346.9,17.35,329.56,133.41,0,champion
O0001587,S0016966,C01272,2025-04-25T16:00:00,social,mobile,beauty,summer_social,control,610.44,30.52,579.92,235.56,0,champion
O0001588,S0016967,C01272,2025-04-11T21:00:00,direct,mobile,beauty,brand_direct,control,298.23,14.91,283.32,110.99,0,champion
O0001589,S0016970,C01272,2025-05-20T22:00:00,paid_search,mobile,beauty,always_on_search,control,321.36,16.07,305.3,120.22,0,champion
O0001590,S0016981,C01272,2025-09-24T21:00:00,affiliate,tablet,beauty,partner_cashback,control,288.92,20.22,268.7,107.85,0,champion
O0001591,S0016988,C01273,2025-04-25T17:00:00,social,mobile,food,summer_social,treatment,322.04,27.37,294.66,115.76,0,champion
O0001592,S0016990,C01273,2025-05-06T13:00:00,social,mobile,sports,summer_social,treatment,423.44,35.99,387.44,154.73,0,champion
O0001593,S0016996,C01273,2025-06-06T17:00:00,social,mobile,beauty,summer_social,treatment,275.24,23.4,251.85,97.78,0,champion
O0001594,S0016999,C01273,2025-06-04T12:00:00,paid_search,mobile,electronics,always_on_search,treatment,291.98,24.82,267.16,104.21,0,champion
O0001595,S0017010,C01273,2025-09-22T13:00:00,direct,mobile,beauty,brand_direct,treatment,415.01,35.28,379.74,151.49,0,champion
O0001596,S0017021,C01274,2025-10-19T11:00:00,organic,mobile,beauty,seo,control,180.91,14.47,166.44,50.25,0,steady
O0001597,S0017024,C01274,2025-12-27T15:00:00,email,desktop,beauty,crm_lifecycle,control,253.42,20.27,233.14,76.6,0,steady
O0001598,S0017033,C01276,2025-10-04T14:00:00,paid_search,mobile,sports,always_on_search,control,565.86,84.88,480.98,131.49,0,deal_seeker
O0001599,S0017034,C01276,2025-10-12T20:00:00,email,mobile,home,crm_lifecycle,control,252.74,37.91,214.83,54.3,0,deal_seeker
O0001600,S0017036,C01276,2025-10-10T22:00:00,social,mobile,sports,summer_social,control,183.43,27.52,155.92,37.22,0,deal_seeker
O0001601,S0017037,C01276,2025-11-08T10:00:00,social,mobile,sports,summer_social,control,80.62,12.09,68.52,11.87,0,deal_seeker
O0001602,S0017052,C01277,2025-11-04T18:00:00,organic,mobile,sports,seo,control,254.35,20.35,234.01,73.9,0,steady
O0001603,S0017085,C01279,2025-12-21T12:00:00,organic,mobile,electronics,seo,treatment,414.66,35.25,379.41,151.35,0,champion
O0001604,S0017092,C01280,2025-11-03T20:00:00,paid_search,desktop,electronics,always_on_search,treatment,484.22,89.58,394.64,109.45,0,deal_seeker
O0001605,S0017131,C01284,2025-09-23T19:00:00,direct,mobile,apparel,brand_direct,control,212.22,16.98,195.24,60.34,0,steady
O0001606,S0017134,C01284,2025-11-27T10:00:00,direct,mobile,electronics,brand_direct,control,99.87,7.99,91.88,24.16,0,steady
O0001607,S0017183,C01289,2025-05-17T08:00:00,email,mobile,beauty,crm_lifecycle,control,323.67,48.55,275.12,71.78,0,deal_seeker
O0001608,S0017187,C01289,2025-07-12T11:00:00,social,mobile,sports,summer_social,control,176.07,26.41,149.66,35.4,0,deal_seeker
O0001609,S0017202,C01290,2025-08-07T11:00:00,social,mobile,home,summer_social,treatment,214.99,24.72,190.27,58.59,0,steady
O0001610,S0017252,C01295,2025-11-22T12:00:00,affiliate,mobile,beauty,partner_cashback,treatment,227.07,46.55,180.52,44.35,0,deal_seeker
O0001611,S0017255,C01295,2025-12-12T17:00:00,organic,desktop,food,seo,treatment,258.61,47.84,210.77,56.12,0,deal_seeker
O0001612,S0017266,C01296,2025-11-21T11:00:00,email,mobile,home,crm_lifecycle,control,151.18,22.68,128.5,29.27,0,deal_seeker
O0001613,S0017278,C01297,2025-08-16T09:00:00,social,tablet,electronics,summer_social,treatment,205.58,23.64,181.94,58.68,0,steady
O0001614,S0017282,C01298,2025-06-14T09:00:00,paid_search,mobile,beauty,always_on_search,treatment,327.75,60.63,267.11,69.46,0,deal_seeker
O0001615,S0017309,C01300,2025-05-09T15:00:00,affiliate,desktop,beauty,partner_cashback,treatment,145.34,23.98,121.36,32.62,0,new_or_low
O0001616,S0017382,C01307,2025-07-06T22:00:00,organic,desktop,electronics,seo,control,226.26,18.1,208.16,67.86,0,steady
O0001617,S0017390,C01307,2025-11-26T20:00:00,email,mobile,electronics,crm_lifecycle,control,266.45,21.32,245.14,77.8,0,steady
O0001618,S0017392,C01308,2025-02-17T17:00:00,direct,mobile,food,brand_direct,control,333.95,16.7,317.25,125.24,0,champion
O0001619,S0017395,C01308,2025-03-05T12:00:00,paid_search,mobile,sports,always_on_search,control,313.57,15.68,297.89,117.11,0,champion
O0001620,S0017404,C01308,2025-06-26T11:00:00,paid_search,tablet,sports,always_on_search,control,320.92,16.05,304.88,123.05,0,champion
O0001621,S0017414,C01308,2025-08-27T15:00:00,email,desktop,apparel,crm_lifecycle,control,280.6,14.03,266.57,106.96,0,champion
O0001622,S0017419,C01308,2025-10-23T17:00:00,paid_search,desktop,sports,always_on_search,control,302.62,15.13,287.49,115.75,0,champion
O0001623,S0017503,C01317,2025-11-06T11:00:00,organic,mobile,home,seo,treatment,301.34,34.65,266.69,85.34,0,steady
O0001624,S0017510,C01318,2025-09-01T22:00:00,social,tablet,electronics,summer_social,control,58.13,6.39,51.74,11.04,0,new_or_low
O0001625,S0017531,C01319,2025-12-20T19:00:00,email,desktop,apparel,crm_lifecycle,control,130.87,19.63,111.24,27.26,0,deal_seeker
O0001626,S0017532,C01319,2025-12-19T20:00:00,direct,desktop,apparel,brand_direct,control,125.62,18.84,106.78,25.97,0,deal_seeker
O0001627,S0017538,C01321,2025-04-15T21:00:00,paid_search,mobile,apparel,always_on_search,control,151.87,12.15,139.72,40.9,0,steady
O0001628,S0017542,C01321,2025-06-16T09:00:00,paid_search,mobile,apparel,always_on_search,control,357.25,28.58,328.67,107.03,0,steady
O0001629,S0017561,C01322,2025-12-17T15:00:00,social,mobile,sports,summer_social,treatment,127.31,18.46,108.85,25.74,0,new_or_low
O0001630,S0017569,C01324,2025-09-18T22:00:00,paid_search,mobile,food,always_on_search,control,128.3,19.24,109.05,23.63,0,deal_seeker
O0001631,S0017571,C01324,2025-09-12T09:00:00,direct,mobile,sports,brand_direct,control,69.44,10.42,59.02,9.12,0,deal_seeker
O0001632,S0017600,C01326,2025-10-17T15:00:00,social,desktop,home,summer_social,treatment,242.59,44.88,197.71,52.34,0,deal_seeker
O0001633,S0017601,C01326,2025-10-22T09:00:00,paid_search,mobile,beauty,always_on_search,treatment,79.74,14.75,64.99,10.85,0,deal_seeker
O0001634,S0017657,C01330,2025-12-02T09:00:00,organic,mobile,electronics,seo,treatment,234.95,27.02,207.93,64.78,0,steady
O0001635,S0017662,C01332,2025-02-01T13:00:00,organic,mobile,apparel,seo,treatment,132.84,19.26,113.57,27.21,0,new_or_low
O0001636,S0017686,C01335,2025-07-09T10:00:00,paid_search,desktop,sports,always_on_search,control,150.63,12.05,138.58,43.5,0,steady
O0001637,S0017695,C01336,2025-10-13T16:00:00,organic,mobile,electronics,seo,treatment,133.27,24.66,108.62,23.5,0,deal_seeker
O0001638,S0017724,C01338,2025-01-27T12:00:00,direct,mobile,home,brand_direct,treatment,338.36,38.91,299.45,96.81,0,steady
O0001639,S0017727,C01338,2025-01-14T09:00:00,social,mobile,beauty,summer_social,treatment,329.93,37.94,291.99,94.2,0,steady
O0001640,S0017743,C01339,2025-05-13T18:00:00,email,mobile,home,crm_lifecycle,control,333.65,16.68,316.96,125.12,0,champion
O0001641,S0017746,C01339,2025-06-04T20:00:00,organic,mobile,home,seo,control,363.16,18.16,345.0,136.9,0,champion
O0001642,S0017752,C01339,2025-07-20T16:00:00,affiliate,mobile,home,partner_cashback,control,284.41,19.91,264.5,103.09,0,champion
O0001643,S0017756,C01339,2025-08-02T09:00:00,email,mobile,food,crm_lifecycle,control,362.98,18.15,344.83,136.83,0,champion
O0001644,S0017757,C01339,2025-08-24T11:00:00,organic,mobile,sports,seo,control,389.79,19.49,370.3,147.52,0,champion
O0001645,S0017769,C01340,2025-03-09T15:00:00,email,mobile,electronics,crm_lifecycle,treatment,152.27,17.51,134.76,39.17,0,steady
O0001646,S0017803,C01342,2025-01-08T11:00:00,paid_search,mobile,beauty,always_on_search,treatment,313.52,26.65,286.87,112.49,0,champion
O0001647,S0017805,C01342,2025-01-04T18:00:00,affiliate,mobile,beauty,partner_cashback,treatment,354.11,37.18,316.93,125.11,0,champion
O0001648,S0017806,C01342,2025-01-25T21:00:00,social,mobile,apparel,summer_social,treatment,344.85,29.31,315.54,124.52,0,champion
O0001649,S0017807,C01342,2025-02-05T08:00:00,email,mobile,beauty,crm_lifecycle,treatment,402.03,34.17,367.86,146.5,0,champion
O0001650,S0017812,C01342,2025-03-04T22:00:00,affiliate,mobile,sports,partner_cashback,treatment,321.22,33.73,287.49,112.75,0,champion
O0001651,S0017816,C01342,2025-04-19T08:00:00,affiliate,mobile,apparel,partner_cashback,treatment,337.25,35.41,301.84,118.77,0,champion
O0001652,S0017818,C01342,2025-05-23T12:00:00,social,desktop,electronics,summer_social,treatment,417.25,35.47,381.78,155.35,0,champion
O0001653,S0017828,C01342,2025-12-07T09:00:00,paid_search,desktop,sports,always_on_search,treatment,343.94,29.23,314.7,127.18,0,champion
O0001654,S0017833,C01343,2025-10-14T14:00:00,direct,desktop,home,brand_direct,treatment,247.79,28.5,219.29,71.75,0,steady
O0001655,S0017849,C01344,2025-12-15T15:00:00,social,mobile,sports,summer_social,control,104.58,8.37,96.22,25.68,0,steady
O0001656,S0017854,C01345,2025-10-10T15:00:00,affiliate,mobile,electronics,partner_cashback,treatment,90.77,18.61,72.16,12.93,0,deal_seeker
O0001657,S0017861,C01345,2025-11-07T13:00:00,email,mobile,beauty,crm_lifecycle,treatment,171.58,31.74,139.84,32.55,0,deal_seeker
O0001658,S0017867,C01346,2025-02-02T19:00:00,organic,desktop,electronics,seo,control,157.9,12.63,145.27,45.84,0,steady
O0001659,S0017896,C01349,2025-11-21T13:00:00,direct,mobile,apparel,brand_direct,control,156.47,12.52,143.95,42.38,0,steady
O0001660,S0017902,C01350,2025-04-26T19:00:00,email,mobile,sports,crm_lifecycle,control,271.38,21.71,249.67,79.38,0,steady
O0001661,S0017916,C01351,2025-06-11T18:00:00,social,mobile,sports,summer_social,control,211.2,16.9,194.3,60.01,0,steady
O0001662,S0017918,C01351,2025-06-08T20:00:00,affiliate,mobile,food,partner_cashback,control,129.23,12.92,116.31,32.71,0,steady
O0001663,S0017923,C01351,2025-09-04T10:00:00,email,mobile,food,crm_lifecycle,control,254.22,20.34,233.88,73.86,0,steady
O0001664,S0017930,C01352,2025-08-06T20:00:00,direct,mobile,food,brand_direct,control,407.34,32.59,374.75,123.16,0,steady
O0001665,S0017944,C01354,2025-11-21T08:00:00,social,mobile,electronics,summer_social,treatment,215.92,24.83,191.09,58.88,0,steady
O0001666,S0017958,C01357,2025-09-22T21:00:00,direct,mobile,apparel,brand_direct,treatment,208.21,23.94,184.26,56.49,0,steady
O0001667,S0017972,C01359,2025-04-06T21:00:00,paid_search,mobile,apparel,always_on_search,control,75.61,8.32,67.3,12.86,0,new_or_low
O0001668,S0017992,C01360,2025-12-19T20:00:00,affiliate,tablet,beauty,partner_cashback,treatment,172.17,35.29,136.88,34.69,0,deal_seeker
O0001669,S0018004,C01362,2025-01-08T16:00:00,social,mobile,food,summer_social,treatment,273.12,50.53,222.59,56.55,0,deal_seeker
O0001670,S0018007,C01362,2025-02-09T21:00:00,email,mobile,food,crm_lifecycle,treatment,316.84,58.62,258.23,66.89,0,deal_seeker
O0001671,S0018011,C01362,2025-05-12T19:00:00,affiliate,desktop,food,partner_cashback,treatment,234.39,48.05,186.34,49.04,0,deal_seeker
O0001672,S0018012,C01362,2025-06-02T12:00:00,email,mobile,food,crm_lifecycle,treatment,166.42,30.79,135.64,31.33,0,deal_seeker
O0001673,S0018022,C01363,2025-03-27T11:00:00,paid_search,tablet,sports,always_on_search,treatment,472.04,40.12,431.92,176.41,0,champion
O0001674,S0018024,C01363,2025-03-02T12:00:00,direct,tablet,sports,brand_direct,treatment,503.26,42.78,460.48,188.4,0,champion
O0001675,S0018030,C01363,2025-04-06T17:00:00,direct,mobile,apparel,brand_direct,treatment,335.08,28.48,306.6,120.77,0,champion
O0001676,S0018033,C01363,2025-05-07T18:00:00,social,tablet,electronics,summer_social,treatment,304.48,25.88,278.6,112.01,0,champion
O0001677,S0018034,C01363,2025-05-19T20:00:00,organic,mobile,electronics,seo,treatment,705.76,59.99,645.77,263.22,0,champion
O0001678,S0018038,C01363,2025-06-25T21:00:00,paid_search,desktop,electronics,always_on_search,treatment,439.03,37.32,401.71,163.72,0,champion
O0001679,S0018039,C01363,2025-06-25T15:00:00,paid_search,mobile,electronics,always_on_search,treatment,190.91,16.23,174.68,65.37,0,champion
O0001680,S0018045,C01363,2025-10-23T10:00:00,paid_search,mobile,home,always_on_search,treatment,538.68,45.79,492.89,199.01,0,champion
O0001681,S0018058,C01365,2025-04-15T21:00:00,direct,mobile,home,brand_direct,control,103.75,15.56,88.19,17.57,0,deal_seeker
O0001682,S0018060,C01365,2025-05-22T08:00:00,paid_search,mobile,electronics,always_on_search,control,211.56,31.73,179.83,44.15,0,deal_seeker
O0001683,S0018083,C01368,2025-05-04T08:00:00,email,mobile,beauty,crm_lifecycle,treatment,250.25,21.27,228.98,88.17,0,champion
O0001684,S0018090,C01368,2025-07-11T10:00:00,direct,mobile,beauty,brand_direct,treatment,311.99,26.52,285.47,111.9,0,champion
O0001685,S0018095,C01368,2025-09-19T22:00:00,affiliate,mobile,electronics,partner_cashback,treatment,385.59,40.49,345.1,136.94,0,champion
O0001686,S0018099,C01368,2025-10-13T08:00:00,organic,desktop,food,seo,treatment,396.53,33.7,362.82,147.39,0,champion
O0001687,S0018101,C01368,2025-11-18T17:00:00,organic,tablet,beauty,seo,treatment,326.62,27.76,298.86,120.52,0,champion
O0001688,S0018103,C01368,2025-11-03T15:00:00,organic,desktop,home,seo,treatment,393.55,33.45,360.1,146.24,0,champion
O0001689,S0018122,C01370,2025-04-07T09:00:00,organic,desktop,apparel,seo,treatment,270.26,31.08,239.18,78.71,0,steady
O0001690,S0018133,C01370,2025-12-01T10:00:00,affiliate,mobile,home,partner_cashback,treatment,255.06,34.43,220.63,69.22,0,steady
O0001691,S0018144,C01372,2025-02-01T09:00:00,email,mobile,food,crm_lifecycle,control,136.63,20.49,116.13,25.68,0,deal_seeker
O0001692,S0018149,C01372,2025-05-22T15:00:00,organic,mobile,food,seo,control,67.76,10.16,57.6,8.7,0,deal_seeker
O0001693,S0018158,C01372,2025-12-16T18:00:00,direct,mobile,food,brand_direct,control,205.67,30.85,174.82,42.7,0,deal_seeker
O0001694,S0018159,C01372,2025-12-12T22:00:00,social,desktop,food,summer_social,control,233.25,34.99,198.26,52.5,0,deal_seeker
O0001695,S0018204,C01377,2025-06-14T20:00:00,social,mobile,sports,summer_social,control,137.21,20.58,116.63,25.82,0,deal_seeker
O0001696,S0018221,C01378,2025-08-16T10:00:00,social,mobile,apparel,summer_social,control,153.41,23.01,130.4,29.81,0,deal_seeker
O0001697,S0018233,C01379,2025-03-06T13:00:00,direct,tablet,food,brand_direct,treatment,184.58,21.23,163.35,52.17,0,steady
O0001698,S0018243,C01379,2025-11-08T15:00:00,direct,mobile,beauty,brand_direct,treatment,168.27,19.35,148.92,44.12,0,steady
O0001699,S0018271,C01380,2025-11-19T11:00:00,email,mobile,food,crm_lifecycle,control,292.44,14.62,277.82,108.69,0,champion
O0001700,S0018279,C01381,2025-05-10T22:00:00,direct,desktop,sports,brand_direct,control,264.63,21.17,243.46,80.21,0,steady
O0001701,S0018293,C01382,2025-04-18T08:00:00,direct,mobile,electronics,brand_direct,treatment,192.07,35.53,156.54,37.4,0,deal_seeker
O0001702,S0018295,C01382,2025-04-24T13:00:00,email,mobile,home,crm_lifecycle,treatment,106.08,19.62,86.45,17.07,0,deal_seeker
O0001703,S0018306,C01382,2025-12-04T12:00:00,organic,mobile,home,seo,treatment,361.54,66.89,294.66,77.45,0,deal_seeker
O0001704,S0018316,C01384,2025-10-22T19:00:00,affiliate,mobile,food,partner_cashback,control,517.74,51.77,465.96,155.09,0,steady
O0001705,S0018374,C01390,2025-11-07T16:00:00,organic,tablet,food,seo,control,270.86,40.63,230.23,61.77,1,deal_seeker
O0001706,S0018396,C01393,2025-10-17T19:00:00,direct,mobile,sports,brand_direct,control,414.18,20.71,393.47,157.26,0,champion
O0001707,S0018399,C01393,2025-12-13T19:00:00,email,mobile,sports,crm_lifecycle,control,466.42,23.32,443.1,178.1,0,champion
O0001708,S0018433,C01396,2025-11-20T09:00:00,paid_search,mobile,apparel,always_on_search,treatment,391.0,72.34,318.67,84.41,0,deal_seeker
O0001709,S0018454,C01398,2025-10-24T13:00:00,organic,mobile,electronics,seo,treatment,287.95,53.27,234.68,60.06,0,deal_seeker
O0001710,S0018467,C01399,2025-06-23T08:00:00,affiliate,mobile,home,partner_cashback,control,295.12,50.17,244.95,63.03,0,deal_seeker
O0001711,S0018514,C01404,2025-02-07T21:00:00,organic,mobile,home,seo,control,391.34,19.57,371.77,148.14,0,champion
O0001712,S0018521,C01404,2025-04-26T09:00:00,social,mobile,home,summer_social,control,198.37,9.92,188.45,71.15,0,champion
O0001713,S0018529,C01404,2025-06-04T16:00:00,email,mobile,beauty,crm_lifecycle,control,373.87,18.69,355.18,141.17,0,champion
O0001714,S0018530,C01404,2025-06-27T22:00:00,affiliate,mobile,home,partner_cashback,control,341.75,23.92,317.83,125.49,0,champion
O0001715,S0018536,C01404,2025-09-02T20:00:00,email,mobile,home,crm_lifecycle,control,272.73,13.64,259.09,100.82,1,champion
O0001716,S0018539,C01404,2025-11-26T17:00:00,organic,desktop,food,seo,control,424.14,21.21,402.93,164.23,0,champion
O0001717,S0018545,C01404,2025-12-19T13:00:00,paid_search,mobile,home,always_on_search,control,242.79,12.14,230.65,88.87,0,champion
O0001718,S0018563,C01406,2025-08-12T13:00:00,email,mobile,beauty,crm_lifecycle,treatment,298.7,25.39,273.31,106.79,0,champion
O0001719,S0018564,C01406,2025-08-09T09:00:00,affiliate,desktop,electronics,partner_cashback,treatment,501.58,52.67,448.91,183.54,0,champion
O0001720,S0018567,C01406,2025-10-27T19:00:00,organic,mobile,beauty,seo,treatment,277.94,23.62,254.31,98.81,0,champion
O0001721,S0018591,C01407,2025-09-01T16:00:00,paid_search,mobile,electronics,always_on_search,control,180.52,14.44,166.08,50.13,0,steady
O0001722,S0018600,C01408,2025-11-01T08:00:00,social,mobile,home,summer_social,control,220.07,17.61,202.46,62.86,1,steady
O0001723,S0018606,C01408,2025-12-06T12:00:00,email,mobile,apparel,crm_lifecycle,control,233.25,18.66,214.59,67.11,0,steady
O0001724,S0018650,C01411,2025-04-06T18:00:00,social,mobile,electronics,summer_social,treatment,316.07,36.35,279.73,89.9,0,steady
O0001725,S0018652,C01411,2025-04-25T18:00:00,organic,mobile,sports,seo,treatment,338.01,38.87,299.14,96.7,0,steady
O0001726,S0018660,C01411,2025-05-07T19:00:00,email,mobile,food,crm_lifecycle,treatment,223.26,25.67,197.59,61.15,0,steady
O0001727,S0018675,C01412,2025-09-25T19:00:00,social,desktop,sports,summer_social,control,254.27,27.97,226.3,65.15,0,new_or_low
O0001728,S0018681,C01413,2025-12-15T22:00:00,affiliate,mobile,apparel,partner_cashback,treatment,511.47,53.7,457.77,184.26,0,champion
O0001729,S0018682,C01413,2025-12-09T17:00:00,email,mobile,sports,crm_lifecycle,treatment,636.76,54.12,582.64,236.71,0,champion
O0001730,S0018693,C01414,2025-05-09T17:00:00,paid_search,desktop,electronics,always_on_search,treatment,283.09,32.55,250.53,82.69,0,steady
O0001731,S0018708,C01415,2025-08-25T08:00:00,affiliate,desktop,home,partner_cashback,control,226.38,38.49,187.9,49.49,0,deal_seeker
O0001732,S0018720,C01416,2025-04-04T08:00:00,affiliate,mobile,beauty,partner_cashback,treatment,153.3,20.7,132.61,38.41,0,steady
O0001733,S0018724,C01416,2025-05-09T11:00:00,paid_search,desktop,sports,always_on_search,treatment,199.35,22.93,176.43,56.75,0,steady
O0001734,S0018727,C01416,2025-08-13T08:00:00,affiliate,mobile,beauty,partner_cashback,treatment,235.0,31.73,203.28,63.15,0,steady
O0001735,S0018728,C01416,2025-08-18T17:00:00,social,mobile,beauty,summer_social,treatment,420.33,48.34,371.99,122.2,0,steady
O0001736,S0018744,C01417,2025-05-18T08:00:00,paid_search,desktop,food,always_on_search,treatment,324.94,37.37,287.58,95.65,0,steady
O0001737,S0018753,C01417,2025-11-14T14:00:00,paid_search,mobile,food,always_on_search,treatment,214.78,24.7,190.08,58.53,0,steady
O0001738,S0018778,C01420,2025-04-15T08:00:00,email,desktop,electronics,crm_lifecycle,treatment,176.59,15.01,161.58,62.86,0,champion
O0001739,S0018782,C01420,2025-04-08T16:00:00,email,desktop,beauty,crm_lifecycle,treatment,195.63,16.63,179.0,70.18,0,champion
O0001740,S0018784,C01420,2025-05-27T14:00:00,email,mobile,food,crm_lifecycle,treatment,281.67,23.94,257.73,100.24,0,champion
O0001741,S0018785,C01420,2025-05-01T18:00:00,organic,mobile,electronics,seo,treatment,216.17,18.37,197.79,75.07,0,champion
O0001742,S0018793,C01420,2025-07-23T18:00:00,direct,mobile,food,brand_direct,treatment,259.41,22.05,237.36,91.69,0,champion
O0001743,S0018795,C01420,2025-08-11T08:00:00,social,mobile,electronics,summer_social,treatment,466.52,39.65,426.87,171.29,0,champion
O0001744,S0018807,C01420,2025-11-27T11:00:00,organic,mobile,electronics,seo,treatment,339.52,28.86,310.66,122.48,0,champion
O0001745,S0018821,C01421,2025-07-08T08:00:00,social,mobile,electronics,summer_social,control,306.66,15.33,291.33,114.36,0,champion
O0001746,S0018826,C01421,2025-09-08T08:00:00,direct,mobile,electronics,brand_direct,control,496.13,24.81,471.32,189.96,0,champion
O0001747,S0018827,C01421,2025-09-05T12:00:00,organic,tablet,home,seo,control,324.66,16.23,308.43,124.54,0,champion
O0001748,S0018833,C01421,2025-11-20T15:00:00,direct,mobile,electronics,brand_direct,control,170.25,8.51,161.73,59.93,0,champion
O0001749,S0018834,C01421,2025-11-09T17:00:00,paid_search,desktop,beauty,always_on_search,control,737.87,36.89,700.98,289.41,1,champion
O0001750,S0018845,C01422,2025-05-05T13:00:00,paid_search,mobile,food,always_on_search,treatment,174.5,20.07,154.43,46.05,1,steady
O0001751,S0018884,C01425,2025-09-20T18:00:00,organic,mobile,sports,seo,treatment,96.6,11.11,85.49,21.92,0,steady
O0001752,S0018905,C01427,2025-05-12T12:00:00,social,mobile,apparel,summer_social,treatment,235.01,43.48,191.53,47.54,0,deal_seeker
O0001753,S0018911,C01427,2025-10-11T09:00:00,organic,mobile,home,seo,treatment,145.18,26.86,118.32,26.31,0,deal_seeker
O0001754,S0018926,C01429,2025-03-04T11:00:00,email,mobile,food,crm_lifecycle,treatment,141.26,20.48,120.78,29.44,0,new_or_low
O0001755,S0018942,C01431,2025-09-18T21:00:00,paid_search,mobile,apparel,always_on_search,treatment,395.35,33.6,361.75,143.93,0,champion
O0001756,S0018967,C01433,2025-12-09T22:00:00,affiliate,mobile,beauty,partner_cashback,control,242.92,41.3,201.63,50.47,0,deal_seeker
O0001757,S0018976,C01434,2025-10-27T10:00:00,direct,tablet,food,brand_direct,treatment,293.8,33.79,260.01,86.0,0,steady
O0001758,S0018978,C01435,2025-11-13T11:00:00,social,desktop,apparel,summer_social,treatment,195.85,16.65,179.21,70.27,0,champion
O0001759,S0018991,C01436,2025-04-07T21:00:00,affiliate,desktop,sports,partner_cashback,treatment,266.72,28.01,238.71,95.26,0,champion
O0001760,S0018994,C01436,2025-04-01T17:00:00,email,mobile,beauty,crm_lifecycle,treatment,139.0,11.81,127.18,45.42,0,champion
O0001761,S0018995,C01436,2025-05-11T22:00:00,organic,desktop,food,seo,treatment,277.61,23.6,254.02,101.69,0,champion
O0001762,S0018996,C01436,2025-05-23T15:00:00,organic,mobile,apparel,seo,treatment,383.25,32.58,350.67,139.28,0,champion
O0001763,S0019004,C01436,2025-08-22T19:00:00,paid_search,mobile,food,always_on_search,treatment,361.89,30.76,331.13,131.07,0,champion
O0001764,S0019007,C01436,2025-09-26T20:00:00,affiliate,mobile,sports,partner_cashback,treatment,438.75,46.07,392.68,156.93,1,champion
O0001765,S0019015,C01436,2025-12-25T13:00:00,paid_search,mobile,electronics,always_on_search,treatment,670.73,57.01,613.72,249.76,0,champion
O0001766,S0019017,C01436,2025-12-13T11:00:00,email,desktop,food,crm_lifecycle,treatment,270.94,23.03,247.91,99.12,0,champion
O0001767,S0019022,C01437,2025-08-01T12:00:00,email,mobile,home,crm_lifecycle,control,227.84,18.23,209.61,65.37,0,steady
O0001768,S0019023,C01437,2025-08-17T15:00:00,social,mobile,home,summer_social,control,164.99,13.2,151.79,45.13,0,steady
O0001769,S0019024,C01437,2025-09-27T14:00:00,affiliate,mobile,home,partner_cashback,control,165.67,16.57,149.11,44.19,0,steady
O0001770,S0019026,C01437,2025-10-13T16:00:00,paid_search,mobile,food,always_on_search,control,265.14,21.21,243.93,77.38,1,steady
O0001771,S0019030,C01437,2025-12-24T17:00:00,email,desktop,home,crm_lifecycle,control,137.7,11.02,126.68,39.34,0,steady
O0001772,S0019040,C01438,2025-09-25T15:00:00,social,desktop,apparel,summer_social,treatment,517.47,43.98,473.48,193.86,0,champion
O0001773,S0019041,C01438,2025-10-19T09:00:00,organic,mobile,home,seo,treatment,599.77,50.98,548.79,222.49,0,champion
O0001774,S0019044,C01438,2025-11-01T11:00:00,social,mobile,home,summer_social,treatment,310.02,26.35,283.67,111.14,0,champion
O0001775,S0019047,C01438,2025-12-26T12:00:00,social,desktop,food,summer_social,treatment,438.14,37.24,400.9,163.38,0,champion
O0001776,S0019049,C01438,2025-12-10T09:00:00,organic,desktop,beauty,seo,treatment,343.71,29.22,314.5,127.09,0,champion
O0001777,S0019062,C01439,2025-10-19T21:00:00,email,mobile,apparel,crm_lifecycle,treatment,360.87,41.5,319.37,103.78,0,steady
O0001778,S0019069,C01440,2025-06-15T16:00:00,email,mobile,electronics,crm_lifecycle,treatment,448.55,51.58,396.97,130.94,0,steady
O0001779,S0019088,C01441,2025-07-17T21:00:00,paid_search,mobile,electronics,always_on_search,treatment,270.64,23.0,247.64,96.01,0,champion
O0001780,S0019100,C01441,2025-12-04T20:00:00,social,mobile,sports,summer_social,treatment,297.02,25.25,271.77,106.15,0,champion
O0001781,S0019110,C01442,2025-03-03T13:00:00,affiliate,desktop,beauty,partner_cashback,treatment,269.88,28.34,241.55,96.45,0,champion
O0001782,S0019115,C01442,2025-04-18T11:00:00,organic,tablet,sports,seo,treatment,477.25,40.57,436.68,178.41,0,champion
O0001783,S0019126,C01442,2025-08-27T16:00:00,organic,mobile,sports,seo,treatment,380.95,32.38,348.56,138.4,0,champion
O0001784,S0019141,C01443,2025-07-26T12:00:00,organic,mobile,apparel,seo,control,183.7,9.18,174.51,65.29,0,champion
O0001785,S0019143,C01443,2025-08-05T15:00:00,organic,mobile,electronics,seo,control,575.19,28.76,546.43,221.5,0,champion
O0001786,S0019148,C01443,2025-10-07T08:00:00,social,mobile,electronics,summer_social,control,418.14,20.91,397.23,158.84,0,champion
O0001787,S0019153,C01443,2025-11-03T08:00:00,email,desktop,food,crm_lifecycle,control,233.25,11.66,221.59,88.07,0,champion
O0001788,S0019156,C01443,2025-12-17T18:00:00,social,mobile,electronics,summer_social,control,214.99,10.75,204.24,77.78,0,champion
O0001789,S0019157,C01443,2025-12-04T21:00:00,direct,desktop,food,brand_direct,control,399.6,19.98,379.62,154.44,0,champion
O0001790,S0019176,C01446,2025-11-13T22:00:00,organic,mobile,electronics,seo,control,207.75,31.16,176.59,43.21,0,deal_seeker
O0001791,S0019188,C01448,2025-07-08T10:00:00,organic,mobile,food,seo,control,89.63,13.44,76.18,14.09,0,deal_seeker
O0001792,S0019193,C01448,2025-07-04T08:00:00,email,desktop,food,crm_lifecycle,control,213.17,31.98,181.19,47.55,0,deal_seeker
O0001793,S0019200,C01448,2025-11-10T19:00:00,paid_search,tablet,electronics,always_on_search,control,154.16,23.12,131.03,33.0,0,deal_seeker
O0001794,S0019216,C01451,2025-07-11T14:00:00,paid_search,tablet,beauty,always_on_search,treatment,287.82,33.1,254.72,84.15,0,steady
O0001795,S0019226,C01452,2025-02-11T22:00:00,social,mobile,beauty,summer_social,treatment,258.32,47.79,210.53,53.05,0,deal_seeker
O0001796,S0019231,C01452,2025-05-05T08:00:00,organic,mobile,electronics,seo,treatment,156.22,28.9,127.32,28.92,0,deal_seeker
O0001797,S0019256,C01455,2025-04-21T11:00:00,social,mobile,home,summer_social,control,268.08,13.4,254.68,98.97,0,champion
O0001798,S0019261,C01455,2025-06-22T18:00:00,direct,mobile,electronics,brand_direct,control,302.72,15.14,287.59,112.79,0,champion
O0001799,S0019327,C01460,2025-09-03T16:00:00,social,mobile,home,summer_social,treatment,438.32,37.26,401.06,160.44,0,champion
O0001800,S0019337,C01460,2025-12-12T17:00:00,email,mobile,home,crm_lifecycle,treatment,460.71,39.16,421.55,169.05,0,champion
O0001801,S0019355,C01461,2025-10-03T12:00:00,social,tablet,apparel,summer_social,control,125.49,18.82,106.67,25.93,1,deal_seeker
O0001802,S0019366,C01462,2025-08-17T21:00:00,paid_search,desktop,sports,always_on_search,control,153.12,7.66,145.46,56.09,0,champion
O0001803,S0019384,C01463,2025-10-25T11:00:00,affiliate,desktop,beauty,partner_cashback,control,298.45,50.74,247.71,66.84,0,deal_seeker
O0001804,S0019398,C01464,2025-10-22T10:00:00,email,mobile,food,crm_lifecycle,control,286.69,22.93,263.75,84.31,0,steady
O0001805,S0019416,C01466,2025-10-07T14:00:00,social,mobile,electronics,summer_social,control,452.12,22.61,429.51,172.4,0,champion
O0001806,S0019420,C01466,2025-11-09T22:00:00,affiliate,mobile,electronics,partner_cashback,control,378.68,26.51,352.17,139.91,0,champion
O0001807,S0019430,C01467,2025-06-10T20:00:00,email,mobile,apparel,crm_lifecycle,treatment,266.72,22.67,244.05,94.5,0,champion
O0001808,S0019432,C01467,2025-07-11T12:00:00,paid_search,mobile,home,always_on_search,treatment,373.02,31.71,341.31,135.35,0,champion
O0001809,S0019451,C01468,2025-02-05T18:00:00,paid_search,desktop,apparel,always_on_search,treatment,239.28,20.34,218.94,86.96,0,champion
O0001810,S0019452,C01468,2025-02-01T19:00:00,paid_search,mobile,apparel,always_on_search,treatment,163.05,13.86,149.19,54.66,0,champion
O0001811,S0019460,C01468,2025-04-22T12:00:00,paid_search,mobile,apparel,always_on_search,treatment,390.25,33.17,357.08,141.97,0,champion
O0001812,S0019464,C01468,2025-06-07T11:00:00,organic,mobile,apparel,seo,treatment,363.64,30.91,332.73,131.75,0,champion
O0001813,S0019470,C01468,2025-07-10T17:00:00,email,mobile,apparel,crm_lifecycle,treatment,210.2,17.87,192.33,72.78,0,champion
O0001814,S0019473,C01468,2025-08-16T20:00:00,email,desktop,apparel,crm_lifecycle,treatment,546.03,46.41,499.62,204.84,0,champion
O0001815,S0019475,C01468,2025-08-26T16:00:00,social,mobile,food,summer_social,treatment,412.58,35.07,377.51,150.55,0,champion
O0001816,S0019477,C01468,2025-09-22T16:00:00,email,desktop,apparel,crm_lifecycle,treatment,272.43,23.16,249.27,99.69,0,champion
O0001817,S0019493,C01469,2025-12-07T08:00:00,direct,tablet,food,brand_direct,treatment,271.03,39.3,231.73,66.84,0,new_or_low
O0001818,S0019508,C01471,2025-07-02T17:00:00,paid_search,mobile,food,always_on_search,control,211.84,31.78,180.07,44.22,0,deal_seeker
O0001819,S0019512,C01471,2025-11-04T09:00:00,paid_search,mobile,beauty,always_on_search,control,348.37,52.26,296.11,77.87,0,deal_seeker
O0001820,S0019560,C01475,2025-10-08T11:00:00,social,desktop,apparel,summer_social,treatment,82.23,15.21,67.02,14.44,1,deal_seeker
O0001821,S0019564,C01475,2025-11-17T12:00:00,paid_search,mobile,home,always_on_search,treatment,173.64,32.12,141.52,33.04,0,deal_seeker
O0001822,S0019575,C01476,2025-05-07T11:00:00,social,desktop,sports,summer_social,control,227.79,18.22,209.57,68.35,0,steady
O0001823,S0019586,C01476,2025-08-21T21:00:00,paid_search,mobile,sports,always_on_search,control,137.52,11.0,126.51,36.28,0,steady
O0001824,S0019588,C01476,2025-09-24T10:00:00,organic,mobile,sports,seo,control,237.21,18.98,218.23,68.38,0,steady
O0001825,S0019603,C01478,2025-07-16T08:00:00,email,desktop,home,crm_lifecycle,control,48.99,5.39,43.6,8.52,0,new_or_low
O0001826,S0019628,C01480,2025-04-06T22:00:00,organic,desktop,food,seo,treatment,455.17,38.69,416.48,169.92,0,champion
O0001827,S0019631,C01480,2025-05-03T16:00:00,email,mobile,beauty,crm_lifecycle,treatment,239.01,20.32,218.7,83.85,0,champion
O0001828,S0019635,C01480,2025-07-05T18:00:00,organic,mobile,food,seo,treatment,145.11,12.33,132.77,47.77,0,champion
O0001829,S0019636,C01480,2025-08-14T17:00:00,paid_search,mobile,electronics,always_on_search,treatment,723.67,61.51,662.16,270.11,0,champion
O0001830,S0019648,C01481,2025-07-16T18:00:00,paid_search,mobile,beauty,always_on_search,treatment,193.97,22.31,171.66,52.08,1,steady
O0001831,S0019670,C01482,2025-11-01T08:00:00,email,mobile,food,crm_lifecycle,treatment,332.49,28.26,304.23,119.78,0,champion
O0001832,S0019674,C01482,2025-12-02T18:00:00,affiliate,desktop,home,partner_cashback,treatment,298.69,31.36,267.33,107.28,0,champion
O0001833,S0019700,C01487,2025-07-27T21:00:00,direct,mobile,beauty,brand_direct,control,287.31,14.37,272.95,106.64,0,champion
O0001834,S0019704,C01487,2025-09-11T15:00:00,email,mobile,beauty,crm_lifecycle,control,236.32,11.82,224.51,86.29,0,champion
O0001835,S0019711,C01487,2025-11-24T22:00:00,email,mobile,sports,crm_lifecycle,control,309.41,15.47,293.94,115.45,0,champion
O0001836,S0019715,C01487,2025-12-11T17:00:00,organic,mobile,apparel,seo,control,234.72,11.74,222.98,85.65,0,champion
O0001837,S0019731,C01489,2025-08-05T18:00:00,organic,mobile,sports,seo,treatment,224.78,41.59,183.2,45.13,0,deal_seeker
O0001838,S0019743,C01490,2025-05-05T14:00:00,paid_search,desktop,sports,always_on_search,treatment,416.21,47.86,368.35,123.92,0,steady
O0001839,S0019755,C01491,2025-01-15T14:00:00,social,mobile,home,summer_social,control,314.41,47.16,267.25,69.5,0,deal_seeker
O0001840,S0019764,C01491,2025-03-25T15:00:00,direct,mobile,sports,brand_direct,control,163.43,24.51,138.91,32.29,0,deal_seeker
O0001841,S0019806,C01495,2025-09-14T17:00:00,affiliate,mobile,food,partner_cashback,control,277.02,19.39,257.63,100.2,0,champion
O0001842,S0019807,C01495,2025-09-05T18:00:00,direct,mobile,apparel,brand_direct,control,446.4,22.32,424.08,170.11,0,champion
O0001843,S0019815,C01495,2025-10-17T17:00:00,organic,mobile,sports,seo,control,588.45,29.42,559.02,226.79,0,champion
O0001844,S0019817,C01495,2025-11-21T17:00:00,organic,tablet,beauty,seo,control,339.55,16.98,322.57,130.48,0,champion
O0001845,S0019822,C01496,2025-03-04T21:00:00,affiliate,mobile,electronics,partner_cashback,control,150.69,15.07,135.62,39.47,0,steady
O0001846,S0019841,C01497,2025-01-14T20:00:00,email,mobile,beauty,crm_lifecycle,control,399.26,19.96,379.3,151.3,0,champion
O0001847,S0019847,C01497,2025-02-20T18:00:00,organic,desktop,apparel,seo,control,323.74,16.19,307.56,124.17,0,champion
O0001848,S0019851,C01497,2025-03-02T12:00:00,affiliate,mobile,food,partner_cashback,control,219.88,15.39,204.49,77.89,0,champion
O0001849,S0019854,C01497,2025-05-13T10:00:00,paid_search,desktop,food,always_on_search,control,248.28,12.41,235.87,94.07,0,champion
O0001850,S0019861,C01497,2025-08-03T19:00:00,organic,desktop,home,seo,control,428.34,21.42,406.92,165.91,0,champion
O0001851,S0019869,C01497,2025-11-07T16:00:00,social,mobile,electronics,summer_social,control,207.98,10.4,197.58,74.98,0,champion
O0001852,S0019887,C01498,2025-11-12T18:00:00,organic,desktop,home,seo,treatment,411.97,47.38,364.59,122.61,0,steady
O0001853,S0019889,C01498,2025-12-05T08:00:00,social,mobile,sports,summer_social,treatment,363.93,41.85,322.07,104.73,0,steady
O0001854,S0019903,C01500,2025-04-17T22:00:00,paid_search,desktop,home,always_on_search,control,127.48,14.02,113.46,30.17,0,new_or_low
O0001855,S0019932,C01502,2025-07-02T19:00:00,organic,desktop,electronics,seo,treatment,222.4,41.14,181.26,47.56,0,deal_seeker
O0001856,S0019937,C01502,2025-11-01T16:00:00,paid_search,mobile,home,always_on_search,treatment,112.87,20.88,91.99,18.68,0,deal_seeker
O0001857,S0019942,C01503,2025-11-06T12:00:00,organic,mobile,beauty,seo,control,261.46,20.92,240.54,76.19,0,steady
O0001858,S0019968,C01506,2025-07-02T13:00:00,organic,mobile,home,seo,control,353.75,17.69,336.06,133.15,0,champion
O0001859,S0019973,C01506,2025-10-19T18:00:00,paid_search,desktop,food,always_on_search,control,691.19,34.56,656.63,270.78,0,champion
O0001860,S0020032,C01510,2025-11-09T15:00:00,social,mobile,sports,summer_social,treatment,356.81,30.33,326.48,129.12,0,champion
O0001861,S0020035,C01511,2025-07-02T18:00:00,paid_search,mobile,apparel,always_on_search,control,298.55,14.93,283.62,111.12,0,champion
O0001862,S0020038,C01511,2025-10-03T21:00:00,direct,mobile,apparel,brand_direct,control,324.97,16.25,308.72,121.66,0,champion
O0001863,S0020044,C01511,2025-12-26T17:00:00,organic,mobile,apparel,seo,control,265.25,13.26,251.99,97.84,0,champion
O0001864,S0020075,C01514,2025-05-17T10:00:00,affiliate,mobile,beauty,partner_cashback,treatment,268.13,36.2,231.93,73.18,0,steady
O0001865,S0020109,C01515,2025-11-02T20:00:00,organic,desktop,apparel,seo,treatment,338.23,38.9,299.33,99.77,0,steady
O0001866,S0020118,C01516,2025-10-09T22:00:00,paid_search,mobile,beauty,always_on_search,control,235.22,18.82,216.4,67.74,0,steady
O0001867,S0020153,C01519,2025-10-03T10:00:00,organic,mobile,home,seo,treatment,351.74,29.9,321.84,127.17,0,champion
O0001868,S0020154,C01519,2025-10-08T15:00:00,organic,mobile,food,seo,treatment,292.4,24.85,267.55,104.37,0,champion
O0001869,S0020156,C01519,2025-11-17T10:00:00,paid_search,desktop,food,always_on_search,treatment,398.6,33.88,364.72,148.18,0,champion
O0001870,S0020170,C01521,2025-11-22T17:00:00,paid_search,desktop,food,always_on_search,treatment,393.12,33.42,359.7,146.08,1,champion
O0001871,S0020173,C01521,2025-12-04T09:00:00,affiliate,mobile,beauty,partner_cashback,treatment,368.4,38.68,329.72,130.48,0,champion
O0001872,S0020182,C01522,2025-10-17T16:00:00,paid_search,tablet,electronics,always_on_search,treatment,451.95,38.42,413.53,168.68,0,champion
O0001873,S0020184,C01522,2025-10-14T21:00:00,email,desktop,food,crm_lifecycle,treatment,322.01,27.37,294.64,118.75,0,champion
O0001874,S0020189,C01522,2025-12-18T09:00:00,direct,mobile,beauty,brand_direct,treatment,232.39,19.75,212.64,81.31,0,champion
O0001875,S0020196,C01524,2025-04-24T18:00:00,organic,mobile,apparel,seo,treatment,148.3,27.44,120.87,27.05,0,deal_seeker
O0001876,S0020198,C01524,2025-05-25T19:00:00,direct,mobile,sports,brand_direct,treatment,188.22,34.82,153.4,36.49,0,deal_seeker
O0001877,S0020200,C01524,2025-05-13T14:00:00,organic,desktop,beauty,seo,treatment,43.78,8.1,35.68,5.35,0,deal_seeker
O0001878,S0020217,C01524,2025-12-27T11:00:00,organic,desktop,beauty,seo,treatment,105.74,19.56,86.18,19.99,0,deal_seeker
O0001879,S0020242,C01527,2025-08-22T21:00:00,organic,mobile,home,seo,control,458.58,36.69,421.89,139.66,0,steady
O0001880,S0020245,C01527,2025-09-18T11:00:00,paid_search,mobile,home,always_on_search,control,497.97,39.84,458.13,152.35,0,steady
O0001881,S0020268,C01531,2025-10-07T15:00:00,paid_search,mobile,sports,always_on_search,treatment,261.33,30.05,231.28,72.95,0,steady
O0001882,S0020271,C01531,2025-12-11T09:00:00,direct,mobile,sports,brand_direct,treatment,257.89,29.66,228.23,71.88,0,steady
O0001883,S0020293,C01535,2025-02-02T16:00:00,social,mobile,food,summer_social,control,153.97,23.09,130.87,29.95,0,deal_seeker
O0001884,S0020298,C01535,2025-05-09T10:00:00,social,desktop,food,summer_social,control,69.45,10.42,59.03,12.12,0,deal_seeker
O0001885,S0020302,C01535,2025-06-19T13:00:00,email,tablet,food,crm_lifecycle,control,213.31,32.0,181.31,47.58,0,deal_seeker
O0001886,S0020327,C01537,2025-06-11T12:00:00,organic,desktop,sports,seo,treatment,190.54,21.91,168.62,54.02,0,steady
O0001887,S0020332,C01537,2025-12-23T18:00:00,affiliate,mobile,apparel,partner_cashback,treatment,198.17,26.75,171.41,51.99,0,steady
O0001888,S0020348,C01540,2025-08-11T22:00:00,affiliate,mobile,food,partner_cashback,treatment,357.46,37.53,319.93,126.37,0,champion
O0001889,S0020351,C01540,2025-09-17T12:00:00,paid_search,mobile,sports,always_on_search,treatment,329.42,28.0,301.42,118.59,0,champion
O0001890,S0020354,C01540,2025-10-13T22:00:00,direct,mobile,sports,brand_direct,treatment,231.65,19.69,211.96,81.02,0,champion
O0001891,S0020366,C01541,2025-08-18T19:00:00,organic,desktop,apparel,seo,treatment,281.46,32.37,249.09,82.18,0,steady
O0001892,S0020371,C01541,2025-11-27T14:00:00,affiliate,mobile,sports,partner_cashback,treatment,96.38,13.01,83.37,21.18,0,steady
O0001893,S0020375,C01542,2025-07-23T14:00:00,organic,desktop,sports,seo,treatment,283.99,32.66,251.33,82.97,0,steady
O0001894,S0020377,C01542,2025-07-06T19:00:00,direct,mobile,apparel,brand_direct,treatment,239.48,27.54,211.94,66.18,0,steady
O0001895,S0020423,C01544,2025-08-05T08:00:00,paid_search,mobile,food,always_on_search,treatment,324.74,60.08,264.67,68.75,0,deal_seeker
O0001896,S0020442,C01545,2025-09-04T22:00:00,organic,mobile,sports,seo,treatment,177.11,20.37,156.74,46.86,0,steady
O0001897,S0020452,C01546,2025-02-04T11:00:00,affiliate,mobile,home,partner_cashback,treatment,114.03,23.38,90.65,18.29,0,deal_seeker
O0001898,S0020476,C01548,2025-06-07T08:00:00,organic,mobile,electronics,seo,treatment,75.43,10.94,64.49,11.99,0,new_or_low
O0001899,S0020483,C01549,2025-05-05T11:00:00,organic,tablet,apparel,seo,treatment,286.74,32.98,253.77,83.82,0,steady
O0001900,S0020492,C01549,2025-09-10T08:00:00,social,mobile,apparel,summer_social,treatment,149.71,17.22,132.5,38.37,0,steady
O0001901,S0020500,C01550,2025-03-18T12:00:00,social,mobile,sports,summer_social,treatment,257.85,29.65,228.2,71.87,0,steady
O0001902,S0020521,C01550,2025-11-23T13:00:00,paid_search,mobile,home,always_on_search,treatment,297.34,34.19,263.15,84.1,0,steady
O0001903,S0020561,C01552,2025-09-09T18:00:00,email,mobile,sports,crm_lifecycle,treatment,327.22,37.63,289.59,93.35,0,steady
O0001904,S0020567,C01553,2025-08-06T17:00:00,paid_search,mobile,apparel,always_on_search,control,401.94,32.16,369.79,121.43,0,steady
O0001905,S0020582,C01554,2025-04-20T11:00:00,organic,mobile,apparel,seo,control,163.67,24.55,139.12,32.35,0,deal_seeker
O0001906,S0020607,C01556,2025-06-03T09:00:00,social,mobile,beauty,summer_social,treatment,529.71,45.03,484.68,195.57,0,champion
O0001907,S0020608,C01556,2025-06-17T10:00:00,paid_search,mobile,beauty,always_on_search,treatment,298.02,25.33,272.68,106.53,0,champion
O0001908,S0020612,C01556,2025-07-03T14:00:00,affiliate,mobile,food,partner_cashback,treatment,354.7,37.24,317.46,125.33,0,champion
O0001909,S0020613,C01556,2025-07-03T19:00:00,email,mobile,electronics,crm_lifecycle,treatment,208.55,17.73,190.82,72.15,0,champion
O0001910,S0020621,C01556,2025-09-14T20:00:00,organic,mobile,beauty,seo,treatment,168.18,14.3,153.88,56.63,0,champion
O0001911,S0020626,C01556,2025-11-20T18:00:00,social,desktop,beauty,summer_social,treatment,254.7,21.65,233.05,92.88,0,champion
O0001912,S0020628,C01556,2025-11-16T17:00:00,social,mobile,sports,summer_social,treatment,381.34,32.41,348.92,138.55,0,champion
O0001913,S0020631,C01556,2025-12-22T08:00:00,direct,mobile,beauty,brand_direct,treatment,276.47,23.5,252.97,98.25,0,champion
O0001914,S0020680,C01559,2025-10-09T18:00:00,organic,mobile,beauty,seo,treatment,179.23,33.16,146.08,34.36,0,deal_seeker
O0001915,S0020681,C01559,2025-10-13T16:00:00,email,mobile,apparel,crm_lifecycle,treatment,288.12,53.3,234.82,60.1,0,deal_seeker
O0001916,S0020685,C01559,2025-11-02T08:00:00,social,desktop,apparel,summer_social,treatment,245.07,45.34,199.73,52.92,0,deal_seeker
O0001917,S0020694,C01560,2025-10-22T13:00:00,affiliate,mobile,home,partner_cashback,treatment,305.11,32.04,273.07,106.69,0,champion
O0001918,S0020695,C01560,2025-10-08T15:00:00,paid_search,mobile,sports,always_on_search,treatment,262.82,22.34,240.48,93.0,0,champion
O0001919,S0020698,C01560,2025-10-27T16:00:00,paid_search,desktop,sports,always_on_search,treatment,288.51,24.52,263.99,105.87,0,champion
O0001920,S0020708,C01561,2025-03-19T09:00:00,organic,desktop,home,seo,treatment,405.69,34.48,371.21,150.91,0,champion
O0001921,S0020713,C01561,2025-03-16T14:00:00,organic,mobile,beauty,seo,treatment,331.88,28.21,303.67,119.54,0,champion
O0001922,S0020719,C01561,2025-05-20T10:00:00,paid_search,mobile,home,always_on_search,treatment,985.9,83.8,902.1,370.88,0,champion
O0001923,S0020724,C01561,2025-07-15T15:00:00,organic,desktop,apparel,seo,treatment,230.73,19.61,211.12,83.67,0,champion
O0001924,S0020734,C01561,2025-11-17T12:00:00,paid_search,mobile,apparel,always_on_search,treatment,275.28,23.4,251.88,97.79,0,champion
O0001925,S0020749,C01562,2025-09-09T21:00:00,social,desktop,home,summer_social,control,198.78,29.82,168.96,44.0,0,deal_seeker
O0001926,S0020750,C01562,2025-09-27T19:00:00,paid_search,mobile,food,always_on_search,control,471.76,70.76,400.99,108.29,0,deal_seeker
O0001927,S0020753,C01562,2025-12-27T16:00:00,paid_search,mobile,beauty,always_on_search,control,117.69,17.65,100.03,21.01,0,deal_seeker
O0001928,S0020758,C01563,2025-06-25T10:00:00,paid_search,mobile,beauty,always_on_search,control,236.26,11.81,224.44,86.27,1,champion
O0001929,S0020760,C01563,2025-06-14T21:00:00,organic,mobile,beauty,seo,control,671.0,33.55,637.45,259.73,0,champion
O0001930,S0020768,C01563,2025-09-07T15:00:00,organic,mobile,beauty,seo,control,416.85,20.84,396.01,158.32,0,champion
O0001931,S0020773,C01564,2025-02-10T22:00:00,social,desktop,electronics,summer_social,treatment,169.9,31.43,138.47,35.16,0,deal_seeker
O0001932,S0020780,C01564,2025-05-04T12:00:00,social,mobile,electronics,summer_social,treatment,275.42,50.95,224.47,57.09,0,deal_seeker
O0001933,S0020781,C01564,2025-05-02T10:00:00,email,mobile,electronics,crm_lifecycle,treatment,126.18,23.34,102.83,21.82,0,deal_seeker
O0001934,S0020786,C01564,2025-08-06T12:00:00,organic,mobile,food,seo,treatment,211.92,39.21,172.71,42.09,1,deal_seeker
O0001935,S0020787,C01564,2025-08-26T19:00:00,social,desktop,sports,summer_social,treatment,240.74,44.54,196.2,51.9,0,deal_seeker
O0001936,S0020792,C01564,2025-10-09T09:00:00,social,mobile,sports,summer_social,treatment,190.13,35.17,154.95,36.94,0,deal_seeker
O0001937,S0020828,C01566,2025-12-10T21:00:00,paid_search,mobile,beauty,always_on_search,treatment,283.02,52.36,230.66,58.89,0,deal_seeker
O0001938,S0020835,C01567,2025-10-19T14:00:00,organic,desktop,food,seo,control,156.24,12.5,143.74,45.31,0,steady
O0001939,S0020845,C01568,2025-12-14T10:00:00,paid_search,mobile,food,always_on_search,control,276.0,13.8,262.2,102.13,0,champion
O0001940,S0020852,C01569,2025-03-25T12:00:00,organic,mobile,beauty,seo,treatment,223.52,41.35,182.17,44.83,0,deal_seeker
O0001941,S0020857,C01569,2025-05-25T17:00:00,social,tablet,home,summer_social,treatment,124.83,23.09,101.74,24.5,0,deal_seeker
O0001942,S0020858,C01569,2025-05-06T14:00:00,affiliate,mobile,food,partner_cashback,treatment,177.42,36.37,141.05,32.9,0,deal_seeker
O0001943,S0020873,C01569,2025-12-18T16:00:00,paid_search,mobile,beauty,always_on_search,treatment,164.73,30.47,134.25,30.93,0,deal_seeker
O0001944,S0020874,C01570,2025-08-23T15:00:00,paid_search,mobile,home,always_on_search,treatment,608.91,51.76,557.15,226.0,0,champion
O0001945,S0020879,C01570,2025-09-24T14:00:00,social,tablet,home,summer_social,treatment,310.52,26.39,284.12,114.33,0,champion
O0001946,S0020882,C01570,2025-11-20T16:00:00,direct,mobile,sports,brand_direct,treatment,292.86,24.89,267.97,104.55,0,champion
O0001947,S0020886,C01570,2025-12-11T11:00:00,paid_search,mobile,home,always_on_search,treatment,313.25,26.63,286.62,112.38,0,champion
O0001948,S0020887,C01570,2025-12-02T20:00:00,organic,desktop,home,seo,treatment,401.56,34.13,367.43,149.32,0,champion
O0001949,S0020888,C01570,2025-12-21T15:00:00,direct,mobile,beauty,brand_direct,treatment,329.16,27.98,301.19,118.5,0,champion
O0001950,S0020890,C01571,2025-07-13T14:00:00,paid_search,mobile,beauty,always_on_search,treatment,260.87,48.26,212.61,53.66,0,deal_seeker
O0001951,S0020906,C01573,2025-10-01T22:00:00,paid_search,mobile,electronics,always_on_search,treatment,221.96,25.52,196.43,60.75,0,steady
O0001952,S0020933,C01574,2025-09-14T10:00:00,email,desktop,electronics,crm_lifecycle,control,204.03,16.32,187.71,60.7,0,steady
O0001953,S0020963,C01576,2025-06-04T17:00:00,organic,mobile,food,seo,treatment,106.88,12.29,94.59,25.11,0,steady
O0001954,S0020969,C01576,2025-12-03T19:00:00,email,desktop,electronics,crm_lifecycle,treatment,134.4,15.46,118.94,36.63,0,steady
O0001955,S0020971,C01577,2025-06-21T11:00:00,organic,mobile,sports,seo,control,164.75,24.71,140.03,32.61,0,deal_seeker
O0001956,S0020977,C01577,2025-11-19T18:00:00,organic,mobile,sports,seo,control,400.08,60.01,340.07,90.62,0,deal_seeker
O0001957,S0020985,C01578,2025-08-09T18:00:00,affiliate,mobile,beauty,partner_cashback,treatment,462.25,48.54,413.71,165.76,0,champion
O0001958,S0020987,C01578,2025-09-26T17:00:00,organic,desktop,home,seo,treatment,310.45,26.39,284.06,114.31,0,champion
O0001959,S0020989,C01578,2025-09-04T12:00:00,organic,mobile,apparel,seo,treatment,282.98,24.05,258.92,100.75,0,champion
O0001960,S0020994,C01578,2025-10-18T15:00:00,paid_search,mobile,sports,always_on_search,treatment,492.41,41.85,450.55,181.23,1,champion
O0001961,S0020999,C01578,2025-12-27T21:00:00,paid_search,mobile,apparel,always_on_search,treatment,266.9,22.69,244.21,94.57,0,champion
O0001962,S0021001,C01579,2025-01-02T10:00:00,social,mobile,beauty,summer_social,control,364.32,29.15,335.18,109.31,0,steady
O0001963,S0021019,C01580,2025-03-01T22:00:00,direct,desktop,sports,brand_direct,treatment,279.77,32.17,247.6,81.66,0,steady
O0001964,S0021033,C01580,2025-12-02T09:00:00,email,mobile,beauty,crm_lifecycle,treatment,226.22,26.02,200.21,62.07,0,steady
O0001965,S0021036,C01581,2025-07-04T11:00:00,paid_search,tablet,sports,always_on_search,control,67.6,10.14,57.46,11.66,0,deal_seeker
O0001966,S0021037,C01581,2025-08-06T12:00:00,email,mobile,food,crm_lifecycle,control,83.83,12.57,71.26,12.66,0,deal_seeker
O0001967,S0021048,C01582,2025-05-16T17:00:00,email,mobile,beauty,crm_lifecycle,control,69.1,10.37,58.74,9.03,0,deal_seeker
O0001968,S0021051,C01582,2025-07-22T19:00:00,affiliate,mobile,beauty,partner_cashback,control,271.74,46.2,225.54,57.41,0,deal_seeker
O0001969,S0021053,C01582,2025-08-09T09:00:00,organic,mobile,sports,seo,control,100.73,15.11,85.62,16.83,0,deal_seeker
O0001970,S0021070,C01583,2025-10-17T13:00:00,email,mobile,sports,crm_lifecycle,control,199.19,29.88,169.31,41.1,0,deal_seeker
O0001971,S0021071,C01583,2025-10-04T13:00:00,organic,mobile,home,seo,control,360.9,54.14,306.77,80.96,0,deal_seeker
O0001972,S0021094,C01585,2025-12-10T19:00:00,organic,mobile,home,seo,control,113.93,12.53,101.4,23.43,0,new_or_low
O0001973,S0021099,C01586,2025-05-12T14:00:00,email,mobile,apparel,crm_lifecycle,control,458.47,22.92,435.54,174.93,0,champion
O0001974,S0021105,C01586,2025-10-13T17:00:00,social,mobile,beauty,summer_social,control,436.41,21.82,414.59,166.13,0,champion
O0001975,S0021106,C01586,2025-11-06T08:00:00,direct,mobile,beauty,brand_direct,control,342.54,17.13,325.41,128.67,0,champion
O0001976,S0021107,C01586,2025-12-14T20:00:00,organic,desktop,apparel,seo,control,292.27,14.61,277.66,111.62,0,champion
O0001977,S0021110,C01587,2025-07-09T14:00:00,organic,mobile,beauty,seo,control,509.94,76.49,433.45,117.7,0,deal_seeker
O0001978,S0021124,C01588,2025-03-06T13:00:00,social,mobile,home,summer_social,control,419.52,33.56,385.96,127.08,0,steady
O0001979,S0021158,C01589,2025-10-17T11:00:00,organic,desktop,electronics,seo,treatment,215.62,24.8,190.83,61.79,0,steady
O0001980,S0021169,C01591,2025-12-06T19:00:00,email,mobile,sports,crm_lifecycle,treatment,161.19,29.82,131.37,30.1,0,deal_seeker
O0001981,S0021172,C01592,2025-08-21T11:00:00,social,mobile,sports,summer_social,treatment,237.82,27.35,210.47,65.66,1,steady
O0001982,S0021195,C01594,2025-11-16T21:00:00,email,desktop,apparel,crm_lifecycle,control,139.25,20.89,118.36,29.33,0,deal_seeker
O0001983,S0021204,C01596,2025-08-18T15:00:00,affiliate,desktop,electronics,partner_cashback,treatment,256.31,52.54,203.77,54.09,1,deal_seeker
O0001984,S0021226,C01597,2025-12-12T14:00:00,paid_search,mobile,apparel,always_on_search,control,117.02,17.55,99.46,20.84,0,deal_seeker
O0001985,S0021229,C01598,2025-03-18T13:00:00,organic,mobile,apparel,seo,control,233.33,11.67,221.67,85.1,0,champion
O0001986,S0021234,C01598,2025-04-24T13:00:00,paid_search,mobile,home,always_on_search,control,269.06,13.45,255.61,99.35,0,champion
O0001987,S0021237,C01598,2025-05-04T13:00:00,email,mobile,beauty,crm_lifecycle,control,309.6,15.48,294.12,115.53,0,champion
O0001988,S0021247,C01598,2025-10-04T20:00:00,organic,desktop,beauty,seo,control,332.45,16.62,315.83,127.65,0,champion
O0001989,S0021255,C01598,2025-12-10T19:00:00,direct,mobile,beauty,brand_direct,control,243.08,12.15,230.93,88.99,0,champion
O0001990,S0021259,C01599,2025-02-05T09:00:00,email,tablet,food,crm_lifecycle,treatment,168.91,19.42,149.48,47.32,0,steady
O0001991,S0021264,C01599,2025-03-20T09:00:00,organic,mobile,beauty,seo,treatment,247.45,28.46,219.0,68.65,0,steady
O0001992,S0021280,C01600,2025-11-26T18:00:00,email,mobile,sports,crm_lifecycle,treatment,410.71,47.23,363.48,119.22,0,steady
O0001993,S0021286,C01602,2025-08-14T20:00:00,email,mobile,sports,crm_lifecycle,control,391.97,19.6,372.37,148.4,0,champion
O0001994,S0021293,C01602,2025-10-02T19:00:00,paid_search,mobile,sports,always_on_search,control,348.99,17.45,331.54,131.25,0,champion
O0001995,S0021299,C01602,2025-12-25T19:00:00,paid_search,mobile,beauty,always_on_search,control,271.81,13.59,258.22,100.45,0,champion
O0001996,S0021300,C01603,2025-03-02T12:00:00,organic,desktop,sports,seo,treatment,170.17,19.57,150.6,47.71,0,steady
O0001997,S0021335,C01607,2025-09-04T21:00:00,affiliate,mobile,food,partner_cashback,control,367.89,36.79,331.1,107.88,0,steady
O0001998,S0021347,C01608,2025-06-06T14:00:00,paid_search,tablet,apparel,always_on_search,treatment,161.03,23.35,137.68,37.68,0,new_or_low
O0001999,S0021369,C01609,2025-08-14T09:00:00,organic,mobile,beauty,seo,control,326.37,16.32,310.05,122.22,0,champion
O0002000,S0021384,C01610,2025-12-07T22:00:00,organic,mobile,food,seo,control,291.19,43.68,247.51,63.78,1,deal_seeker
O0002001,S0021393,C01612,2025-03-22T19:00:00,paid_search,desktop,electronics,always_on_search,treatment,241.06,44.6,196.47,51.98,1,deal_seeker
O0002002,S0021397,C01612,2025-03-24T18:00:00,organic,mobile,food,seo,treatment,239.47,44.3,195.17,48.6,0,deal_seeker
O0002003,S0021408,C01612,2025-10-06T20:00:00,social,mobile,apparel,summer_social,treatment,139.33,25.78,113.55,24.93,0,deal_seeker
O0002004,S0021412,C01612,2025-12-06T08:00:00,organic,mobile,electronics,seo,treatment,218.44,40.41,178.03,43.63,0,deal_seeker
O0002005,S0021415,C01613,2025-01-13T08:00:00,organic,mobile,beauty,seo,control,219.35,17.55,201.8,62.63,0,steady
O0002006,S0021423,C01613,2025-03-11T12:00:00,organic,desktop,home,seo,control,522.06,41.77,480.3,163.1,0,steady
O0002007,S0021429,C01613,2025-05-03T16:00:00,organic,mobile,home,seo,control,243.05,19.44,223.61,70.26,0,steady
O0002008,S0021450,C01614,2025-09-10T20:00:00,organic,mobile,food,seo,control,56.02,6.16,49.86,7.46,0,new_or_low
O0002009,S0021475,C01617,2025-09-08T19:00:00,social,mobile,home,summer_social,control,147.38,11.79,135.59,39.46,0,steady
O0002010,S0021480,C01617,2025-11-26T14:00:00,social,desktop,electronics,summer_social,control,84.92,6.79,78.13,22.34,0,steady
O0002011,S0021497,C01618,2025-09-01T22:00:00,organic,mobile,home,seo,control,155.27,23.29,131.98,30.27,0,deal_seeker
O0002012,S0021526,C01620,2025-12-12T09:00:00,email,desktop,home,crm_lifecycle,treatment,258.03,47.74,210.29,55.99,0,deal_seeker
O0002013,S0021529,C01621,2025-04-25T11:00:00,organic,mobile,beauty,seo,control,191.21,15.3,175.91,53.57,0,steady
O0002014,S0021552,C01623,2025-11-08T16:00:00,organic,mobile,beauty,seo,control,335.62,16.78,318.84,125.91,0,champion
O0002015,S0021581,C01627,2025-10-17T09:00:00,social,mobile,beauty,summer_social,treatment,244.68,20.8,223.88,86.03,0,champion
O0002016,S0021582,C01627,2025-10-25T11:00:00,organic,desktop,beauty,seo,treatment,371.18,31.55,339.63,137.64,0,champion
O0002017,S0021585,C01627,2025-12-14T16:00:00,paid_search,desktop,beauty,always_on_search,treatment,324.51,27.58,296.92,119.71,0,champion
O0002018,S0021587,C01628,2025-09-15T09:00:00,email,mobile,sports,crm_lifecycle,control,305.92,45.89,260.03,67.41,0,deal_seeker
O0002019,S0021640,C01634,2025-09-23T09:00:00,social,mobile,food,summer_social,control,176.16,14.09,162.07,48.73,1,steady
O0002020,S0021642,C01634,2025-10-07T16:00:00,email,desktop,beauty,crm_lifecycle,control,242.88,19.43,223.45,73.21,0,steady
O0002021,S0021653,C01635,2025-04-01T17:00:00,affiliate,tablet,sports,partner_cashback,treatment,241.22,32.56,208.65,68.03,0,steady
O0002022,S0021666,C01636,2025-03-03T12:00:00,email,mobile,beauty,crm_lifecycle,treatment,241.49,27.77,213.72,66.8,0,steady
O0002023,S0021668,C01636,2025-03-26T17:00:00,paid_search,tablet,home,always_on_search,treatment,253.3,29.13,224.17,73.46,0,steady
O0002024,S0021710,C01638,2025-09-25T14:00:00,affiliate,mobile,electronics,partner_cashback,treatment,136.36,27.95,108.4,23.44,0,deal_seeker
O0002025,S0021733,C01640,2025-09-06T16:00:00,affiliate,mobile,apparel,partner_cashback,control,167.49,21.77,145.72,37.17,1,new_or_low
O0002026,S0021740,C01641,2025-10-26T12:00:00,email,mobile,beauty,crm_lifecycle,treatment,149.9,17.24,132.66,38.43,0,steady
O0002027,S0021753,C01642,2025-09-09T22:00:00,direct,tablet,food,brand_direct,treatment,204.23,23.49,180.74,58.26,0,steady
O0002028,S0021771,C01644,2025-11-17T19:00:00,direct,mobile,apparel,brand_direct,treatment,174.57,14.84,159.73,59.09,0,champion
O0002029,S0021772,C01644,2025-12-08T12:00:00,social,desktop,apparel,summer_social,treatment,645.1,54.83,590.27,242.91,0,champion
O0002030,S0021776,C01644,2025-12-17T08:00:00,organic,mobile,food,seo,treatment,424.33,36.07,388.26,155.07,0,champion
O0002031,S0021786,C01645,2025-07-19T17:00:00,email,tablet,home,crm_lifecycle,treatment,236.79,20.13,216.66,86.0,0,champion
O0002032,S0021793,C01645,2025-10-03T13:00:00,organic,mobile,sports,seo,treatment,289.64,24.62,265.02,103.31,0,champion
O0002033,S0021794,C01645,2025-10-13T10:00:00,affiliate,desktop,home,partner_cashback,treatment,223.98,23.52,200.46,79.19,0,champion
O0002034,S0021799,C01645,2025-12-16T18:00:00,organic,mobile,food,seo,treatment,223.21,18.97,204.24,77.78,0,champion
O0002035,S0021812,C01647,2025-05-13T14:00:00,paid_search,mobile,home,always_on_search,treatment,173.32,19.93,153.38,45.68,0,steady
O0002036,S0021815,C01647,2025-06-25T20:00:00,organic,desktop,home,seo,treatment,109.65,12.61,97.04,28.96,0,steady
O0002037,S0021819,C01647,2025-10-13T21:00:00,paid_search,mobile,home,always_on_search,treatment,305.93,35.18,270.75,86.76,0,steady
O0002038,S0021838,C01649,2025-10-10T22:00:00,paid_search,mobile,food,always_on_search,treatment,295.57,33.99,261.58,83.55,0,steady
O0002039,S0021847,C01651,2025-05-01T20:00:00,organic,mobile,electronics,seo,control,312.17,15.61,296.56,116.55,1,champion
O0002040,S0021849,C01651,2025-05-14T13:00:00,organic,mobile,electronics,seo,control,317.14,15.86,301.29,118.54,0,champion
O0002041,S0021862,C01651,2025-11-25T18:00:00,email,mobile,electronics,crm_lifecycle,control,539.36,26.97,512.39,207.2,0,champion
O0002042,S0021883,C01654,2025-06-10T18:00:00,social,mobile,electronics,summer_social,control,171.66,18.88,152.78,39.36,1,new_or_low
O0002043,S0021908,C01657,2025-07-13T20:00:00,paid_search,mobile,apparel,always_on_search,control,354.33,17.72,336.61,133.38,0,champion
O0002044,S0021911,C01657,2025-09-05T08:00:00,social,mobile,electronics,summer_social,control,327.0,16.35,310.65,122.47,0,champion
O0002045,S0021912,C01657,2025-10-20T08:00:00,paid_search,desktop,electronics,always_on_search,control,365.07,18.25,346.82,140.66,0,champion
O0002046,S0021959,C01661,2025-08-25T19:00:00,social,mobile,apparel,summer_social,control,714.33,107.15,607.18,168.08,0,deal_seeker
O0002047,S0021966,C01662,2025-11-01T08:00:00,email,mobile,electronics,crm_lifecycle,control,55.35,6.09,49.26,7.27,0,new_or_low
O0002048,S0021989,C01664,2025-07-20T09:00:00,social,mobile,apparel,summer_social,treatment,314.91,26.77,288.14,113.02,0,champion
O0002049,S0021993,C01664,2025-08-19T17:00:00,email,mobile,beauty,crm_lifecycle,treatment,259.12,22.03,237.09,91.58,0,champion
O0002050,S0022002,C01665,2025-03-21T20:00:00,affiliate,mobile,electronics,partner_cashback,control,214.5,21.45,193.05,59.57,0,steady
O0002051,S0022029,C01667,2025-09-16T10:00:00,affiliate,mobile,electronics,partner_cashback,control,227.98,22.8,205.19,63.81,0,steady
O0002052,S0022056,C01669,2025-04-27T18:00:00,social,mobile,apparel,summer_social,control,402.0,32.16,369.84,121.45,0,steady
O0002053,S0022061,C01669,2025-07-17T09:00:00,affiliate,desktop,home,partner_cashback,control,335.61,33.56,302.05,100.72,0,steady
O0002054,S0022068,C01669,2025-11-02T17:00:00,email,mobile,home,crm_lifecycle,control,302.18,24.17,278.0,89.3,0,steady
O0002055,S0022110,C01672,2025-12-18T18:00:00,paid_search,mobile,home,always_on_search,control,307.63,46.14,261.49,67.83,0,deal_seeker
O0002056,S0022137,C01676,2025-06-20T08:00:00,paid_search,desktop,home,always_on_search,control,261.16,20.89,240.27,79.1,0,steady
O0002057,S0022138,C01676,2025-06-02T11:00:00,organic,mobile,home,seo,control,143.06,11.44,131.62,38.07,0,steady
O0002058,S0022151,C01677,2025-05-12T20:00:00,affiliate,desktop,sports,partner_cashback,treatment,415.64,56.11,359.53,120.84,0,steady
O0002059,S0022158,C01677,2025-08-13T20:00:00,affiliate,tablet,sports,partner_cashback,treatment,183.3,24.75,158.56,50.49,0,steady
O0002060,S0022167,C01679,2025-06-01T13:00:00,paid_search,mobile,food,always_on_search,treatment,257.7,29.64,228.06,71.82,0,steady
O0002061,S0022181,C01680,2025-06-04T12:00:00,direct,desktop,food,brand_direct,control,354.48,28.36,326.12,109.14,0,steady
O0002062,S0022204,C01682,2025-04-24T21:00:00,email,mobile,sports,crm_lifecycle,treatment,238.36,27.41,210.95,65.83,0,steady
O0002063,S0022226,C01684,2025-02-14T12:00:00,email,mobile,food,crm_lifecycle,treatment,385.78,44.36,341.42,111.5,0,steady
O0002064,S0022228,C01684,2025-02-16T20:00:00,organic,mobile,apparel,seo,treatment,164.99,18.97,146.02,43.11,0,steady
O0002065,S0022230,C01684,2025-03-04T16:00:00,social,tablet,beauty,summer_social,treatment,385.32,44.31,341.0,114.35,0,steady
O0002066,S0022250,C01685,2025-04-05T10:00:00,social,mobile,food,summer_social,control,221.64,17.73,203.9,63.37,0,steady
O0002067,S0022268,C01686,2025-08-11T09:00:00,organic,desktop,beauty,seo,treatment,631.8,116.88,514.91,144.33,0,deal_seeker
O0002068,S0022277,C01686,2025-12-09T17:00:00,email,desktop,sports,crm_lifecycle,treatment,328.95,60.86,268.09,72.75,0,deal_seeker
O0002069,S0022299,C01690,2025-04-20T11:00:00,paid_search,mobile,sports,always_on_search,treatment,235.7,27.11,208.6,65.01,0,steady
O0002070,S0022303,C01690,2025-06-07T12:00:00,social,desktop,electronics,summer_social,treatment,235.33,27.06,208.27,67.89,0,steady
O0002071,S0022327,C01692,2025-07-06T11:00:00,email,mobile,sports,crm_lifecycle,control,119.28,9.54,109.74,30.41,0,steady
O0002072,S0022360,C01695,2025-10-04T20:00:00,social,mobile,home,summer_social,treatment,169.92,31.43,138.48,32.16,0,deal_seeker
O0002073,S0022368,C01696,2025-11-11T19:00:00,email,mobile,electronics,crm_lifecycle,control,145.77,11.66,134.11,38.94,0,steady
O0002074,S0022379,C01697,2025-08-21T21:00:00,social,mobile,electronics,summer_social,treatment,130.67,18.95,111.72,26.63,0,new_or_low
O0002075,S0022389,C01698,2025-09-27T17:00:00,organic,mobile,home,seo,control,285.64,42.85,242.79,62.41,1,deal_seeker
O0002076,S0022391,C01698,2025-11-13T12:00:00,email,desktop,apparel,crm_lifecycle,control,101.77,15.27,86.51,20.09,0,deal_seeker
O0002077,S0022392,C01698,2025-12-10T20:00:00,paid_search,mobile,food,always_on_search,control,189.63,28.44,161.18,38.74,0,deal_seeker
O0002078,S0022397,C01699,2025-04-14T15:00:00,social,desktop,apparel,summer_social,treatment,285.36,24.26,261.1,104.66,0,champion
O0002079,S0022401,C01699,2025-04-08T12:00:00,affiliate,mobile,apparel,partner_cashback,treatment,259.51,27.25,232.27,89.55,0,champion
O0002080,S0022404,C01699,2025-05-25T19:00:00,email,mobile,food,crm_lifecycle,treatment,266.72,22.67,244.04,94.5,0,champion
O0002081,S0022405,C01699,2025-05-02T16:00:00,organic,desktop,electronics,seo,treatment,242.4,20.6,221.79,88.15,0,champion
O0002082,S0022413,C01699,2025-09-12T08:00:00,paid_search,mobile,electronics,always_on_search,treatment,500.32,42.53,457.79,184.27,0,champion
O0002083,S0022433,C01701,2025-10-14T14:00:00,paid_search,desktop,home,always_on_search,control,397.24,31.78,365.46,122.91,0,steady
O0002084,S0022455,C01703,2025-07-20T16:00:00,affiliate,mobile,beauty,partner_cashback,treatment,149.85,20.23,129.62,37.37,0,steady
O0002085,S0022460,C01704,2025-03-24T09:00:00,direct,desktop,sports,brand_direct,control,405.85,20.29,385.56,156.93,0,champion
O0002086,S0022473,C01704,2025-05-25T14:00:00,organic,tablet,sports,seo,control,434.92,21.75,413.18,168.53,0,champion
O0002087,S0022475,C01704,2025-06-21T09:00:00,social,mobile,sports,summer_social,control,180.21,9.01,171.2,63.91,0,champion
O0002088,S0022477,C01704,2025-07-05T13:00:00,organic,desktop,sports,seo,control,174.99,8.75,166.24,64.82,0,champion
O0002089,S0022482,C01704,2025-09-06T11:00:00,affiliate,mobile,electronics,partner_cashback,control,378.78,26.51,352.27,139.95,0,champion
O0002090,S0022489,C01704,2025-12-01T17:00:00,affiliate,mobile,sports,partner_cashback,control,318.48,22.29,296.18,116.4,0,champion
O0002091,S0022497,C01706,2025-08-25T17:00:00,email,tablet,beauty,crm_lifecycle,treatment,385.82,44.37,341.45,114.51,0,steady
O0002092,S0022516,C01708,2025-04-18T19:00:00,direct,mobile,electronics,brand_direct,treatment,146.79,16.88,129.91,37.47,0,steady
O0002093,S0022519,C01708,2025-04-02T11:00:00,affiliate,desktop,food,partner_cashback,treatment,341.85,46.15,295.7,98.49,0,steady
O0002094,S0022523,C01708,2025-06-21T18:00:00,direct,mobile,electronics,brand_direct,treatment,201.28,23.15,178.14,54.35,0,steady
O0002095,S0022539,C01709,2025-03-24T11:00:00,affiliate,mobile,home,partner_cashback,control,108.83,18.5,90.33,18.2,1,deal_seeker
O0002096,S0022540,C01709,2025-04-05T08:00:00,direct,desktop,home,brand_direct,control,301.12,45.17,255.95,69.23,1,deal_seeker
O0002097,S0022547,C01709,2025-06-21T14:00:00,social,desktop,sports,summer_social,control,213.16,31.97,181.19,47.54,0,deal_seeker
O0002098,S0022548,C01709,2025-07-22T19:00:00,email,mobile,home,crm_lifecycle,control,249.86,37.48,212.38,53.59,0,deal_seeker
O0002099,S0022549,C01709,2025-07-23T11:00:00,paid_search,mobile,beauty,always_on_search,control,203.65,30.55,173.1,42.2,0,deal_seeker
O0002100,S0022550,C01709,2025-08-03T20:00:00,social,tablet,electronics,summer_social,control,201.17,30.17,170.99,44.59,0,deal_seeker
O0002101,S0022563,C01711,2025-02-21T20:00:00,email,desktop,electronics,crm_lifecycle,control,206.69,16.54,190.15,61.55,0,steady
O0002102,S0022574,C01711,2025-10-27T11:00:00,direct,mobile,food,brand_direct,control,85.23,6.82,78.41,19.45,0,steady
O0002103,S0022586,C01712,2025-11-14T11:00:00,paid_search,mobile,home,always_on_search,treatment,450.44,51.8,398.64,131.52,0,steady
O0002104,S0022589,C01713,2025-07-12T22:00:00,direct,mobile,beauty,brand_direct,control,164.84,24.73,140.11,32.63,0,deal_seeker
O0002105,S0022601,C01713,2025-12-09T12:00:00,email,mobile,beauty,crm_lifecycle,control,157.19,23.58,133.62,30.75,0,deal_seeker
O0002106,S0022602,C01714,2025-07-09T09:00:00,organic,mobile,beauty,seo,treatment,259.68,22.07,237.61,91.8,0,champion
O0002107,S0022611,C01714,2025-10-08T18:00:00,affiliate,mobile,beauty,partner_cashback,treatment,445.06,46.73,398.33,159.3,0,champion
O0002108,S0022612,C01714,2025-11-18T14:00:00,organic,mobile,beauty,seo,treatment,289.81,24.63,265.18,103.37,0,champion
O0002109,S0022622,C01715,2025-12-15T15:00:00,organic,mobile,apparel,seo,control,245.37,36.8,208.56,52.48,0,deal_seeker
O0002110,S0022643,C01718,2025-08-08T19:00:00,direct,mobile,apparel,brand_direct,treatment,281.86,32.41,249.45,79.31,0,steady
O0002111,S0022648,C01718,2025-12-11T14:00:00,organic,mobile,sports,seo,treatment,247.62,28.48,219.15,68.7,0,steady
O0002112,S0022673,C01720,2025-03-07T20:00:00,paid_search,mobile,food,always_on_search,control,327.23,16.36,310.86,122.56,0,champion
O0002113,S0022674,C01720,2025-03-12T10:00:00,affiliate,mobile,beauty,partner_cashback,control,374.42,26.21,348.21,138.25,0,champion
O0002114,S0022675,C01720,2025-03-11T14:00:00,paid_search,mobile,sports,always_on_search,control,235.48,11.77,223.7,85.96,0,champion
O0002115,S0022677,C01720,2025-03-26T21:00:00,direct,mobile,home,brand_direct,control,672.4,33.62,638.78,260.29,0,champion
O0002116,S0022684,C01720,2025-04-09T13:00:00,paid_search,desktop,home,always_on_search,control,335.75,16.79,318.96,128.96,0,champion
O0002117,S0022695,C01720,2025-10-14T14:00:00,paid_search,mobile,food,always_on_search,control,292.84,14.64,278.2,108.84,0,champion
O0002118,S0022703,C01720,2025-12-07T13:00:00,social,mobile,food,summer_social,control,348.11,17.41,330.71,130.9,0,champion
O0002119,S0022710,C01722,2025-10-12T09:00:00,social,mobile,apparel,summer_social,treatment,435.75,80.61,355.13,94.99,0,deal_seeker
O0002120,S0022712,C01722,2025-11-14T08:00:00,social,mobile,beauty,summer_social,treatment,199.88,36.98,162.9,39.24,0,deal_seeker
O0002121,S0022732,C01725,2025-01-01T12:00:00,paid_search,mobile,beauty,always_on_search,control,379.76,18.99,360.77,143.52,0,champion
O0002122,S0022750,C01725,2025-06-04T16:00:00,email,mobile,apparel,crm_lifecycle,control,240.6,12.03,228.57,88.0,0,champion
O0002123,S0022758,C01725,2025-10-08T14:00:00,affiliate,desktop,beauty,partner_cashback,control,190.42,13.33,177.09,69.38,0,champion
O0002124,S0022759,C01725,2025-10-13T18:00:00,paid_search,mobile,beauty,always_on_search,control,299.61,14.98,284.63,111.55,0,champion
O0002125,S0022760,C01725,2025-11-03T21:00:00,paid_search,mobile,electronics,always_on_search,control,266.5,13.32,253.17,98.33,0,champion
O0002126,S0022765,C01726,2025-06-10T19:00:00,paid_search,mobile,electronics,always_on_search,control,120.29,18.04,102.24,21.65,0,deal_seeker
O0002127,S0022771,C01726,2025-10-09T16:00:00,organic,mobile,food,seo,control,380.34,57.05,323.29,85.75,0,deal_seeker
O0002128,S0022794,C01728,2025-05-26T16:00:00,social,desktop,beauty,summer_social,treatment,480.08,40.81,439.28,179.5,0,champion
O0002129,S0022806,C01728,2025-08-22T15:00:00,organic,desktop,beauty,seo,treatment,418.77,35.6,383.18,155.93,0,champion
O0002130,S0022807,C01728,2025-08-06T11:00:00,organic,mobile,beauty,seo,treatment,231.68,19.69,211.98,81.03,0,champion
O0002131,S0022808,C01728,2025-08-03T19:00:00,organic,mobile,sports,seo,treatment,341.58,29.03,312.55,123.27,0,champion
O0002132,S0022818,C01728,2025-12-01T15:00:00,email,desktop,apparel,crm_lifecycle,treatment,355.69,30.23,325.45,131.69,0,champion
O0002133,S0022822,C01729,2025-10-21T13:00:00,email,mobile,apparel,crm_lifecycle,treatment,215.27,24.76,190.51,58.68,0,steady
O0002134,S0022840,C01730,2025-11-27T11:00:00,affiliate,mobile,beauty,partner_cashback,control,281.71,47.89,233.82,59.81,0,deal_seeker
O0002135,S0022845,C01731,2025-07-23T20:00:00,direct,mobile,sports,brand_direct,treatment,474.66,40.35,434.31,174.41,0,champion
O0002136,S0022855,C01731,2025-10-13T22:00:00,paid_search,mobile,apparel,always_on_search,treatment,515.52,43.82,471.71,190.12,0,champion
O0002137,S0022856,C01731,2025-10-02T09:00:00,affiliate,desktop,sports,partner_cashback,treatment,527.63,55.4,472.23,193.34,0,champion
O0002138,S0022858,C01731,2025-11-06T08:00:00,organic,desktop,food,seo,treatment,249.53,21.21,228.32,90.89,0,champion
O0002139,S0022866,C01731,2025-12-18T12:00:00,organic,desktop,beauty,seo,treatment,397.45,33.78,363.67,147.74,0,champion
O0002140,S0022868,C01732,2025-01-03T18:00:00,social,mobile,beauty,summer_social,control,218.22,17.46,200.77,62.27,0,steady
O0002141,S0022893,C01733,2025-08-23T13:00:00,email,mobile,food,crm_lifecycle,treatment,217.96,25.06,192.89,59.51,0,steady
O0002142,S0022904,C01734,2025-05-14T21:00:00,organic,mobile,beauty,seo,treatment,94.0,17.39,76.61,14.22,0,deal_seeker
O0002143,S0022907,C01734,2025-05-27T20:00:00,paid_search,mobile,electronics,always_on_search,treatment,117.95,21.82,96.13,19.88,0,deal_seeker
O0002144,S0022924,C01734,2025-11-12T10:00:00,social,mobile,beauty,summer_social,treatment,268.02,49.58,218.44,55.35,0,deal_seeker
O0002145,S0022928,C01735,2025-03-03T09:00:00,paid_search,mobile,beauty,always_on_search,control,208.27,16.66,191.61,59.06,0,steady
O0002146,S0022947,C01735,2025-11-03T08:00:00,paid_search,desktop,electronics,always_on_search,control,294.07,23.53,270.54,89.69,0,steady
O0002147,S0022951,C01736,2025-09-27T10:00:00,affiliate,tablet,beauty,partner_cashback,control,183.2,31.14,152.06,39.1,0,deal_seeker
O0002148,S0022954,C01736,2025-10-25T11:00:00,paid_search,mobile,food,always_on_search,control,70.85,10.63,60.22,9.47,0,deal_seeker
O0002149,S0022962,C01738,2025-08-08T20:00:00,social,mobile,home,summer_social,treatment,140.35,16.14,124.21,35.47,0,steady
O0002150,S0022974,C01739,2025-06-12T11:00:00,organic,desktop,sports,seo,treatment,401.2,34.1,367.1,149.18,0,champion
O0002151,S0022976,C01739,2025-07-06T22:00:00,organic,mobile,sports,seo,treatment,245.77,20.89,224.88,86.45,0,champion
O0002152,S0022981,C01739,2025-09-18T10:00:00,affiliate,desktop,beauty,partner_cashback,treatment,300.94,31.6,269.34,108.12,0,champion
O0002153,S0022982,C01739,2025-09-21T08:00:00,email,tablet,apparel,crm_lifecycle,treatment,295.15,25.09,270.06,108.42,1,champion
O0002154,S0022995,C01740,2025-09-20T08:00:00,paid_search,mobile,home,always_on_search,control,346.91,27.75,319.16,103.71,0,steady
O0002155,S0022996,C01740,2025-10-16T19:00:00,direct,mobile,electronics,brand_direct,control,240.93,19.27,221.66,69.58,0,steady
O0002156,S0023012,C01742,2025-04-02T18:00:00,direct,mobile,apparel,brand_direct,control,381.83,57.27,324.56,86.12,0,deal_seeker
O0002157,S0023027,C01742,2025-11-27T09:00:00,direct,mobile,electronics,brand_direct,control,83.06,12.46,70.6,12.47,0,deal_seeker
O0002158,S0023030,C01743,2025-01-11T22:00:00,organic,mobile,electronics,seo,treatment,93.57,17.31,76.26,14.12,0,deal_seeker
O0002159,S0023036,C01743,2025-04-17T15:00:00,direct,mobile,home,brand_direct,treatment,119.36,22.08,97.28,20.21,0,deal_seeker
O0002160,S0023040,C01743,2025-04-06T21:00:00,email,mobile,beauty,crm_lifecycle,treatment,224.7,41.57,183.13,45.11,0,deal_seeker
O0002161,S0023042,C01743,2025-05-09T13:00:00,email,desktop,apparel,crm_lifecycle,treatment,175.43,32.45,142.98,36.46,1,deal_seeker
O0002162,S0023049,C01743,2025-09-24T18:00:00,organic,mobile,apparel,seo,treatment,119.62,22.13,97.49,20.27,0,deal_seeker
O0002163,S0023051,C01743,2025-10-19T22:00:00,email,mobile,apparel,crm_lifecycle,treatment,227.78,42.14,185.64,45.84,0,deal_seeker
O0002164,S0023066,C01745,2025-05-23T20:00:00,direct,desktop,sports,brand_direct,control,340.4,17.02,323.38,130.82,0,champion
O0002165,S0023070,C01745,2025-06-15T18:00:00,social,desktop,food,summer_social,control,403.6,20.18,383.42,156.04,0,champion
O0002166,S0023084,C01745,2025-12-14T14:00:00,organic,mobile,sports,seo,control,631.03,31.55,599.48,243.78,0,champion
O0002167,S0023101,C01747,2025-12-15T17:00:00,paid_search,mobile,electronics,always_on_search,control,269.71,29.67,240.04,66.41,0,new_or_low
O0002168,S0023107,C01748,2025-07-06T15:00:00,email,mobile,apparel,crm_lifecycle,treatment,94.5,17.48,77.02,14.34,0,deal_seeker
O0002169,S0023126,C01751,2025-03-09T15:00:00,social,mobile,home,summer_social,treatment,391.11,33.24,357.86,142.3,0,champion
O0002170,S0023135,C01751,2025-07-25T09:00:00,social,desktop,electronics,summer_social,treatment,367.78,31.26,336.52,136.34,0,champion
O0002171,S0023143,C01751,2025-12-13T10:00:00,email,mobile,electronics,crm_lifecycle,treatment,258.22,21.95,236.27,91.23,0,champion
O0002172,S0023144,C01751,2025-12-22T18:00:00,email,desktop,electronics,crm_lifecycle,treatment,227.06,19.3,207.76,82.26,0,champion
O0002173,S0023156,C01753,2025-06-22T22:00:00,email,desktop,food,crm_lifecycle,treatment,120.71,13.88,106.83,32.39,0,steady
O0002174,S0023210,C01759,2025-07-03T22:00:00,social,desktop,home,summer_social,control,267.95,21.44,246.51,81.28,0,steady
O0002175,S0023214,C01759,2025-11-27T20:00:00,paid_search,mobile,apparel,always_on_search,control,241.15,19.29,221.85,69.65,0,steady
O0002176,S0023227,C01761,2025-08-21T19:00:00,direct,mobile,sports,brand_direct,treatment,319.41,36.73,282.68,90.94,1,steady
O0002177,S0023245,C01764,2025-07-10T20:00:00,email,mobile,apparel,crm_lifecycle,treatment,275.84,23.45,252.4,98.01,0,champion
O0002178,S0023251,C01764,2025-09-22T15:00:00,paid_search,mobile,apparel,always_on_search,treatment,300.88,25.57,275.3,107.63,0,champion
O0002179,S0023273,C01765,2025-11-13T12:00:00,social,mobile,food,summer_social,treatment,184.41,21.21,163.2,49.12,0,steady
O0002180,S0023277,C01767,2025-02-09T08:00:00,email,mobile,beauty,crm_lifecycle,control,336.86,16.84,320.01,126.41,0,champion
O0002181,S0023282,C01767,2025-03-02T16:00:00,affiliate,mobile,food,partner_cashback,control,232.25,16.26,215.99,82.72,0,champion
O0002182,S0023289,C01767,2025-05-05T12:00:00,paid_search,mobile,food,always_on_search,control,266.55,13.33,253.23,98.35,0,champion
O0002183,S0023298,C01767,2025-08-24T17:00:00,paid_search,mobile,beauty,always_on_search,control,301.37,15.07,286.3,112.25,0,champion
O0002184,S0023299,C01767,2025-08-18T18:00:00,affiliate,mobile,electronics,partner_cashback,control,438.63,30.7,407.93,163.33,0,champion
O0002185,S0023301,C01767,2025-08-04T15:00:00,social,mobile,food,summer_social,control,608.5,30.42,578.07,234.79,0,champion
O0002186,S0023303,C01767,2025-09-09T08:00:00,paid_search,mobile,food,always_on_search,control,358.51,17.93,340.59,135.05,0,champion
O0002187,S0023311,C01767,2025-12-11T20:00:00,paid_search,mobile,food,always_on_search,control,382.01,19.1,362.91,144.42,0,champion
O0002188,S0023313,C01768,2025-05-18T10:00:00,social,desktop,electronics,summer_social,treatment,257.93,21.92,236.01,94.12,1,champion
O0002189,S0023315,C01768,2025-05-06T08:00:00,social,desktop,sports,summer_social,treatment,284.33,24.17,260.17,104.27,0,champion
O0002190,S0023318,C01768,2025-06-06T15:00:00,email,mobile,home,crm_lifecycle,treatment,396.37,33.69,362.68,144.33,0,champion
O0002191,S0023323,C01768,2025-08-18T19:00:00,email,mobile,food,crm_lifecycle,treatment,502.77,42.74,460.04,185.22,0,champion
O0002192,S0023326,C01768,2025-09-19T08:00:00,direct,desktop,electronics,brand_direct,treatment,508.17,43.19,464.98,190.29,0,champion
O0002193,S0023330,C01768,2025-11-05T09:00:00,paid_search,mobile,sports,always_on_search,treatment,248.12,21.09,227.03,87.35,0,champion
O0002194,S0023340,C01769,2025-10-17T20:00:00,social,mobile,electronics,summer_social,treatment,319.06,36.69,282.37,90.83,0,steady
O0002195,S0023343,C01769,2025-11-18T08:00:00,organic,mobile,beauty,seo,treatment,193.51,22.25,171.26,51.94,0,steady
O0002196,S0023375,C01773,2025-01-18T12:00:00,organic,mobile,beauty,seo,control,138.83,11.11,127.73,36.7,0,steady
O0002197,S0023380,C01773,2025-02-01T08:00:00,social,desktop,electronics,summer_social,control,265.37,21.23,244.14,80.45,0,steady
O0002198,S0023382,C01773,2025-04-09T18:00:00,direct,tablet,electronics,brand_direct,control,332.78,26.62,306.16,102.16,0,steady
O0002199,S0023402,C01774,2025-03-09T08:00:00,social,mobile,beauty,summer_social,treatment,341.22,29.0,312.21,123.13,0,champion
O0002200,S0023416,C01774,2025-05-27T15:00:00,affiliate,mobile,food,partner_cashback,treatment,524.18,55.04,469.14,189.04,0,champion
O0002201,S0023421,C01774,2025-06-13T17:00:00,social,mobile,sports,summer_social,treatment,324.41,27.57,296.83,116.67,0,champion
O0002202,S0023422,C01774,2025-06-09T16:00:00,paid_search,desktop,electronics,always_on_search,treatment,341.13,29.0,312.13,126.1,0,champion
O0002203,S0023423,C01774,2025-07-19T21:00:00,social,mobile,electronics,summer_social,treatment,467.27,39.72,427.55,171.57,0,champion
O0002204,S0023426,C01774,2025-08-10T15:00:00,direct,mobile,home,brand_direct,treatment,251.22,21.35,229.87,88.54,0,champion
O0002205,S0023439,C01774,2025-11-20T22:00:00,social,mobile,electronics,summer_social,treatment,413.69,35.16,378.53,150.98,0,champion
O0002206,S0023441,C01774,2025-12-07T18:00:00,social,mobile,electronics,summer_social,treatment,477.19,40.56,436.63,175.38,0,champion
O0002207,S0023445,C01775,2025-04-01T13:00:00,paid_search,desktop,home,always_on_search,treatment,235.5,43.57,191.93,50.66,0,deal_seeker
O0002208,S0023449,C01775,2025-05-13T14:00:00,paid_search,desktop,food,always_on_search,treatment,266.54,49.31,217.23,58.0,0,deal_seeker
O0002209,S0023468,C01776,2025-04-09T08:00:00,paid_search,mobile,apparel,always_on_search,control,418.58,33.49,385.09,126.78,0,steady
O0002210,S0023470,C01776,2025-04-04T14:00:00,social,mobile,home,summer_social,control,195.94,15.68,180.27,55.09,0,steady
O0002211,S0023508,C01779,2025-11-08T22:00:00,paid_search,mobile,beauty,always_on_search,treatment,183.63,33.97,149.66,35.4,0,deal_seeker
O0002212,S0023511,C01780,2025-07-05T13:00:00,paid_search,tablet,food,always_on_search,treatment,179.01,20.59,158.42,50.45,0,steady
O0002213,S0023543,C01783,2025-06-02T12:00:00,affiliate,mobile,beauty,partner_cashback,treatment,300.79,40.61,260.18,83.06,0,steady
O0002214,S0023550,C01783,2025-08-13T12:00:00,email,tablet,apparel,crm_lifecycle,treatment,281.65,32.39,249.26,82.24,0,steady
O0002215,S0023559,C01784,2025-08-09T17:00:00,email,mobile,sports,crm_lifecycle,control,177.44,14.2,163.24,49.14,0,steady
O0002216,S0023573,C01785,2025-05-17T12:00:00,paid_search,mobile,apparel,always_on_search,treatment,227.17,19.31,207.86,79.3,0,champion
O0002217,S0023578,C01785,2025-08-12T22:00:00,paid_search,mobile,beauty,always_on_search,treatment,270.02,22.95,247.07,95.77,0,champion
O0002218,S0023586,C01785,2025-11-16T14:00:00,direct,desktop,sports,brand_direct,treatment,299.36,25.45,273.91,110.04,0,champion
O0002219,S0023589,C01785,2025-12-07T20:00:00,email,mobile,home,crm_lifecycle,treatment,457.25,38.87,418.38,167.72,0,champion
O0002220,S0023602,C01787,2025-07-08T22:00:00,organic,desktop,electronics,seo,treatment,224.38,41.51,182.87,48.03,0,deal_seeker
O0002221,S0023603,C01787,2025-07-13T13:00:00,organic,desktop,beauty,seo,treatment,84.94,15.71,69.23,15.08,0,deal_seeker
O0002222,S0023608,C01787,2025-09-10T13:00:00,organic,desktop,electronics,seo,treatment,273.04,50.51,222.52,59.53,0,deal_seeker
O0002223,S0023615,C01788,2025-06-04T13:00:00,organic,mobile,sports,seo,treatment,280.68,51.93,228.75,58.34,0,deal_seeker
O0002224,S0023638,C01789,2025-03-04T12:00:00,organic,mobile,beauty,seo,control,122.37,9.79,112.58,31.4,0,steady
O0002225,S0023671,C01790,2025-11-05T12:00:00,organic,desktop,sports,seo,treatment,371.51,42.72,328.79,110.08,0,steady
O0002226,S0023675,C01790,2025-12-02T13:00:00,social,mobile,sports,summer_social,treatment,169.72,19.52,150.2,44.57,0,steady
O0002227,S0023696,C01791,2025-12-19T20:00:00,organic,mobile,electronics,seo,control,189.07,28.36,160.71,38.6,0,deal_seeker
O0002228,S0023714,C01792,2025-11-07T10:00:00,affiliate,mobile,beauty,partner_cashback,control,290.46,29.05,261.41,83.49,0,steady
O0002229,S0023723,C01794,2025-06-24T11:00:00,paid_search,mobile,apparel,always_on_search,control,134.48,14.79,119.69,29.1,0,new_or_low
O0002230,S0023744,C01798,2025-07-15T14:00:00,social,desktop,beauty,summer_social,control,188.25,28.24,160.01,41.4,0,deal_seeker
O0002231,S0023747,C01798,2025-10-05T08:00:00,organic,mobile,beauty,seo,control,116.37,17.46,98.92,20.69,0,deal_seeker
O0002232,S0023764,C01799,2025-10-07T15:00:00,paid_search,mobile,sports,always_on_search,control,205.59,16.45,189.15,58.2,0,steady
O0002233,S0023781,C01800,2025-12-15T10:00:00,email,mobile,food,crm_lifecycle,treatment,265.82,38.54,227.28,62.46,0,new_or_low
O0002234,S0023787,C01801,2025-07-01T13:00:00,social,desktop,sports,summer_social,treatment,173.6,32.12,141.48,36.03,0,deal_seeker
O0002235,S0023804,C01802,2025-12-06T10:00:00,paid_search,mobile,apparel,always_on_search,treatment,382.97,44.04,338.93,110.63,1,steady
O0002236,S0023818,C01805,2025-01-23T18:00:00,direct,mobile,beauty,brand_direct,treatment,468.06,53.83,414.23,136.98,0,steady
O0002237,S0023821,C01805,2025-04-02T15:00:00,paid_search,mobile,apparel,always_on_search,treatment,220.15,25.32,194.83,60.19,0,steady
O0002238,S0023836,C01806,2025-06-08T14:00:00,social,desktop,sports,summer_social,control,206.44,16.52,189.93,61.47,0,steady
O0002239,S0023878,C01811,2025-09-12T16:00:00,paid_search,desktop,sports,always_on_search,control,197.52,21.73,175.8,49.5,0,new_or_low
O0002240,S0023898,C01812,2025-09-01T21:00:00,paid_search,mobile,beauty,always_on_search,control,148.04,22.21,125.84,28.49,0,deal_seeker
O0002241,S0023946,C01815,2025-09-03T14:00:00,organic,mobile,sports,seo,control,121.88,9.75,112.13,31.25,0,steady
O0002242,S0023978,C01818,2025-11-24T18:00:00,paid_search,mobile,sports,always_on_search,treatment,124.2,18.01,106.19,24.92,0,new_or_low
O0002243,S0023981,C01819,2025-08-24T10:00:00,organic,mobile,apparel,seo,treatment,193.03,22.2,170.83,51.79,0,steady
O0002244,S0024008,C01821,2025-03-16T08:00:00,paid_search,mobile,home,always_on_search,control,118.04,17.71,100.33,21.1,0,deal_seeker
O0002245,S0024032,C01822,2025-11-07T08:00:00,organic,mobile,electronics,seo,treatment,191.92,22.07,169.85,51.45,0,steady
O0002246,S0024046,C01823,2025-09-25T14:00:00,organic,desktop,sports,seo,control,222.28,17.78,204.5,66.57,0,steady
O0002247,S0024053,C01823,2025-12-18T22:00:00,organic,mobile,electronics,seo,control,296.63,23.73,272.9,87.51,0,steady
O0002248,S0024061,C01824,2025-07-14T19:00:00,organic,desktop,food,seo,control,192.8,15.42,177.38,57.08,0,steady
O0002249,S0024069,C01825,2025-04-02T10:00:00,affiliate,mobile,sports,partner_cashback,treatment,205.59,21.59,184.01,69.28,0,champion
O0002250,S0024079,C01825,2025-07-12T17:00:00,email,mobile,apparel,crm_lifecycle,treatment,294.37,25.02,269.34,105.12,0,champion
O0002251,S0024083,C01825,2025-09-07T20:00:00,paid_search,mobile,sports,always_on_search,treatment,353.81,30.07,323.74,127.97,0,champion
O0002252,S0024084,C01825,2025-09-04T13:00:00,organic,mobile,apparel,seo,treatment,346.08,29.42,316.67,125.0,0,champion
O0002253,S0024085,C01825,2025-09-06T15:00:00,direct,mobile,food,brand_direct,treatment,286.37,24.34,262.03,102.05,0,champion
O0002254,S0024095,C01826,2025-05-19T12:00:00,organic,mobile,apparel,seo,treatment,175.49,32.47,143.03,33.48,0,deal_seeker
O0002255,S0024123,C01828,2025-02-15T16:00:00,direct,mobile,beauty,brand_direct,treatment,102.69,11.81,90.88,23.81,0,steady
O0002256,S0024140,C01828,2025-07-23T13:00:00,organic,mobile,beauty,seo,treatment,320.79,36.89,283.9,91.36,1,steady
O0002257,S0024161,C01830,2025-06-02T16:00:00,social,tablet,sports,summer_social,control,334.3,16.71,317.58,128.38,0,champion
O0002258,S0024183,C01832,2025-06-01T17:00:00,affiliate,mobile,electronics,partner_cashback,control,214.71,36.5,178.21,43.68,0,deal_seeker
O0002259,S0024196,C01832,2025-12-10T15:00:00,affiliate,mobile,electronics,partner_cashback,control,126.99,21.59,105.4,22.57,0,deal_seeker
O0002260,S0024206,C01833,2025-10-25T19:00:00,direct,desktop,home,brand_direct,control,211.15,16.89,194.26,62.99,0,steady
O0002261,S0024215,C01833,2025-12-18T14:00:00,organic,mobile,beauty,seo,control,223.14,17.85,205.28,63.85,0,steady
O0002262,S0024222,C01835,2025-10-01T13:00:00,paid_search,mobile,electronics,always_on_search,control,360.48,18.02,342.46,135.83,0,champion
O0002263,S0024226,C01835,2025-11-15T10:00:00,organic,mobile,apparel,seo,control,210.64,10.53,200.1,76.04,0,champion
O0002264,S0024234,C01836,2025-12-26T15:00:00,social,mobile,apparel,summer_social,control,310.97,24.88,286.09,92.13,0,steady
O0002265,S0024248,C01838,2025-09-13T15:00:00,direct,mobile,apparel,brand_direct,control,129.67,10.37,119.29,33.75,0,steady
O0002266,S0024254,C01839,2025-06-25T16:00:00,affiliate,mobile,apparel,partner_cashback,control,189.2,32.16,157.04,37.54,0,deal_seeker
O0002267,S0024275,C01840,2025-07-07T13:00:00,organic,mobile,home,seo,control,496.89,39.75,457.14,152.0,0,steady
O0002268,S0024287,C01841,2025-06-14T10:00:00,organic,mobile,food,seo,treatment,267.1,30.72,236.38,74.73,0,steady
O0002269,S0024325,C01844,2025-02-20T13:00:00,email,mobile,sports,crm_lifecycle,treatment,342.56,29.12,313.44,123.64,0,champion
O0002270,S0024335,C01844,2025-06-05T18:00:00,paid_search,mobile,sports,always_on_search,treatment,237.54,20.19,217.35,83.29,0,champion
O0002271,S0024346,C01844,2025-12-26T21:00:00,email,mobile,electronics,crm_lifecycle,treatment,578.01,49.13,528.88,214.13,0,champion
O0002272,S0024354,C01845,2025-05-13T10:00:00,paid_search,desktop,electronics,always_on_search,control,434.57,65.19,369.38,102.12,1,deal_seeker
O0002273,S0024355,C01845,2025-06-02T22:00:00,email,mobile,electronics,crm_lifecycle,control,190.45,28.57,161.88,38.95,0,deal_seeker
O0002274,S0024381,C01848,2025-07-22T17:00:00,email,mobile,electronics,crm_lifecycle,treatment,245.09,20.83,224.26,86.19,0,champion
O0002275,S0024385,C01848,2025-08-12T21:00:00,paid_search,mobile,electronics,always_on_search,treatment,340.04,28.9,311.14,122.68,0,champion
O0002276,S0024391,C01848,2025-09-15T22:00:00,paid_search,mobile,electronics,always_on_search,treatment,564.68,48.0,516.69,209.01,0,champion
O0002277,S0024395,C01848,2025-10-26T16:00:00,social,desktop,beauty,summer_social,treatment,514.31,43.72,470.6,192.65,0,champion
O0002278,S0024413,C01849,2025-12-21T14:00:00,direct,mobile,sports,brand_direct,treatment,152.19,28.15,124.03,27.97,0,deal_seeker
O0002279,S0024433,C01851,2025-10-02T09:00:00,social,mobile,sports,summer_social,treatment,288.98,53.46,235.52,60.3,0,deal_seeker
O0002280,S0024440,C01852,2025-10-17T18:00:00,organic,desktop,home,seo,treatment,168.41,14.31,154.09,59.72,0,champion
O0002281,S0024451,C01853,2025-10-18T16:00:00,email,desktop,sports,crm_lifecycle,control,411.26,61.69,349.57,96.37,0,deal_seeker
O0002282,S0024456,C01854,2025-05-17T15:00:00,social,mobile,sports,summer_social,control,319.05,25.52,293.52,94.73,0,steady
O0002283,S0024479,C01855,2025-03-06T11:00:00,paid_search,mobile,beauty,always_on_search,treatment,223.34,18.98,204.35,77.83,0,champion
O0002284,S0024488,C01855,2025-07-25T12:00:00,paid_search,mobile,electronics,always_on_search,treatment,361.18,30.7,330.48,130.8,0,champion
O0002285,S0024497,C01855,2025-12-10T16:00:00,paid_search,mobile,apparel,always_on_search,treatment,431.91,36.71,395.2,157.98,0,champion
O0002286,S0024509,C01856,2025-09-18T10:00:00,paid_search,mobile,apparel,always_on_search,control,464.18,69.63,394.55,106.42,0,deal_seeker
O0002287,S0024525,C01857,2025-10-13T11:00:00,affiliate,tablet,food,partner_cashback,control,365.62,36.56,329.06,110.17,0,steady
O0002288,S0024556,C01861,2025-10-25T20:00:00,paid_search,mobile,home,always_on_search,control,273.77,21.9,251.87,80.15,0,steady
O0002289,S0024580,C01863,2025-10-26T11:00:00,paid_search,tablet,beauty,always_on_search,control,393.61,31.49,362.12,121.74,0,steady
O0002290,S0024586,C01864,2025-03-03T20:00:00,paid_search,mobile,home,always_on_search,control,349.27,17.46,331.81,131.36,0,champion
O0002291,S0024590,C01864,2025-04-15T17:00:00,paid_search,tablet,apparel,always_on_search,control,815.21,40.76,774.45,320.27,0,champion
O0002292,S0024591,C01864,2025-04-22T14:00:00,direct,mobile,sports,brand_direct,control,434.1,21.7,412.39,165.21,0,champion
O0002293,S0024592,C01864,2025-04-11T12:00:00,social,mobile,sports,summer_social,control,239.37,11.97,227.4,87.51,0,champion
O0002294,S0024599,C01864,2025-07-06T09:00:00,affiliate,mobile,apparel,partner_cashback,control,296.71,20.77,275.94,107.9,0,champion
O0002295,S0024606,C01864,2025-09-23T12:00:00,affiliate,mobile,sports,partner_cashback,control,301.14,21.08,280.06,109.63,0,champion
O0002296,S0024634,C01868,2025-03-10T08:00:00,paid_search,mobile,sports,always_on_search,control,305.75,24.46,281.29,90.45,0,steady
O0002297,S0024638,C01868,2025-05-09T11:00:00,social,mobile,home,summer_social,control,170.15,13.61,156.54,46.79,0,steady
O0002298,S0024646,C01868,2025-09-13T19:00:00,paid_search,mobile,home,always_on_search,control,202.52,16.2,186.32,57.21,0,steady
O0002299,S0024648,C01869,2025-01-02T19:00:00,social,desktop,electronics,summer_social,control,246.5,19.72,226.78,74.37,0,steady
O0002300,S0024654,C01869,2025-03-03T19:00:00,organic,mobile,home,seo,control,162.75,13.02,149.73,44.41,0,steady
O0002301,S0024660,C01869,2025-08-20T15:00:00,paid_search,mobile,home,always_on_search,control,159.12,12.73,146.39,43.24,0,steady
O0002302,S0024671,C01869,2025-12-11T12:00:00,social,mobile,home,summer_social,control,91.12,7.29,83.83,21.34,0,steady
O0002303,S0024695,C01872,2025-09-05T08:00:00,social,mobile,food,summer_social,control,124.64,18.7,105.94,22.72,0,deal_seeker
O0002304,S0024706,C01873,2025-07-22T21:00:00,paid_search,tablet,sports,always_on_search,treatment,205.62,17.48,188.14,74.02,0,champion
O0002305,S0024713,C01873,2025-09-11T08:00:00,paid_search,mobile,food,always_on_search,treatment,312.61,26.57,286.04,112.14,0,champion
O0002306,S0024721,C01873,2025-11-15T15:00:00,social,mobile,electronics,summer_social,treatment,696.77,59.23,637.55,259.77,0,champion
O0002307,S0024739,C01876,2025-10-18T12:00:00,email,mobile,apparel,crm_lifecycle,treatment,292.9,24.9,268.0,104.56,0,champion
O0002308,S0024740,C01876,2025-11-07T16:00:00,paid_search,mobile,food,always_on_search,treatment,474.19,40.31,433.88,174.23,0,champion
O0002309,S0024741,C01876,2025-11-09T17:00:00,paid_search,tablet,electronics,always_on_search,treatment,434.05,36.89,397.16,161.81,0,champion
O0002310,S0024742,C01876,2025-12-20T21:00:00,organic,mobile,electronics,seo,treatment,322.87,27.44,295.43,116.08,0,champion
O0002311,S0024779,C01880,2025-11-11T12:00:00,organic,mobile,beauty,seo,control,198.08,29.71,168.37,40.83,0,deal_seeker
O0002312,S0024792,C01881,2025-12-07T20:00:00,email,mobile,home,crm_lifecycle,control,178.19,14.26,163.94,49.38,0,steady
O0002313,S0024800,C01882,2025-05-21T10:00:00,direct,mobile,sports,brand_direct,control,155.85,7.79,148.06,54.18,0,champion
O0002314,S0024821,C01883,2025-09-02T10:00:00,email,mobile,electronics,crm_lifecycle,treatment,205.61,38.04,167.57,40.6,1,deal_seeker
O0002315,S0024832,C01884,2025-07-03T22:00:00,email,mobile,electronics,crm_lifecycle,control,147.01,11.76,135.25,39.34,1,steady
O0002316,S0024834,C01884,2025-08-13T10:00:00,affiliate,desktop,electronics,partner_cashback,control,359.47,35.95,323.52,108.23,0,steady
O0002317,S0024841,C01885,2025-09-10T16:00:00,paid_search,desktop,beauty,always_on_search,control,369.74,18.49,351.26,142.53,0,champion
O0002318,S0024843,C01885,2025-09-11T11:00:00,affiliate,mobile,electronics,partner_cashback,control,363.37,25.44,337.94,133.93,0,champion
O0002319,S0024844,C01885,2025-10-03T12:00:00,email,mobile,home,crm_lifecycle,control,523.37,26.17,497.21,200.83,0,champion
O0002320,S0024846,C01885,2025-10-02T09:00:00,social,mobile,apparel,summer_social,control,276.36,13.82,262.54,102.27,0,champion
O0002321,S0024847,C01885,2025-11-05T13:00:00,paid_search,mobile,food,always_on_search,control,542.57,27.13,515.45,208.49,0,champion
O0002322,S0024848,C01885,2025-11-24T16:00:00,email,mobile,home,crm_lifecycle,control,422.49,21.12,401.36,160.57,0,champion
O0002323,S0024849,C01885,2025-12-24T20:00:00,email,mobile,home,crm_lifecycle,control,552.33,27.62,524.71,212.38,0,champion
O0002324,S0024852,C01886,2025-10-17T17:00:00,paid_search,mobile,food,always_on_search,control,146.46,21.97,124.5,28.1,0,deal_seeker
O0002325,S0024868,C01887,2025-12-23T20:00:00,email,mobile,home,crm_lifecycle,treatment,435.01,80.48,354.53,94.81,0,deal_seeker
O0002326,S0024897,C01889,2025-10-14T15:00:00,social,mobile,beauty,summer_social,control,328.1,16.41,311.7,122.91,0,champion
O0002327,S0024911,C01890,2025-09-02T13:00:00,direct,mobile,apparel,brand_direct,treatment,216.26,31.36,184.9,49.32,0,new_or_low
O0002328,S0024950,C01892,2025-06-04T13:00:00,social,mobile,home,summer_social,treatment,446.69,37.97,408.72,163.66,0,champion
O0002329,S0024952,C01892,2025-08-02T22:00:00,organic,mobile,apparel,seo,treatment,376.63,32.01,344.62,136.74,0,champion
O0002330,S0024965,C01892,2025-12-19T13:00:00,social,mobile,sports,summer_social,treatment,508.76,43.24,465.51,187.52,0,champion
O0002331,S0025002,C01898,2025-10-19T22:00:00,direct,mobile,electronics,brand_direct,treatment,122.04,14.03,108.0,29.8,0,steady
O0002332,S0025010,C01899,2025-06-24T22:00:00,affiliate,mobile,food,partner_cashback,treatment,185.52,38.03,147.49,34.77,0,deal_seeker
O0002333,S0025011,C01899,2025-06-11T08:00:00,organic,mobile,electronics,seo,treatment,93.48,17.29,76.18,14.09,0,deal_seeker
O0002334,S0025018,C01899,2025-10-19T21:00:00,affiliate,tablet,sports,partner_cashback,treatment,139.01,28.5,110.51,27.05,0,deal_seeker
O0002335,S0025053,C01904,2025-10-19T14:00:00,direct,mobile,home,brand_direct,control,357.44,17.87,339.57,134.62,0,champion
O0002336,S0025061,C01904,2025-12-22T11:00:00,paid_search,mobile,beauty,always_on_search,control,402.37,20.12,382.26,152.55,0,champion
O0002337,S0025069,C01905,2025-04-22T13:00:00,organic,mobile,home,seo,control,120.12,18.02,102.11,21.61,0,deal_seeker
O0002338,S0025076,C01905,2025-06-19T12:00:00,email,desktop,apparel,crm_lifecycle,control,237.75,35.66,202.09,53.61,0,deal_seeker
O0002339,S0025088,C01905,2025-11-03T11:00:00,organic,mobile,beauty,seo,control,145.1,21.77,123.34,27.77,0,deal_seeker
O0002340,S0025097,C01906,2025-08-14T21:00:00,organic,mobile,apparel,seo,control,339.6,50.94,288.66,75.71,0,deal_seeker
O0002341,S0025104,C01906,2025-11-05T20:00:00,paid_search,mobile,apparel,always_on_search,control,292.8,43.92,248.88,64.17,0,deal_seeker
O0002342,S0025113,C01907,2025-08-03T08:00:00,email,desktop,sports,crm_lifecycle,control,417.78,33.42,384.36,129.53,0,steady
O0002343,S0025130,C01910,2025-11-25T19:00:00,paid_search,desktop,food,always_on_search,control,221.53,11.08,210.45,83.39,0,champion
O0002344,S0025131,C01910,2025-12-06T10:00:00,paid_search,mobile,apparel,always_on_search,control,200.41,10.02,190.39,71.97,0,champion
O0002345,S0025144,C01911,2025-07-02T14:00:00,paid_search,tablet,home,always_on_search,control,308.69,24.7,283.99,94.4,0,steady
O0002346,S0025156,C01912,2025-03-20T09:00:00,organic,desktop,sports,seo,treatment,323.17,27.47,295.7,119.19,0,champion
O0002347,S0025157,C01912,2025-04-02T08:00:00,email,mobile,home,crm_lifecycle,treatment,402.0,34.17,367.83,146.49,0,champion
O0002348,S0025166,C01912,2025-08-21T13:00:00,social,desktop,sports,summer_social,treatment,231.44,19.67,211.77,83.94,0,champion
O0002349,S0025167,C01912,2025-08-07T21:00:00,paid_search,mobile,beauty,always_on_search,treatment,317.14,26.96,290.19,113.88,0,champion
O0002350,S0025173,C01912,2025-10-18T17:00:00,email,mobile,apparel,crm_lifecycle,treatment,439.77,37.38,402.39,161.0,0,champion
O0002351,S0025180,C01913,2025-04-14T18:00:00,paid_search,mobile,food,always_on_search,control,104.95,15.74,89.21,17.87,0,deal_seeker
O0002352,S0025207,C01915,2025-02-20T10:00:00,social,desktop,apparel,summer_social,control,141.93,11.35,130.58,40.7,0,steady
O0002353,S0025215,C01915,2025-06-22T11:00:00,paid_search,mobile,sports,always_on_search,control,139.05,11.12,127.93,36.77,0,steady
O0002354,S0025234,C01917,2025-04-19T16:00:00,affiliate,desktop,electronics,partner_cashback,treatment,203.34,27.45,175.89,56.56,0,steady
O0002355,S0025243,C01917,2025-09-18T09:00:00,organic,desktop,apparel,seo,treatment,162.77,18.72,144.05,45.42,0,steady
O0002356,S0025253,C01918,2025-03-01T11:00:00,email,mobile,beauty,crm_lifecycle,treatment,313.51,26.65,286.86,112.48,0,champion
O0002357,S0025259,C01918,2025-05-11T13:00:00,social,mobile,electronics,summer_social,treatment,413.89,35.18,378.71,151.06,0,champion
O0002358,S0025262,C01918,2025-06-13T16:00:00,social,mobile,electronics,summer_social,treatment,385.59,32.77,352.81,140.18,0,champion
O0002359,S0025264,C01918,2025-06-09T11:00:00,organic,mobile,apparel,seo,treatment,197.03,16.75,180.28,67.72,0,champion
O0002360,S0025276,C01918,2025-11-26T08:00:00,organic,mobile,beauty,seo,treatment,256.94,21.84,235.1,90.74,0,champion
O0002361,S0025300,C01920,2025-12-08T16:00:00,organic,mobile,electronics,seo,control,173.28,13.86,159.42,47.8,0,steady
O0002362,S0025317,C01922,2025-08-18T10:00:00,direct,mobile,home,brand_direct,control,63.79,9.57,54.22,7.72,0,deal_seeker
O0002363,S0025321,C01922,2025-09-14T14:00:00,affiliate,mobile,beauty,partner_cashback,control,201.58,34.27,167.32,40.52,0,deal_seeker
O0002364,S0025323,C01922,2025-10-02T20:00:00,social,desktop,electronics,summer_social,control,153.97,23.1,130.87,32.95,0,deal_seeker
O0002365,S0025332,C01923,2025-04-04T20:00:00,social,mobile,food,summer_social,control,446.8,22.34,424.46,170.27,0,champion
O0002366,S0025334,C01923,2025-05-18T22:00:00,social,desktop,food,summer_social,control,348.22,17.41,330.8,133.94,0,champion
O0002367,S0025335,C01923,2025-05-16T20:00:00,direct,mobile,food,brand_direct,control,362.82,18.14,344.68,136.76,0,champion
O0002368,S0025337,C01923,2025-05-11T16:00:00,direct,mobile,food,brand_direct,control,247.74,12.39,235.35,90.85,0,champion
O0002369,S0025349,C01923,2025-07-13T15:00:00,social,mobile,sports,summer_social,control,297.05,14.85,282.2,110.52,0,champion
O0002370,S0025358,C01923,2025-10-23T11:00:00,social,mobile,food,summer_social,control,406.77,20.34,386.43,154.3,0,champion
O0002371,S0025362,C01923,2025-12-18T15:00:00,affiliate,mobile,beauty,partner_cashback,control,311.88,21.83,290.05,113.82,0,champion
O0002372,S0025368,C01924,2025-07-09T13:00:00,direct,tablet,beauty,brand_direct,control,195.86,15.67,180.19,58.07,0,steady
O0002373,S0025387,C01926,2025-03-13T09:00:00,organic,mobile,beauty,seo,control,292.43,23.39,269.03,86.16,0,steady
O0002374,S0025422,C01929,2025-02-17T21:00:00,organic,mobile,beauty,seo,control,120.25,18.04,102.21,21.64,0,deal_seeker
O0002375,S0025423,C01929,2025-02-23T12:00:00,organic,tablet,beauty,seo,control,150.38,22.56,127.82,32.07,0,deal_seeker
O0002376,S0025462,C01931,2025-08-10T12:00:00,email,desktop,apparel,crm_lifecycle,control,295.29,14.76,280.53,112.82,0,champion
O0002377,S0025465,C01931,2025-08-10T09:00:00,affiliate,mobile,apparel,partner_cashback,control,370.57,25.94,344.63,136.74,0,champion
O0002378,S0025469,C01931,2025-10-27T22:00:00,organic,desktop,apparel,seo,control,356.19,17.81,338.38,137.12,0,champion
O0002379,S0025472,C01931,2025-12-09T17:00:00,paid_search,mobile,home,always_on_search,control,288.21,14.41,273.8,107.0,0,champion
O0002380,S0025485,C01932,2025-07-17T21:00:00,organic,mobile,home,seo,treatment,205.11,23.59,181.52,55.53,0,steady
O0002381,S0025506,C01933,2025-12-04T15:00:00,organic,desktop,food,seo,control,288.38,43.26,245.12,66.09,0,deal_seeker
O0002382,S0025534,C01936,2025-08-20T20:00:00,organic,desktop,food,seo,treatment,258.55,29.73,228.82,75.09,0,steady
O0002383,S0025542,C01937,2025-06-19T18:00:00,social,desktop,home,summer_social,treatment,329.21,37.86,291.35,96.97,0,steady
O0002384,S0025548,C01937,2025-10-25T13:00:00,email,mobile,home,crm_lifecycle,treatment,244.48,28.12,216.36,67.73,0,steady
O0002385,S0025557,C01938,2025-07-25T20:00:00,affiliate,mobile,electronics,partner_cashback,treatment,107.4,14.5,92.9,24.52,0,steady
O0002386,S0025576,C01940,2025-03-27T13:00:00,email,mobile,food,crm_lifecycle,treatment,590.62,109.26,481.36,131.59,0,deal_seeker
O0002387,S0025599,C01940,2025-12-14T08:00:00,paid_search,mobile,beauty,always_on_search,treatment,388.56,71.88,316.67,83.84,0,deal_seeker
O0002388,S0025618,C01943,2025-05-25T11:00:00,social,mobile,sports,summer_social,treatment,159.43,18.33,141.09,41.38,0,steady
O0002389,S0025627,C01943,2025-07-09T19:00:00,paid_search,tablet,sports,always_on_search,treatment,145.95,16.78,129.17,40.21,0,steady
O0002390,S0025637,C01944,2025-08-23T12:00:00,organic,mobile,food,seo,treatment,146.53,27.11,119.42,26.63,0,deal_seeker
O0002391,S0025647,C01945,2025-02-25T10:00:00,paid_search,mobile,sports,always_on_search,treatment,200.55,23.06,177.49,54.12,0,steady
O0002392,S0025672,C01946,2025-04-07T19:00:00,organic,tablet,apparel,seo,control,292.18,43.83,248.35,67.02,0,deal_seeker
O0002393,S0025690,C01946,2025-11-16T22:00:00,social,tablet,beauty,summer_social,control,269.15,40.37,228.78,61.35,0,deal_seeker
O0002394,S0025702,C01947,2025-12-23T14:00:00,direct,desktop,beauty,brand_direct,control,181.11,14.49,166.62,53.32,1,steady
O0002395,S0025714,C01949,2025-12-18T16:00:00,social,mobile,sports,summer_social,treatment,190.26,27.59,162.67,42.43,0,new_or_low
O0002396,S0025718,C01950,2025-03-03T22:00:00,paid_search,mobile,sports,always_on_search,control,425.07,63.76,361.31,96.78,0,deal_seeker
O0002397,S0025742,C01951,2025-10-26T13:00:00,affiliate,mobile,food,partner_cashback,control,344.33,34.43,309.9,100.46,0,steady
O0002398,S0025770,C01954,2025-03-25T17:00:00,paid_search,desktop,home,always_on_search,control,179.41,26.91,152.5,39.23,0,deal_seeker
O0002399,S0025790,C01954,2025-11-08T14:00:00,social,desktop,food,summer_social,control,248.7,37.31,211.4,56.3,1,deal_seeker
O0002400,S0025799,C01955,2025-10-16T13:00:00,direct,mobile,food,brand_direct,treatment,126.82,14.58,112.24,31.28,0,steady
O0002401,S0025817,C01957,2025-06-11T21:00:00,paid_search,mobile,beauty,always_on_search,treatment,139.17,16.0,123.16,35.11,0,steady
O0002402,S0025818,C01957,2025-07-09T08:00:00,social,mobile,apparel,summer_social,treatment,228.95,26.33,202.62,62.92,0,steady
O0002403,S0025835,C01958,2025-11-24T16:00:00,organic,mobile,apparel,seo,control,103.92,15.59,88.33,17.62,0,deal_seeker
O0002404,S0025846,C01960,2025-08-26T09:00:00,social,mobile,electronics,summer_social,treatment,166.01,30.71,135.29,31.24,0,deal_seeker
O0002405,S0025865,C01962,2025-10-12T18:00:00,email,mobile,home,crm_lifecycle,control,395.79,59.37,336.42,89.56,0,deal_seeker
O0002406,S0025868,C01963,2025-05-10T16:00:00,organic,desktop,food,seo,treatment,331.5,28.18,303.33,122.4,0,champion
O0002407,S0025875,C01963,2025-07-18T17:00:00,organic,mobile,electronics,seo,treatment,634.75,53.95,580.8,235.94,0,champion
O0002408,S0025885,C01963,2025-12-14T16:00:00,social,mobile,apparel,summer_social,treatment,271.68,23.09,248.58,96.41,0,champion
O0002409,S0025887,C01964,2025-07-02T08:00:00,social,mobile,beauty,summer_social,control,322.66,25.81,296.85,95.9,0,steady
O0002410,S0025894,C01965,2025-04-22T10:00:00,paid_search,mobile,home,always_on_search,treatment,315.74,26.84,288.9,113.34,0,champion
O0002411,S0025895,C01965,2025-04-16T19:00:00,direct,desktop,food,brand_direct,treatment,302.28,25.69,276.59,111.17,0,champion
O0002412,S0025896,C01965,2025-04-26T19:00:00,social,mobile,home,summer_social,treatment,417.32,35.47,381.85,152.38,0,champion
O0002413,S0025906,C01965,2025-07-15T20:00:00,paid_search,mobile,home,always_on_search,treatment,420.82,35.77,385.05,153.72,0,champion
O0002414,S0025910,C01965,2025-11-13T16:00:00,organic,mobile,home,seo,treatment,261.49,22.23,239.26,92.49,0,champion
O0002415,S0025919,C01966,2025-10-26T19:00:00,social,mobile,food,summer_social,control,171.57,25.74,145.83,34.29,0,deal_seeker
O0002416,S0025936,C01968,2025-07-22T14:00:00,organic,mobile,sports,seo,control,124.76,9.98,114.78,32.17,0,steady
O0002417,S0025951,C01969,2025-02-24T20:00:00,organic,desktop,electronics,seo,treatment,364.47,30.98,333.49,135.07,0,champion
O0002418,S0025963,C01969,2025-04-10T16:00:00,direct,mobile,electronics,brand_direct,treatment,426.88,36.28,390.59,156.05,0,champion
O0002419,S0025967,C01969,2025-05-22T15:00:00,paid_search,desktop,electronics,always_on_search,treatment,376.76,32.02,344.74,139.79,0,champion
O0002420,S0025968,C01969,2025-06-08T22:00:00,paid_search,mobile,electronics,always_on_search,treatment,263.74,22.42,241.33,93.36,0,champion
O0002421,S0025972,C01969,2025-08-01T08:00:00,organic,mobile,home,seo,treatment,332.37,28.25,304.12,119.73,0,champion
O0002422,S0025974,C01969,2025-08-19T16:00:00,paid_search,mobile,electronics,always_on_search,treatment,371.15,31.55,339.6,134.63,1,champion
O0002423,S0025975,C01969,2025-08-19T20:00:00,organic,tablet,home,seo,treatment,391.93,33.31,358.62,145.62,0,champion
O0002424,S0025977,C01969,2025-10-25T16:00:00,organic,mobile,electronics,seo,treatment,227.4,19.33,208.07,79.39,0,champion
O0002425,S0025980,C01969,2025-12-11T16:00:00,social,mobile,apparel,summer_social,treatment,488.61,41.53,447.08,179.77,0,champion
O0002426,S0025990,C01970,2025-07-12T14:00:00,email,mobile,sports,crm_lifecycle,treatment,241.1,44.6,196.5,48.98,0,deal_seeker
O0002427,S0025993,C01970,2025-08-04T15:00:00,organic,mobile,home,seo,treatment,222.69,41.2,181.49,44.63,0,deal_seeker
O0002428,S0026007,C01971,2025-09-10T19:00:00,social,tablet,sports,summer_social,control,186.94,28.04,158.9,41.08,1,deal_seeker
O0002429,S0026019,C01972,2025-03-15T14:00:00,email,mobile,sports,crm_lifecycle,control,229.75,34.46,195.29,48.63,1,deal_seeker
O0002430,S0026042,C01973,2025-09-14T20:00:00,paid_search,mobile,sports,always_on_search,control,462.89,23.14,439.74,176.69,0,champion
O0002431,S0026047,C01973,2025-11-23T09:00:00,email,mobile,apparel,crm_lifecycle,control,278.91,13.95,264.96,103.29,0,champion
O0002432,S0026053,C01973,2025-12-26T10:00:00,organic,mobile,sports,seo,control,219.32,10.97,208.36,79.51,0,champion
O0002433,S0026115,C01978,2025-12-10T20:00:00,paid_search,mobile,beauty,always_on_search,control,70.15,7.72,62.44,11.36,0,new_or_low
O0002434,S0026207,C01986,2025-12-02T15:00:00,paid_search,mobile,sports,always_on_search,control,334.99,26.8,308.19,99.87,1,steady
O0002435,S0026225,C01988,2025-06-06T18:00:00,organic,mobile,home,seo,control,205.4,16.43,188.97,58.14,0,steady
O0002436,S0026242,C01989,2025-11-06T15:00:00,email,desktop,beauty,crm_lifecycle,control,259.39,20.75,238.64,78.52,0,steady
O0002437,S0026245,C01990,2025-09-25T18:00:00,direct,mobile,sports,brand_direct,control,325.41,16.27,309.14,121.84,0,champion
O0002438,S0026253,C01990,2025-11-03T08:00:00,affiliate,mobile,electronics,partner_cashback,control,344.64,24.13,320.52,126.62,0,champion
O0002439,S0026265,C01992,2025-03-13T21:00:00,social,desktop,electronics,summer_social,treatment,399.44,33.95,365.49,148.51,1,champion
O0002440,S0026285,C01992,2025-08-07T22:00:00,organic,desktop,beauty,seo,treatment,470.76,40.01,430.75,175.91,0,champion
O0002441,S0026290,C01992,2025-10-10T19:00:00,social,mobile,electronics,summer_social,treatment,469.32,39.89,429.42,172.36,0,champion
O0002442,S0026298,C01992,2025-11-13T15:00:00,email,mobile,home,crm_lifecycle,treatment,381.16,32.4,348.76,138.48,0,champion
O0002443,S0026299,C01992,2025-12-27T13:00:00,email,desktop,home,crm_lifecycle,treatment,645.24,54.85,590.4,242.97,0,champion
O0002444,S0026303,C01993,2025-11-25T15:00:00,direct,mobile,sports,brand_direct,treatment,134.21,24.83,109.38,23.72,0,deal_seeker
O0002445,S0026320,C01995,2025-05-06T15:00:00,paid_search,mobile,food,always_on_search,control,229.76,18.38,211.38,65.98,0,steady
O0002446,S0026337,C01996,2025-11-07T15:00:00,paid_search,mobile,beauty,always_on_search,control,202.77,30.42,172.36,41.98,0,deal_seeker
O0002447,S0026369,C02001,2025-07-24T22:00:00,paid_search,desktop,apparel,always_on_search,control,181.63,27.24,154.38,39.77,0,deal_seeker
O0002448,S0026370,C02001,2025-07-25T14:00:00,organic,mobile,apparel,seo,control,396.83,59.52,337.3,89.82,0,deal_seeker
O0002449,S0026371,C02001,2025-08-19T12:00:00,direct,desktop,apparel,brand_direct,control,223.61,33.54,190.07,50.12,0,deal_seeker
O0002450,S0026389,C02003,2025-09-15T16:00:00,direct,mobile,beauty,brand_direct,control,302.62,24.21,278.41,89.44,0,steady
O0002451,S0026415,C02007,2025-12-17T13:00:00,email,mobile,beauty,crm_lifecycle,treatment,141.99,16.33,125.66,35.98,0,steady
O0002452,S0026459,C02013,2025-08-20T13:00:00,social,mobile,apparel,summer_social,control,143.06,11.44,131.62,38.07,0,steady
O0002453,S0026469,C02014,2025-07-03T20:00:00,organic,mobile,beauty,seo,control,188.4,15.07,173.33,52.67,0,steady
O0002454,S0026475,C02014,2025-12-05T18:00:00,paid_search,mobile,apparel,always_on_search,control,186.94,14.95,171.98,52.19,0,steady
O0002455,S0026477,C02014,2025-12-14T15:00:00,organic,tablet,electronics,seo,control,133.63,10.69,122.94,38.03,0,steady
O0002456,S0026478,C02015,2025-09-26T08:00:00,paid_search,mobile,sports,always_on_search,control,221.57,17.73,203.84,63.35,0,steady
O0002457,S0026482,C02015,2025-10-22T17:00:00,organic,desktop,beauty,seo,control,180.41,14.43,165.98,53.09,0,steady
O0002458,S0026549,C02019,2025-09-27T09:00:00,direct,mobile,apparel,brand_direct,control,128.24,19.24,109.01,23.61,0,deal_seeker
O0002459,S0026564,C02022,2025-08-03T09:00:00,affiliate,desktop,electronics,partner_cashback,control,189.19,18.92,170.27,54.59,0,steady
O0002460,S0026577,C02023,2025-11-08T10:00:00,email,mobile,sports,crm_lifecycle,treatment,192.11,35.54,156.57,37.4,0,deal_seeker
O0002461,S0026579,C02024,2025-05-08T08:00:00,social,tablet,food,summer_social,control,593.48,47.48,546.0,186.1,0,steady
O0002462,S0026607,C02026,2025-04-10T11:00:00,affiliate,mobile,food,partner_cashback,control,414.21,28.99,385.22,153.79,0,champion
O0002463,S0026614,C02026,2025-06-22T15:00:00,organic,mobile,beauty,seo,control,251.57,12.58,238.99,92.38,0,champion
O0002464,S0026617,C02026,2025-07-20T12:00:00,organic,mobile,sports,seo,control,484.13,24.21,459.92,185.17,0,champion
O0002465,S0026622,C02026,2025-10-07T21:00:00,social,desktop,beauty,summer_social,control,252.41,12.62,239.79,95.71,0,champion
O0002466,S0026623,C02026,2025-10-15T19:00:00,direct,desktop,sports,brand_direct,control,435.5,21.77,413.72,168.76,0,champion
O0002467,S0026626,C02026,2025-11-17T08:00:00,direct,mobile,beauty,brand_direct,control,382.2,19.11,363.09,144.5,0,champion
O0002468,S0026633,C02027,2025-06-05T22:00:00,paid_search,mobile,food,always_on_search,treatment,330.89,28.13,302.76,119.16,0,champion
O0002469,S0026637,C02027,2025-07-13T14:00:00,email,mobile,beauty,crm_lifecycle,treatment,288.8,24.55,264.25,102.98,0,champion
O0002470,S0026643,C02027,2025-11-12T16:00:00,email,mobile,beauty,crm_lifecycle,treatment,501.74,42.65,459.09,184.82,0,champion
O0002471,S0026644,C02027,2025-12-03T21:00:00,direct,mobile,sports,brand_direct,treatment,285.36,24.26,261.1,101.66,0,champion
O0002472,S0026652,C02029,2025-02-13T19:00:00,organic,mobile,sports,seo,treatment,113.95,21.08,92.87,18.93,0,deal_seeker
O0002473,S0026655,C02029,2025-02-04T18:00:00,paid_search,mobile,sports,always_on_search,treatment,138.6,25.64,112.96,24.76,0,deal_seeker
O0002474,S0026677,C02030,2025-01-11T15:00:00,social,mobile,sports,summer_social,treatment,332.76,38.27,294.49,95.07,0,steady
O0002475,S0026690,C02030,2025-07-25T21:00:00,social,mobile,electronics,summer_social,treatment,486.98,56.0,430.98,142.84,0,steady
O0002476,S0026695,C02030,2025-11-12T10:00:00,affiliate,mobile,beauty,partner_cashback,treatment,230.01,31.05,198.96,61.63,0,steady
O0002477,S0026710,C02031,2025-07-10T13:00:00,paid_search,mobile,home,always_on_search,treatment,62.18,11.5,50.68,6.7,0,deal_seeker
O0002478,S0026717,C02031,2025-11-01T21:00:00,social,mobile,home,summer_social,treatment,124.33,23.0,101.33,21.39,0,deal_seeker
O0002479,S0026744,C02034,2025-10-11T11:00:00,social,mobile,sports,summer_social,control,286.12,42.92,243.2,62.53,0,deal_seeker
O0002480,S0026768,C02035,2025-11-27T11:00:00,email,desktop,home,crm_lifecycle,treatment,117.67,13.53,104.14,31.45,0,steady
O0002481,S0026787,C02036,2025-07-12T19:00:00,social,mobile,apparel,summer_social,treatment,459.01,52.79,406.22,134.18,0,steady
O0002482,S0026792,C02036,2025-12-14T14:00:00,organic,mobile,electronics,seo,treatment,165.65,19.05,146.6,43.31,0,steady
O0002483,S0026818,C02039,2025-05-22T10:00:00,paid_search,mobile,electronics,always_on_search,treatment,151.76,17.45,134.3,39.01,0,steady
O0002484,S0026829,C02039,2025-10-02T17:00:00,organic,mobile,apparel,seo,treatment,160.46,18.45,142.0,41.7,1,steady
O0002485,S0026853,C02041,2025-10-17T19:00:00,paid_search,mobile,apparel,always_on_search,treatment,340.14,62.93,277.22,72.39,0,deal_seeker
O0002486,S0026856,C02041,2025-11-17T12:00:00,social,desktop,home,summer_social,treatment,263.9,48.82,215.08,57.37,0,deal_seeker
O0002487,S0026864,C02042,2025-09-26T16:00:00,social,tablet,beauty,summer_social,control,196.49,15.72,180.77,58.27,0,steady
O0002488,S0026895,C02044,2025-07-03T08:00:00,organic,mobile,apparel,seo,control,323.95,16.2,307.75,121.25,0,champion
O0002489,S0026915,C02045,2025-10-19T15:00:00,social,desktop,apparel,summer_social,treatment,257.33,47.61,209.72,55.82,0,deal_seeker
O0002490,S0026917,C02045,2025-11-25T10:00:00,affiliate,desktop,apparel,partner_cashback,treatment,245.42,50.31,195.11,51.58,0,deal_seeker
O0002491,S0026931,C02046,2025-12-16T15:00:00,direct,mobile,electronics,brand_direct,control,265.28,21.22,244.05,77.42,0,steady
O0002492,S0026935,C02047,2025-04-12T18:00:00,email,desktop,food,crm_lifecycle,treatment,422.69,78.2,344.49,94.9,0,deal_seeker
O0002493,S0026938,C02047,2025-04-19T16:00:00,social,mobile,electronics,summer_social,treatment,265.56,49.13,216.43,54.76,0,deal_seeker
O0002494,S0026950,C02047,2025-11-21T19:00:00,paid_search,mobile,electronics,always_on_search,treatment,238.56,44.13,194.43,48.38,0,deal_seeker
O0002495,S0026966,C02048,2025-09-03T18:00:00,organic,tablet,apparel,seo,control,262.18,39.33,222.86,59.63,0,deal_seeker
O0002496,S0026985,C02050,2025-01-20T17:00:00,email,mobile,food,crm_lifecycle,treatment,311.52,45.17,266.35,74.57,0,new_or_low
O0002497,S0027007,C02051,2025-07-07T22:00:00,paid_search,mobile,electronics,always_on_search,control,477.89,23.89,453.99,182.68,0,champion
O0002498,S0027026,C02052,2025-03-05T22:00:00,social,mobile,apparel,summer_social,control,448.28,67.24,381.03,102.5,0,deal_seeker
O0002499,S0027030,C02052,2025-05-27T20:00:00,direct,desktop,food,brand_direct,control,96.79,14.52,82.27,18.86,0,deal_seeker
O0002500,S0027039,C02052,2025-11-27T18:00:00,social,mobile,food,summer_social,control,73.01,10.95,62.06,10.0,0,deal_seeker
O0002501,S0027040,C02052,2025-11-12T10:00:00,paid_search,mobile,apparel,always_on_search,control,109.71,16.46,93.25,19.04,0,deal_seeker
O0002502,S0027059,C02054,2025-05-27T21:00:00,email,mobile,home,crm_lifecycle,treatment,386.64,44.46,342.17,111.76,0,steady
O0002503,S0027066,C02054,2025-09-05T14:00:00,social,mobile,food,summer_social,treatment,142.45,16.38,126.07,36.12,0,steady
O0002504,S0027070,C02054,2025-09-04T16:00:00,email,mobile,home,crm_lifecycle,treatment,277.98,31.97,246.01,78.11,0,steady
O0002505,S0027072,C02054,2025-11-04T11:00:00,direct,mobile,apparel,brand_direct,treatment,141.28,16.25,125.03,35.76,0,steady
O0002506,S0027074,C02054,2025-11-07T22:00:00,affiliate,mobile,home,partner_cashback,treatment,366.44,49.47,316.97,102.94,0,steady
O0002507,S0027099,C02057,2025-06-13T12:00:00,paid_search,mobile,home,always_on_search,control,196.88,29.53,167.35,40.53,1,deal_seeker
O0002508,S0027112,C02058,2025-04-09T15:00:00,email,mobile,sports,crm_lifecycle,control,256.83,12.84,243.99,94.48,0,champion
O0002509,S0027116,C02058,2025-06-27T12:00:00,email,mobile,sports,crm_lifecycle,control,275.13,13.76,261.37,101.78,0,champion
O0002510,S0027118,C02058,2025-06-25T12:00:00,email,tablet,beauty,crm_lifecycle,control,189.76,9.49,180.27,70.71,0,champion
O0002511,S0027127,C02058,2025-10-18T09:00:00,paid_search,desktop,sports,always_on_search,control,586.91,29.35,557.57,229.18,0,champion
O0002512,S0027129,C02058,2025-10-07T08:00:00,paid_search,mobile,beauty,always_on_search,control,366.9,18.35,348.56,138.39,0,champion
O0002513,S0027134,C02058,2025-12-15T16:00:00,paid_search,mobile,sports,always_on_search,control,225.88,11.29,214.59,82.13,0,champion
O0002514,S0027136,C02059,2025-07-18T13:00:00,email,mobile,food,crm_lifecycle,treatment,102.93,19.04,83.89,16.33,0,deal_seeker
O0002515,S0027139,C02059,2025-08-07T20:00:00,direct,desktop,food,brand_direct,treatment,300.16,55.53,244.63,65.94,0,deal_seeker
O0002516,S0027140,C02059,2025-08-27T10:00:00,organic,mobile,food,seo,treatment,375.22,69.42,305.8,80.68,0,deal_seeker
O0002517,S0027161,C02061,2025-11-25T22:00:00,organic,mobile,home,seo,control,145.14,21.77,123.37,27.78,0,deal_seeker
O0002518,S0027186,C02062,2025-11-25T18:00:00,direct,mobile,beauty,brand_direct,treatment,157.56,18.12,139.44,40.8,0,steady
O0002519,S0027187,C02062,2025-12-05T16:00:00,paid_search,mobile,apparel,always_on_search,treatment,124.35,14.3,110.05,30.52,0,steady
O0002520,S0027195,C02064,2025-03-14T12:00:00,email,mobile,home,crm_lifecycle,treatment,295.65,54.7,240.96,61.88,0,deal_seeker
O0002521,S0027230,C02067,2025-06-23T13:00:00,social,desktop,sports,summer_social,control,213.08,23.44,189.64,53.79,0,new_or_low
O0002522,S0027237,C02068,2025-03-11T08:00:00,email,mobile,home,crm_lifecycle,treatment,347.62,64.31,283.31,74.16,0,deal_seeker
O0002523,S0027238,C02068,2025-03-23T10:00:00,social,mobile,apparel,summer_social,treatment,119.56,22.12,97.44,20.26,0,deal_seeker
O0002524,S0027243,C02068,2025-05-13T18:00:00,direct,mobile,beauty,brand_direct,treatment,150.32,27.81,122.51,27.53,0,deal_seeker
O0002525,S0027248,C02068,2025-06-09T20:00:00,direct,mobile,apparel,brand_direct,treatment,103.61,19.17,84.44,16.49,0,deal_seeker
O0002526,S0027253,C02068,2025-07-22T09:00:00,organic,mobile,food,seo,treatment,309.58,57.27,252.31,65.17,0,deal_seeker
O0002527,S0027275,C02070,2025-05-03T09:00:00,direct,tablet,sports,brand_direct,control,115.11,9.21,105.9,32.07,0,steady
O0002528,S0027285,C02071,2025-09-14T08:00:00,social,mobile,beauty,summer_social,control,270.72,21.66,249.06,79.17,0,steady
O0002529,S0027297,C02072,2025-02-01T15:00:00,paid_search,mobile,apparel,always_on_search,treatment,267.18,22.71,244.47,94.68,0,champion
O0002530,S0027305,C02072,2025-04-18T13:00:00,paid_search,mobile,food,always_on_search,treatment,480.01,40.8,439.21,176.47,0,champion
O0002531,S0027308,C02072,2025-06-10T12:00:00,paid_search,mobile,beauty,always_on_search,treatment,299.1,25.42,273.68,106.95,0,champion
O0002532,S0027318,C02072,2025-10-13T15:00:00,paid_search,desktop,apparel,always_on_search,treatment,239.55,20.36,219.18,87.06,0,champion
O0002533,S0027337,C02074,2025-09-24T16:00:00,direct,desktop,beauty,brand_direct,treatment,265.89,30.58,235.31,77.36,0,steady
O0002534,S0027362,C02076,2025-08-14T21:00:00,email,desktop,electronics,crm_lifecycle,treatment,215.61,39.89,175.72,45.96,0,deal_seeker
O0002535,S0027401,C02079,2025-03-25T15:00:00,direct,mobile,electronics,brand_direct,treatment,240.01,34.8,205.21,55.61,0,new_or_low
O0002536,S0027419,C02080,2025-10-19T08:00:00,paid_search,desktop,apparel,always_on_search,treatment,214.45,24.66,189.78,61.42,0,steady
O0002537,S0027437,C02083,2025-03-27T20:00:00,email,mobile,electronics,crm_lifecycle,treatment,195.18,22.45,172.73,52.46,0,steady
O0002538,S0027446,C02083,2025-06-05T09:00:00,email,mobile,electronics,crm_lifecycle,treatment,213.4,24.54,188.86,58.1,0,steady
O0002539,S0027460,C02084,2025-04-13T11:00:00,social,mobile,apparel,summer_social,treatment,313.43,26.64,286.79,112.45,0,champion
O0002540,S0027464,C02084,2025-05-12T12:00:00,affiliate,mobile,beauty,partner_cashback,treatment,390.11,40.96,349.15,138.64,0,champion
O0002541,S0027475,C02084,2025-09-08T21:00:00,paid_search,mobile,beauty,always_on_search,treatment,151.72,12.9,138.82,50.3,0,champion
O0002542,S0027477,C02084,2025-10-24T10:00:00,paid_search,mobile,beauty,always_on_search,treatment,219.47,18.65,200.81,76.34,0,champion
O0002543,S0027487,C02085,2025-06-12T19:00:00,paid_search,desktop,electronics,always_on_search,treatment,159.06,29.43,129.63,32.59,1,deal_seeker
O0002544,S0027511,C02086,2025-03-01T08:00:00,organic,mobile,beauty,seo,treatment,104.98,19.42,85.56,16.81,0,deal_seeker
O0002545,S0027528,C02088,2025-05-12T09:00:00,affiliate,desktop,apparel,partner_cashback,control,399.92,67.99,331.93,91.26,0,deal_seeker
O0002546,S0027545,C02089,2025-11-24T13:00:00,direct,mobile,beauty,brand_direct,treatment,184.77,21.25,163.52,49.23,0,steady
O0002547,S0027578,C02092,2025-08-19T09:00:00,organic,mobile,electronics,seo,control,135.4,20.31,115.09,25.38,0,deal_seeker
O0002548,S0027580,C02092,2025-09-26T16:00:00,affiliate,mobile,electronics,partner_cashback,control,160.6,27.3,133.3,30.66,0,deal_seeker
O0002549,S0027618,C02095,2025-02-09T20:00:00,organic,mobile,home,seo,treatment,432.32,36.75,395.58,158.14,0,champion
O0002550,S0027621,C02095,2025-02-13T15:00:00,paid_search,desktop,home,always_on_search,treatment,259.5,22.06,237.45,94.73,0,champion
O0002551,S0027623,C02095,2025-02-19T17:00:00,organic,mobile,home,seo,treatment,303.85,25.83,278.03,108.77,0,champion
O0002552,S0027624,C02095,2025-02-17T11:00:00,organic,mobile,home,seo,treatment,464.71,39.5,425.21,170.59,0,champion
O0002553,S0027625,C02095,2025-03-09T22:00:00,social,mobile,electronics,summer_social,treatment,230.9,19.63,211.28,80.74,0,champion
O0002554,S0027631,C02095,2025-05-01T19:00:00,organic,desktop,beauty,seo,treatment,517.64,44.0,473.64,193.93,0,champion
O0002555,S0027637,C02095,2025-08-18T16:00:00,direct,mobile,home,brand_direct,treatment,422.44,35.91,386.53,154.34,0,champion
O0002556,S0027639,C02095,2025-08-18T13:00:00,direct,mobile,home,brand_direct,treatment,383.11,32.56,350.55,139.23,0,champion
O0002557,S0027651,C02095,2025-12-25T21:00:00,organic,mobile,food,seo,treatment,353.21,30.02,323.19,127.74,0,champion
O0002558,S0027652,C02095,2025-12-11T22:00:00,social,mobile,sports,summer_social,treatment,290.14,24.66,265.48,103.5,0,champion
O0002559,S0027658,C02097,2025-09-12T17:00:00,social,desktop,home,summer_social,treatment,530.94,61.06,469.89,159.46,0,steady
O0002560,S0027667,C02098,2025-05-19T08:00:00,paid_search,mobile,apparel,always_on_search,treatment,277.87,31.95,245.91,78.07,0,steady
O0002561,S0027673,C02098,2025-09-07T22:00:00,paid_search,desktop,apparel,always_on_search,treatment,438.46,50.42,388.04,130.81,0,steady
O0002562,S0027681,C02099,2025-02-14T16:00:00,paid_search,mobile,home,always_on_search,control,222.91,33.44,189.47,46.95,0,deal_seeker
O0002563,S0027699,C02099,2025-10-02T08:00:00,email,mobile,beauty,crm_lifecycle,control,114.25,17.14,97.11,20.16,0,deal_seeker
O0002564,S0027706,C02100,2025-09-04T15:00:00,direct,mobile,beauty,brand_direct,control,256.84,12.84,244.0,94.48,0,champion
O0002565,S0027710,C02100,2025-11-07T13:00:00,paid_search,mobile,home,always_on_search,control,469.88,23.49,446.39,179.48,0,champion
O0002566,S0027711,C02100,2025-11-27T19:00:00,social,desktop,food,summer_social,control,243.9,12.19,231.7,92.32,0,champion
O0002567,S0027713,C02100,2025-12-22T14:00:00,social,mobile,beauty,summer_social,control,488.54,24.43,464.11,186.93,0,champion
O0002568,S0027730,C02101,2025-07-07T20:00:00,email,tablet,home,crm_lifecycle,treatment,342.9,39.43,303.46,101.21,1,steady
O0002569,S0027734,C02101,2025-08-24T12:00:00,social,tablet,beauty,summer_social,treatment,265.54,30.54,235.0,77.25,0,steady
O0002570,S0027736,C02101,2025-08-16T12:00:00,affiliate,tablet,beauty,partner_cashback,treatment,215.93,29.15,186.78,60.37,0,steady
O0002571,S0027739,C02101,2025-10-22T18:00:00,affiliate,mobile,beauty,partner_cashback,treatment,153.94,20.78,133.16,38.61,0,steady
O0002572,S0027743,C02102,2025-11-18T16:00:00,affiliate,mobile,food,partner_cashback,treatment,141.63,29.03,112.6,24.65,0,deal_seeker
O0002573,S0027745,C02102,2025-11-10T14:00:00,email,mobile,food,crm_lifecycle,treatment,344.02,63.64,280.38,73.31,0,deal_seeker
O0002574,S0027750,C02103,2025-06-01T12:00:00,paid_search,desktop,sports,always_on_search,treatment,163.53,13.9,149.63,57.85,0,champion
O0002575,S0027756,C02103,2025-07-24T09:00:00,paid_search,mobile,beauty,always_on_search,treatment,367.49,31.24,336.25,133.22,0,champion
O0002576,S0027760,C02103,2025-08-21T10:00:00,paid_search,mobile,food,always_on_search,treatment,356.53,30.3,326.22,129.01,0,champion
O0002577,S0027763,C02103,2025-09-22T16:00:00,social,mobile,food,summer_social,treatment,343.02,29.16,313.86,123.82,0,champion
O0002578,S0027766,C02103,2025-09-24T16:00:00,paid_search,mobile,sports,always_on_search,treatment,179.74,15.28,164.46,61.07,0,champion
O0002579,S0027770,C02103,2025-11-17T18:00:00,social,mobile,apparel,summer_social,treatment,327.49,27.84,299.66,117.86,0,champion
O0002580,S0027774,C02103,2025-12-05T21:00:00,affiliate,mobile,beauty,partner_cashback,treatment,575.45,60.42,515.03,208.31,0,champion
O0002581,S0027780,C02105,2025-02-20T11:00:00,email,mobile,electronics,crm_lifecycle,control,258.2,20.66,237.55,75.14,0,steady
O0002582,S0027786,C02105,2025-05-03T08:00:00,paid_search,mobile,beauty,always_on_search,control,167.36,13.39,153.97,45.89,0,steady
O0002583,S0027795,C02105,2025-10-02T16:00:00,organic,desktop,food,seo,control,105.43,8.43,96.99,28.95,0,steady
O0002584,S0027812,C02107,2025-01-15T11:00:00,email,mobile,food,crm_lifecycle,treatment,213.82,39.56,174.26,42.54,0,deal_seeker
O0002585,S0027816,C02107,2025-05-13T08:00:00,organic,mobile,electronics,seo,treatment,117.63,21.76,95.87,19.8,0,deal_seeker
O0002586,S0027818,C02107,2025-06-20T10:00:00,paid_search,desktop,food,always_on_search,treatment,151.79,28.08,123.71,30.88,0,deal_seeker
O0002587,S0027838,C02110,2025-09-01T18:00:00,affiliate,mobile,home,partner_cashback,treatment,122.77,25.17,97.6,20.31,1,deal_seeker
O0002588,S0027869,C02114,2025-01-05T10:00:00,organic,mobile,beauty,seo,treatment,304.86,25.91,278.95,109.16,0,champion
O0002589,S0027870,C02114,2025-01-10T13:00:00,paid_search,mobile,sports,always_on_search,treatment,494.66,42.05,452.61,182.1,0,champion
O0002590,S0027871,C02114,2025-01-11T17:00:00,social,desktop,sports,summer_social,treatment,362.44,30.81,331.64,134.29,0,champion
O0002591,S0027872,C02114,2025-01-17T21:00:00,direct,tablet,beauty,brand_direct,treatment,382.61,32.52,350.09,142.04,0,champion
O0002592,S0027877,C02114,2025-03-05T11:00:00,email,mobile,beauty,crm_lifecycle,treatment,359.63,30.57,329.06,130.2,0,champion
O0002593,S0027880,C02114,2025-04-21T13:00:00,organic,mobile,electronics,seo,treatment,308.31,26.21,282.1,110.48,0,champion
O0002594,S0027882,C02114,2025-04-08T22:00:00,paid_search,mobile,beauty,always_on_search,treatment,380.14,32.31,347.83,138.09,0,champion
O0002595,S0027891,C02114,2025-07-22T20:00:00,organic,mobile,beauty,seo,treatment,362.57,30.82,331.75,131.34,0,champion
O0002596,S0027901,C02114,2025-11-08T21:00:00,affiliate,tablet,beauty,partner_cashback,treatment,287.24,30.16,257.08,102.97,0,champion
O0002597,S0027916,C02116,2025-06-18T21:00:00,paid_search,mobile,sports,always_on_search,control,314.7,25.18,289.53,93.33,0,steady
O0002598,S0027918,C02116,2025-07-09T08:00:00,affiliate,tablet,home,partner_cashback,control,148.17,14.82,133.35,41.67,0,steady
O0002599,S0027919,C02116,2025-08-13T18:00:00,email,mobile,apparel,crm_lifecycle,control,218.79,17.5,201.28,62.45,0,steady
O0002600,S0027931,C02117,2025-02-17T13:00:00,paid_search,desktop,beauty,always_on_search,treatment,677.82,57.62,620.21,255.49,0,champion
O0002601,S0027940,C02117,2025-06-11T10:00:00,organic,mobile,food,seo,treatment,302.12,25.68,276.44,108.11,0,champion
O0002602,S0027942,C02117,2025-07-03T15:00:00,social,mobile,apparel,summer_social,treatment,347.14,29.51,317.63,125.41,0,champion
O0002603,S0027957,C02118,2025-08-20T19:00:00,paid_search,mobile,apparel,always_on_search,control,315.54,25.24,290.3,93.6,0,steady
O0002604,S0027984,C02121,2025-09-24T22:00:00,paid_search,tablet,apparel,always_on_search,control,175.32,14.03,161.29,51.45,0,steady
O0002605,S0027992,C02121,2025-12-12T15:00:00,organic,mobile,apparel,seo,control,199.9,15.99,183.91,56.37,0,steady
O0002606,S0028001,C02122,2025-10-20T09:00:00,paid_search,desktop,sports,always_on_search,control,243.62,19.49,224.13,73.44,0,steady
O0002607,S0028021,C02125,2025-03-22T15:00:00,paid_search,tablet,beauty,always_on_search,control,131.14,10.49,120.65,37.23,0,steady
O0002608,S0028041,C02127,2025-09-27T18:00:00,paid_search,desktop,beauty,always_on_search,treatment,292.22,24.84,267.38,107.3,1,champion
O0002609,S0028045,C02127,2025-12-14T12:00:00,paid_search,mobile,electronics,always_on_search,treatment,548.77,46.65,502.13,202.89,1,champion
O0002610,S0028059,C02128,2025-06-18T16:00:00,direct,mobile,home,brand_direct,treatment,658.98,121.91,537.07,147.75,0,deal_seeker
O0002611,S0028076,C02129,2025-08-15T19:00:00,email,mobile,apparel,crm_lifecycle,treatment,304.24,25.86,278.38,108.92,0,champion
O0002612,S0028077,C02129,2025-08-05T20:00:00,direct,desktop,electronics,brand_direct,treatment,380.04,32.3,347.73,141.05,0,champion
O0002613,S0028078,C02129,2025-08-04T21:00:00,direct,mobile,apparel,brand_direct,treatment,314.53,26.74,287.8,112.87,0,champion
O0002614,S0028080,C02129,2025-10-02T19:00:00,affiliate,mobile,apparel,partner_cashback,treatment,227.35,23.87,203.48,77.46,0,champion
O0002615,S0028081,C02129,2025-10-13T08:00:00,paid_search,mobile,home,always_on_search,treatment,394.76,33.55,361.21,143.71,0,champion
O0002616,S0028082,C02129,2025-11-22T12:00:00,organic,desktop,sports,seo,treatment,344.57,29.29,315.28,127.42,0,champion
O0002617,S0028083,C02129,2025-12-14T13:00:00,organic,desktop,apparel,seo,treatment,255.97,21.76,234.22,93.37,0,champion
O0002618,S0028087,C02129,2025-12-09T20:00:00,social,desktop,apparel,summer_social,treatment,273.82,23.27,250.55,100.23,0,champion
O0002619,S0028095,C02130,2025-04-25T12:00:00,organic,mobile,apparel,seo,control,293.6,23.49,270.11,86.54,0,steady
O0002620,S0028099,C02130,2025-05-04T11:00:00,paid_search,mobile,sports,always_on_search,control,188.06,15.05,173.02,52.56,0,steady
O0002621,S0028100,C02130,2025-05-26T22:00:00,organic,mobile,sports,seo,control,218.45,17.48,200.97,62.34,0,steady
O0002622,S0028142,C02133,2025-09-10T17:00:00,organic,mobile,beauty,seo,treatment,194.2,35.93,158.27,37.9,0,deal_seeker
O0002623,S0028172,C02136,2025-07-07T16:00:00,direct,mobile,sports,brand_direct,control,278.19,22.25,255.93,81.58,0,steady
O0002624,S0028185,C02137,2025-05-20T08:00:00,affiliate,desktop,sports,partner_cashback,treatment,361.35,74.08,287.27,78.31,0,deal_seeker
O0002625,S0028207,C02138,2025-11-07T14:00:00,paid_search,mobile,sports,always_on_search,treatment,366.7,31.17,335.53,132.92,0,champion
O0002626,S0028215,C02139,2025-05-10T16:00:00,email,desktop,beauty,crm_lifecycle,control,473.91,37.91,436.0,147.6,0,steady
O0002627,S0028228,C02140,2025-02-03T13:00:00,organic,mobile,electronics,seo,control,357.08,17.85,339.22,134.47,0,champion
O0002628,S0028241,C02140,2025-04-17T15:00:00,organic,mobile,electronics,seo,control,321.38,16.07,305.31,120.23,0,champion
O0002629,S0028242,C02140,2025-04-27T20:00:00,organic,mobile,apparel,seo,control,285.63,14.28,271.35,105.97,0,champion
O0002630,S0028244,C02140,2025-06-06T22:00:00,organic,mobile,electronics,seo,control,394.69,19.73,374.95,149.48,0,champion
O0002631,S0028246,C02140,2025-07-23T18:00:00,social,mobile,electronics,summer_social,control,229.55,11.48,218.07,83.59,0,champion
O0002632,S0028247,C02140,2025-07-09T20:00:00,social,mobile,home,summer_social,control,399.43,19.97,379.46,151.37,0,champion
O0002633,S0028248,C02140,2025-08-06T08:00:00,social,desktop,beauty,summer_social,control,306.26,15.31,290.94,117.2,0,champion
O0002634,S0028253,C02140,2025-12-04T08:00:00,email,mobile,electronics,crm_lifecycle,control,223.2,11.16,212.04,81.06,0,champion
O0002635,S0028261,C02141,2025-06-06T18:00:00,affiliate,mobile,beauty,partner_cashback,treatment,245.88,33.19,212.68,66.44,0,steady
O0002636,S0028264,C02141,2025-08-24T10:00:00,email,mobile,home,crm_lifecycle,treatment,179.92,20.69,159.23,47.73,1,steady
O0002637,S0028271,C02141,2025-10-07T19:00:00,affiliate,desktop,sports,partner_cashback,treatment,287.69,38.84,248.85,82.1,0,steady
O0002638,S0028278,C02142,2025-05-09T11:00:00,affiliate,mobile,food,partner_cashback,control,166.58,16.66,149.92,44.47,0,steady
O0002639,S0028287,C02142,2025-10-21T15:00:00,social,mobile,home,summer_social,control,318.15,25.45,292.7,94.45,0,steady
O0002640,S0028296,C02143,2025-08-12T16:00:00,paid_search,mobile,food,always_on_search,control,222.92,33.44,189.48,46.95,0,deal_seeker
O0002641,S0028309,C02144,2025-04-09T10:00:00,direct,mobile,sports,brand_direct,control,251.19,37.68,213.51,53.92,0,deal_seeker
O0002642,S0028328,C02144,2025-10-01T18:00:00,email,mobile,apparel,crm_lifecycle,control,684.19,102.63,581.56,160.65,0,deal_seeker
O0002643,S0028332,C02144,2025-11-23T14:00:00,organic,mobile,home,seo,control,200.79,30.12,170.67,41.49,1,deal_seeker
O0002644,S0028350,C02145,2025-11-21T13:00:00,organic,desktop,home,seo,control,178.62,19.65,158.98,44.28,0,new_or_low
O0002645,S0028363,C02147,2025-08-19T10:00:00,paid_search,desktop,sports,always_on_search,treatment,548.69,46.64,502.05,205.86,0,champion
O0002646,S0028374,C02147,2025-11-26T11:00:00,email,mobile,home,crm_lifecycle,treatment,286.48,24.35,262.13,102.1,0,champion
O0002647,S0028400,C02150,2025-07-12T09:00:00,paid_search,desktop,home,always_on_search,treatment,231.33,26.6,204.73,66.66,0,steady
O0002648,S0028406,C02150,2025-10-24T21:00:00,direct,mobile,home,brand_direct,treatment,219.87,25.28,194.58,60.1,0,steady
O0002649,S0028407,C02150,2025-10-07T11:00:00,direct,mobile,apparel,brand_direct,treatment,232.45,26.73,205.72,64.0,0,steady
O0002650,S0028411,C02151,2025-02-21T08:00:00,paid_search,desktop,electronics,always_on_search,treatment,374.96,69.37,305.59,83.62,0,deal_seeker
O0002651,S0028428,C02151,2025-07-05T17:00:00,email,mobile,electronics,crm_lifecycle,treatment,278.81,51.58,227.23,57.9,1,deal_seeker
O0002652,S0028438,C02151,2025-11-08T14:00:00,email,desktop,electronics,crm_lifecycle,treatment,301.9,55.85,246.05,66.35,1,deal_seeker
O0002653,S0028441,C02152,2025-07-20T11:00:00,social,mobile,sports,summer_social,control,453.93,22.7,431.23,173.12,0,champion
O0002654,S0028447,C02152,2025-09-23T22:00:00,direct,mobile,electronics,brand_direct,control,295.72,14.79,280.93,109.99,0,champion
O0002655,S0028450,C02152,2025-12-10T18:00:00,organic,mobile,food,seo,control,327.79,16.39,311.4,122.79,0,champion
O0002656,S0028468,C02153,2025-11-22T21:00:00,organic,mobile,electronics,seo,control,444.08,35.53,408.56,134.99,1,steady
O0002657,S0028475,C02154,2025-03-20T20:00:00,direct,desktop,apparel,brand_direct,treatment,301.7,34.7,267.0,88.45,0,steady
O0002658,S0028495,C02156,2025-03-23T14:00:00,organic,mobile,food,seo,treatment,705.81,59.99,645.82,263.24,0,champion
O0002659,S0028496,C02156,2025-03-11T15:00:00,email,desktop,food,crm_lifecycle,treatment,392.23,33.34,358.89,145.74,0,champion
O0002660,S0028505,C02156,2025-06-03T15:00:00,paid_search,desktop,food,always_on_search,treatment,287.53,24.44,263.09,105.5,1,champion
O0002661,S0028510,C02156,2025-07-01T14:00:00,paid_search,tablet,home,always_on_search,treatment,458.58,38.98,419.6,171.23,0,champion
O0002662,S0028518,C02156,2025-10-23T08:00:00,paid_search,mobile,apparel,always_on_search,treatment,284.78,24.21,260.57,101.44,0,champion
O0002663,S0028519,C02156,2025-10-23T11:00:00,paid_search,mobile,apparel,always_on_search,treatment,510.65,43.41,467.25,188.24,0,champion
O0002664,S0028522,C02156,2025-11-09T18:00:00,organic,mobile,food,seo,treatment,399.34,33.94,365.4,145.47,0,champion
O0002665,S0028523,C02156,2025-11-06T17:00:00,organic,mobile,home,seo,treatment,301.41,25.62,275.79,107.83,0,champion
O0002666,S0028551,C02159,2025-11-13T13:00:00,affiliate,desktop,food,partner_cashback,control,184.84,18.48,166.36,53.22,0,steady
O0002667,S0028561,C02161,2025-02-09T20:00:00,paid_search,mobile,electronics,always_on_search,control,456.4,36.51,419.89,138.96,0,steady
O0002668,S0028562,C02161,2025-02-04T19:00:00,paid_search,desktop,sports,always_on_search,control,115.67,9.25,106.42,32.25,0,steady
O0002669,S0028568,C02161,2025-05-26T20:00:00,paid_search,tablet,food,always_on_search,control,207.98,16.64,191.34,61.97,0,steady
O0002670,S0028583,C02162,2025-04-09T08:00:00,social,desktop,apparel,summer_social,treatment,431.29,49.6,381.69,128.59,0,steady
O0002671,S0028591,C02162,2025-08-16T11:00:00,organic,mobile,sports,seo,treatment,276.01,31.74,244.27,77.49,1,steady
O0002672,S0028594,C02162,2025-11-14T19:00:00,organic,mobile,sports,seo,treatment,212.25,24.41,187.84,57.74,0,steady
O0002673,S0028604,C02163,2025-07-13T13:00:00,organic,desktop,home,seo,control,155.45,23.32,132.13,33.32,0,deal_seeker
O0002674,S0028612,C02163,2025-12-17T11:00:00,social,desktop,apparel,summer_social,control,116.81,17.52,99.29,23.79,0,deal_seeker
O0002675,S0028614,C02164,2025-06-17T15:00:00,paid_search,mobile,sports,always_on_search,treatment,337.47,28.69,308.79,121.69,0,champion
O0002676,S0028617,C02164,2025-07-12T22:00:00,email,mobile,food,crm_lifecycle,treatment,424.24,36.06,388.18,155.04,0,champion
O0002677,S0028618,C02164,2025-08-10T11:00:00,email,mobile,sports,crm_lifecycle,treatment,223.56,19.0,204.56,77.91,0,champion
O0002678,S0028626,C02164,2025-11-18T21:00:00,paid_search,mobile,electronics,always_on_search,treatment,323.92,27.53,296.39,116.48,0,champion
O0002679,S0028629,C02164,2025-12-04T15:00:00,organic,desktop,sports,seo,treatment,342.01,29.07,312.94,126.44,0,champion
O0002680,S0028636,C02165,2025-08-17T14:00:00,email,mobile,beauty,crm_lifecycle,control,249.08,37.36,211.72,53.4,0,deal_seeker
O0002681,S0028652,C02167,2025-08-13T15:00:00,affiliate,mobile,electronics,partner_cashback,treatment,393.44,41.31,352.13,139.89,1,champion
O0002682,S0028653,C02167,2025-08-13T12:00:00,social,mobile,home,summer_social,treatment,225.99,19.21,206.78,78.85,0,champion
O0002683,S0028668,C02168,2025-10-26T21:00:00,paid_search,mobile,food,always_on_search,control,367.7,18.38,349.31,138.71,0,champion
O0002684,S0028669,C02168,2025-10-19T15:00:00,paid_search,mobile,food,always_on_search,control,177.71,8.89,168.82,62.91,0,champion
O0002685,S0028670,C02168,2025-11-24T17:00:00,paid_search,mobile,apparel,always_on_search,control,471.14,23.56,447.59,179.99,0,champion
O0002686,S0028671,C02168,2025-12-23T13:00:00,social,mobile,sports,summer_social,control,252.29,12.61,239.68,92.66,0,champion
O0002687,S0028672,C02168,2025-12-15T14:00:00,paid_search,mobile,food,always_on_search,control,471.84,23.59,448.25,180.26,0,champion
O0002688,S0028689,C02169,2025-09-21T12:00:00,social,mobile,electronics,summer_social,control,188.8,15.1,173.7,52.79,0,steady
O0002689,S0028723,C02171,2025-04-18T12:00:00,paid_search,desktop,home,always_on_search,treatment,282.45,24.01,258.45,103.55,0,champion
O0002690,S0028733,C02171,2025-06-23T12:00:00,email,mobile,home,crm_lifecycle,treatment,360.97,30.68,330.29,130.72,0,champion
O0002691,S0028737,C02171,2025-08-19T10:00:00,email,mobile,home,crm_lifecycle,treatment,482.79,41.04,441.76,177.54,0,champion
O0002692,S0028742,C02171,2025-09-10T19:00:00,affiliate,mobile,home,partner_cashback,treatment,212.66,22.33,190.33,71.94,0,champion
O0002693,S0028744,C02171,2025-10-19T16:00:00,organic,mobile,home,seo,treatment,255.27,21.7,233.58,90.1,0,champion
O0002694,S0028746,C02171,2025-11-24T16:00:00,social,mobile,apparel,summer_social,treatment,295.98,25.16,270.82,105.74,0,champion
O0002695,S0028749,C02171,2025-11-24T17:00:00,paid_search,mobile,home,always_on_search,treatment,271.33,23.06,248.26,96.27,0,champion
O0002696,S0028752,C02172,2025-09-10T10:00:00,social,mobile,sports,summer_social,treatment,248.74,46.02,202.73,50.79,0,deal_seeker
O0002697,S0028759,C02173,2025-01-20T19:00:00,paid_search,mobile,sports,always_on_search,control,140.99,11.28,129.71,37.4,0,steady
O0002698,S0028823,C02176,2025-04-12T12:00:00,organic,mobile,apparel,seo,control,284.5,22.76,261.74,83.61,1,steady
O0002699,S0028824,C02176,2025-05-25T22:00:00,social,mobile,electronics,summer_social,control,457.44,36.6,420.84,139.3,0,steady
O0002700,S0028835,C02176,2025-09-23T10:00:00,social,mobile,apparel,summer_social,control,180.52,14.44,166.07,50.13,0,steady
O0002701,S0028845,C02177,2025-05-15T09:00:00,direct,mobile,apparel,brand_direct,control,127.07,19.06,108.01,23.32,0,deal_seeker
O0002702,S0028849,C02177,2025-09-01T12:00:00,paid_search,desktop,apparel,always_on_search,control,227.67,34.15,193.52,51.12,0,deal_seeker
O0002703,S0028854,C02177,2025-11-13T11:00:00,paid_search,mobile,beauty,always_on_search,control,151.97,22.8,129.18,29.46,0,deal_seeker
O0002704,S0028855,C02177,2025-11-20T20:00:00,affiliate,mobile,electronics,partner_cashback,control,153.82,26.15,127.67,29.03,0,deal_seeker
O0002705,S0028872,C02179,2025-08-21T09:00:00,organic,mobile,sports,seo,treatment,229.43,26.38,203.05,63.07,0,steady
O0002706,S0028877,C02179,2025-11-26T16:00:00,email,desktop,sports,crm_lifecycle,treatment,478.56,55.03,423.53,143.23,0,steady
O0002707,S0028904,C02181,2025-08-19T13:00:00,email,mobile,apparel,crm_lifecycle,treatment,320.05,59.21,260.84,67.64,0,deal_seeker
O0002708,S0028907,C02181,2025-09-04T22:00:00,organic,mobile,apparel,seo,treatment,142.4,26.34,116.05,25.66,0,deal_seeker
O0002709,S0028910,C02181,2025-10-23T15:00:00,social,mobile,apparel,summer_social,treatment,252.72,46.75,205.97,51.73,0,deal_seeker
O0002710,S0028971,C02186,2025-08-25T22:00:00,organic,desktop,electronics,seo,treatment,120.83,22.35,98.48,23.56,0,deal_seeker
O0002711,S0029000,C02190,2025-05-10T13:00:00,paid_search,desktop,electronics,always_on_search,control,156.0,23.4,132.6,33.45,0,deal_seeker
O0002712,S0029009,C02190,2025-10-20T19:00:00,organic,desktop,food,seo,control,347.34,52.1,295.24,80.62,0,deal_seeker
O0002713,S0029047,C02195,2025-05-11T21:00:00,social,mobile,food,summer_social,control,306.16,24.49,281.67,90.58,0,steady
O0002714,S0029063,C02196,2025-10-05T20:00:00,paid_search,mobile,home,always_on_search,treatment,258.68,37.51,221.17,60.56,0,new_or_low
O0002715,S0029070,C02197,2025-04-11T08:00:00,social,mobile,sports,summer_social,control,499.48,24.97,474.51,191.29,0,champion
O0002716,S0029079,C02197,2025-07-27T10:00:00,organic,mobile,sports,seo,control,317.35,15.87,301.48,118.62,0,champion
O0002717,S0029082,C02197,2025-08-12T09:00:00,paid_search,mobile,sports,always_on_search,control,256.17,12.81,243.36,94.21,0,champion
O0002718,S0029096,C02198,2025-03-17T10:00:00,email,tablet,food,crm_lifecycle,treatment,151.91,28.1,123.81,30.9,0,deal_seeker
O0002719,S0029099,C02198,2025-04-24T15:00:00,social,mobile,food,summer_social,treatment,138.47,25.62,112.85,24.73,0,deal_seeker
O0002720,S0029101,C02198,2025-04-22T12:00:00,paid_search,mobile,sports,always_on_search,treatment,244.92,45.31,199.61,49.89,1,deal_seeker
O0002721,S0029109,C02198,2025-09-25T08:00:00,organic,mobile,electronics,seo,treatment,235.02,43.48,191.54,47.55,0,deal_seeker
O0002722,S0029149,C02201,2025-10-09T22:00:00,email,mobile,electronics,crm_lifecycle,treatment,300.49,25.54,274.95,107.48,0,champion
O0002723,S0029150,C02201,2025-11-02T22:00:00,affiliate,mobile,electronics,partner_cashback,treatment,182.85,19.2,163.65,60.73,0,champion
O0002724,S0029167,C02203,2025-07-11T14:00:00,paid_search,mobile,apparel,always_on_search,treatment,137.72,15.84,121.88,34.66,0,steady
O0002725,S0029172,C02203,2025-09-16T17:00:00,social,desktop,food,summer_social,treatment,209.05,24.04,185.01,59.75,0,steady
O0002726,S0029177,C02203,2025-11-08T12:00:00,paid_search,mobile,food,always_on_search,treatment,128.38,14.76,113.61,31.76,0,steady
O0002727,S0029179,C02204,2025-02-21T15:00:00,paid_search,mobile,apparel,always_on_search,treatment,317.59,26.99,290.59,114.05,0,champion
O0002728,S0029187,C02204,2025-03-14T19:00:00,affiliate,mobile,food,partner_cashback,treatment,293.11,30.78,262.33,102.18,0,champion
O0002729,S0029191,C02204,2025-04-19T10:00:00,social,mobile,apparel,summer_social,treatment,264.21,22.46,241.75,93.53,0,champion
O0002730,S0029199,C02204,2025-05-21T14:00:00,email,desktop,food,crm_lifecycle,treatment,477.46,40.58,436.87,178.49,0,champion
O0002731,S0029239,C02207,2025-11-11T19:00:00,organic,mobile,home,seo,treatment,111.07,20.55,90.52,18.25,0,deal_seeker
O0002732,S0029309,C02213,2025-06-04T08:00:00,organic,mobile,apparel,seo,control,199.28,15.94,183.34,56.17,0,steady
O0002733,S0029317,C02214,2025-02-04T18:00:00,email,mobile,electronics,crm_lifecycle,control,368.97,29.52,339.46,110.81,0,steady
O0002734,S0029326,C02215,2025-10-03T12:00:00,email,desktop,electronics,crm_lifecycle,control,317.11,15.86,301.25,121.53,0,champion
O0002735,S0029333,C02215,2025-12-22T08:00:00,paid_search,mobile,food,always_on_search,control,482.33,24.12,458.21,184.45,0,champion
O0002736,S0029334,C02215,2025-12-09T16:00:00,organic,mobile,food,seo,control,248.59,12.43,236.16,91.19,0,champion
O0002737,S0029337,C02216,2025-08-27T21:00:00,social,mobile,apparel,summer_social,control,237.48,11.87,225.61,86.76,0,champion
O0002738,S0029342,C02216,2025-11-23T16:00:00,paid_search,desktop,electronics,always_on_search,control,529.35,26.47,502.88,206.21,0,champion
O0002739,S0029366,C02219,2025-12-19T22:00:00,paid_search,mobile,food,always_on_search,control,270.44,21.64,248.81,79.08,0,steady
O0002740,S0029373,C02220,2025-09-18T22:00:00,social,mobile,electronics,summer_social,control,201.04,16.08,184.96,56.74,0,steady
O0002741,S0029375,C02220,2025-10-22T16:00:00,paid_search,mobile,electronics,always_on_search,control,219.94,17.6,202.35,62.82,0,steady
O0002742,S0029379,C02221,2025-05-04T19:00:00,email,mobile,food,crm_lifecycle,control,277.2,13.86,263.34,102.6,0,champion
O0002743,S0029380,C02221,2025-05-17T16:00:00,paid_search,desktop,food,always_on_search,control,417.72,20.89,396.84,161.67,0,champion
O0002744,S0029384,C02221,2025-06-15T18:00:00,paid_search,desktop,food,always_on_search,control,566.83,28.34,538.49,221.16,0,champion
O0002745,S0029398,C02222,2025-10-01T15:00:00,social,mobile,beauty,summer_social,treatment,718.26,61.05,657.21,268.03,0,champion
O0002746,S0029408,C02222,2025-12-23T16:00:00,organic,mobile,beauty,seo,treatment,256.04,21.76,234.27,90.4,0,champion
O0002747,S0029409,C02222,2025-12-15T19:00:00,email,desktop,apparel,crm_lifecycle,treatment,298.12,25.34,272.78,109.57,0,champion
O0002748,S0029420,C02223,2025-07-08T14:00:00,organic,mobile,electronics,seo,treatment,75.95,11.01,64.94,12.13,0,new_or_low
O0002749,S0029433,C02224,2025-12-12T08:00:00,email,desktop,electronics,crm_lifecycle,control,180.7,14.46,166.24,53.19,0,steady
O0002750,S0029437,C02225,2025-09-12T11:00:00,email,mobile,home,crm_lifecycle,treatment,442.11,37.58,404.53,161.9,0,champion
O0002751,S0029440,C02225,2025-10-14T21:00:00,paid_search,mobile,food,always_on_search,treatment,331.56,28.18,303.38,119.42,0,champion
O0002752,S0029442,C02225,2025-11-16T22:00:00,affiliate,desktop,electronics,partner_cashback,treatment,389.69,40.92,348.77,141.49,0,champion
O0002753,S0029446,C02225,2025-12-15T16:00:00,paid_search,mobile,electronics,always_on_search,treatment,425.17,36.14,389.03,155.39,0,champion
O0002754,S0029447,C02225,2025-12-20T15:00:00,social,tablet,food,summer_social,treatment,328.55,27.93,300.62,121.26,0,champion
O0002755,S0029471,C02228,2025-09-13T17:00:00,paid_search,mobile,electronics,always_on_search,treatment,209.34,24.07,185.27,56.84,0,steady
O0002756,S0029484,C02230,2025-10-26T15:00:00,email,mobile,apparel,crm_lifecycle,treatment,373.98,43.01,330.97,107.84,0,steady
O0002757,S0029499,C02231,2025-06-24T20:00:00,email,mobile,sports,crm_lifecycle,control,201.97,30.3,171.67,41.79,0,deal_seeker
O0002758,S0029509,C02231,2025-11-10T14:00:00,organic,mobile,home,seo,control,268.91,40.34,228.58,58.29,0,deal_seeker
O0002759,S0029524,C02232,2025-08-04T11:00:00,paid_search,desktop,electronics,always_on_search,control,347.64,27.81,319.83,106.94,0,steady
O0002760,S0029546,C02233,2025-07-22T22:00:00,organic,mobile,electronics,seo,treatment,277.54,31.92,245.62,77.97,0,steady
O0002761,S0029560,C02235,2025-08-13T08:00:00,email,mobile,sports,crm_lifecycle,control,633.61,31.68,601.93,244.81,0,champion
O0002762,S0029572,C02236,2025-04-11T20:00:00,direct,mobile,home,brand_direct,control,218.27,17.46,200.81,62.28,0,steady
O0002763,S0029573,C02236,2025-04-03T12:00:00,organic,tablet,beauty,seo,control,216.31,17.3,199.01,64.65,0,steady
O0002764,S0029575,C02236,2025-05-02T17:00:00,paid_search,mobile,electronics,always_on_search,control,326.37,26.11,300.26,97.09,0,steady
O0002765,S0029587,C02236,2025-10-27T19:00:00,organic,mobile,food,seo,control,184.47,14.76,169.72,51.4,0,steady
O0002766,S0029590,C02237,2025-03-01T21:00:00,organic,mobile,home,seo,control,309.6,15.48,294.12,115.53,0,champion
O0002767,S0029591,C02237,2025-03-19T17:00:00,direct,desktop,apparel,brand_direct,control,397.69,19.88,377.81,153.68,0,champion
O0002768,S0029596,C02237,2025-04-03T16:00:00,direct,mobile,electronics,brand_direct,control,490.83,24.54,466.29,187.84,0,champion
O0002769,S0029598,C02237,2025-04-16T22:00:00,organic,desktop,sports,seo,control,183.54,9.18,174.36,68.23,0,champion
O0002770,S0029600,C02237,2025-05-25T19:00:00,paid_search,desktop,beauty,always_on_search,control,313.49,15.67,297.81,120.08,0,champion
O0002771,S0029603,C02237,2025-07-19T09:00:00,direct,tablet,sports,brand_direct,control,390.97,19.55,371.42,151.0,0,champion
O0002772,S0029608,C02237,2025-08-04T16:00:00,direct,mobile,apparel,brand_direct,control,502.15,25.11,477.04,192.36,0,champion
O0002773,S0029616,C02237,2025-11-16T18:00:00,direct,mobile,electronics,brand_direct,control,390.12,19.51,370.61,147.66,0,champion
O0002774,S0029620,C02238,2025-08-01T08:00:00,direct,mobile,apparel,brand_direct,control,208.74,10.44,198.3,75.29,0,champion
O0002775,S0029622,C02238,2025-09-20T20:00:00,organic,mobile,apparel,seo,control,276.4,13.82,262.58,102.28,0,champion
O0002776,S0029635,C02239,2025-02-11T13:00:00,social,mobile,electronics,summer_social,treatment,400.57,34.05,366.52,145.94,0,champion
O0002777,S0029638,C02239,2025-03-19T17:00:00,email,mobile,food,crm_lifecycle,treatment,282.9,24.05,258.86,100.72,0,champion
O0002778,S0029643,C02239,2025-05-11T10:00:00,paid_search,mobile,food,always_on_search,treatment,546.62,46.46,500.15,202.06,0,champion
O0002779,S0029650,C02239,2025-06-24T08:00:00,organic,mobile,food,seo,treatment,502.72,42.73,459.99,185.2,0,champion
O0002780,S0029653,C02239,2025-07-19T18:00:00,paid_search,mobile,food,always_on_search,treatment,397.21,33.76,363.44,144.65,0,champion
O0002781,S0029654,C02239,2025-07-25T20:00:00,organic,mobile,electronics,seo,treatment,307.07,26.1,280.97,110.01,1,champion
O0002782,S0029655,C02239,2025-08-21T18:00:00,paid_search,mobile,electronics,always_on_search,treatment,598.84,50.9,547.94,222.13,0,champion
O0002783,S0029658,C02239,2025-09-24T16:00:00,organic,mobile,electronics,seo,treatment,448.23,38.1,410.13,164.25,0,champion
O0002784,S0029659,C02239,2025-09-18T22:00:00,direct,desktop,electronics,brand_direct,treatment,530.62,45.1,485.52,198.92,0,champion
O0002785,S0029670,C02239,2025-12-09T17:00:00,organic,desktop,food,seo,treatment,518.7,44.09,474.61,194.34,0,champion
O0002786,S0029703,C02244,2025-07-01T11:00:00,direct,mobile,beauty,brand_direct,control,115.15,12.67,102.48,23.77,0,new_or_low
O0002787,S0029713,C02245,2025-02-05T20:00:00,social,desktop,beauty,summer_social,treatment,200.79,29.11,171.67,48.22,0,new_or_low
O0002788,S0029723,C02245,2025-11-26T17:00:00,organic,mobile,home,seo,treatment,97.56,14.15,83.42,17.86,0,new_or_low
O0002789,S0029729,C02246,2025-07-18T08:00:00,affiliate,mobile,food,partner_cashback,treatment,144.08,19.45,124.63,35.62,0,steady
O0002790,S0029739,C02247,2025-04-19T14:00:00,organic,mobile,home,seo,treatment,211.34,39.1,172.24,41.95,0,deal_seeker
O0002791,S0029741,C02247,2025-04-03T22:00:00,social,mobile,food,summer_social,treatment,49.14,9.09,40.05,3.62,0,deal_seeker
O0002792,S0029746,C02247,2025-06-13T18:00:00,paid_search,desktop,sports,always_on_search,treatment,319.81,59.17,260.65,70.59,0,deal_seeker
O0002793,S0029783,C02250,2025-04-17T12:00:00,affiliate,desktop,electronics,partner_cashback,control,226.82,38.56,188.26,49.6,0,deal_seeker
O0002794,S0029803,C02251,2025-02-25T21:00:00,direct,mobile,food,brand_direct,treatment,123.31,22.81,100.5,21.14,0,deal_seeker
O0002795,S0029850,C02254,2025-07-06T12:00:00,organic,mobile,home,seo,treatment,190.3,21.88,168.42,50.95,0,steady
O0002796,S0029859,C02255,2025-04-10T18:00:00,direct,mobile,electronics,brand_direct,control,301.18,15.06,286.12,112.17,0,champion
O0002797,S0029869,C02255,2025-07-05T11:00:00,email,mobile,electronics,crm_lifecycle,control,241.08,12.05,229.02,88.19,0,champion
O0002798,S0029871,C02255,2025-08-05T22:00:00,organic,desktop,home,seo,control,407.36,20.37,386.99,157.54,0,champion
O0002799,S0029875,C02255,2025-11-22T12:00:00,organic,desktop,electronics,seo,control,229.38,11.47,217.91,86.52,0,champion
O0002800,S0029888,C02256,2025-06-06T09:00:00,email,desktop,home,crm_lifecycle,control,325.71,26.06,299.65,99.88,0,steady
O0002801,S0029912,C02257,2025-05-17T19:00:00,paid_search,mobile,beauty,always_on_search,control,310.19,15.51,294.68,115.77,0,champion
O0002802,S0029913,C02257,2025-05-02T17:00:00,affiliate,mobile,sports,partner_cashback,control,381.12,26.68,354.44,140.87,0,champion
O0002803,S0029917,C02257,2025-05-22T15:00:00,paid_search,desktop,home,always_on_search,control,364.66,18.23,346.42,140.5,0,champion
O0002804,S0029919,C02257,2025-05-20T14:00:00,paid_search,tablet,sports,always_on_search,control,485.97,24.3,461.67,188.9,1,champion
O0002805,S0029926,C02257,2025-06-22T14:00:00,paid_search,mobile,apparel,always_on_search,control,168.2,8.41,159.79,59.11,0,champion
O0002806,S0029930,C02257,2025-10-23T20:00:00,paid_search,mobile,electronics,always_on_search,control,497.01,24.85,472.16,190.31,0,champion
O0002807,S0029931,C02257,2025-10-06T09:00:00,email,desktop,sports,crm_lifecycle,control,383.1,19.15,363.94,147.86,0,champion
O0002808,S0029932,C02257,2025-10-21T20:00:00,paid_search,mobile,beauty,always_on_search,control,196.36,9.82,186.54,70.35,0,champion
O0002809,S0029933,C02257,2025-11-27T09:00:00,social,desktop,sports,summer_social,control,238.16,11.91,226.25,90.03,0,champion
O0002810,S0029935,C02257,2025-12-16T11:00:00,organic,mobile,home,seo,control,384.44,19.22,365.22,145.39,0,champion
O0002811,S0029955,C02260,2025-05-16T18:00:00,paid_search,desktop,electronics,always_on_search,treatment,350.04,29.75,320.28,129.52,0,champion
O0002812,S0029956,C02260,2025-05-19T19:00:00,affiliate,mobile,beauty,partner_cashback,treatment,690.46,72.5,617.96,251.54,0,champion
O0002813,S0029961,C02260,2025-05-13T15:00:00,direct,desktop,beauty,brand_direct,treatment,214.39,18.22,196.16,77.39,0,champion
O0002814,S0029964,C02260,2025-06-27T20:00:00,paid_search,mobile,food,always_on_search,treatment,240.76,20.46,220.3,84.52,0,champion
O0002815,S0029972,C02260,2025-07-24T19:00:00,paid_search,mobile,beauty,always_on_search,treatment,300.06,25.51,274.55,107.31,0,champion
O0002816,S0029984,C02260,2025-12-14T10:00:00,social,mobile,sports,summer_social,treatment,317.93,27.02,290.91,114.18,0,champion
O0002817,S0030017,C02262,2025-07-17T20:00:00,organic,mobile,electronics,seo,control,466.2,23.31,442.89,178.02,0,champion
O0002818,S0030018,C02262,2025-07-23T10:00:00,paid_search,mobile,electronics,always_on_search,control,248.62,12.43,236.19,91.2,0,champion
O0002819,S0030032,C02262,2025-12-05T17:00:00,affiliate,mobile,electronics,partner_cashback,control,229.32,16.05,213.26,81.57,0,champion
O0002820,S0030043,C02263,2025-12-19T20:00:00,social,mobile,beauty,summer_social,treatment,157.58,29.15,128.43,29.24,0,deal_seeker
O0002821,S0030046,C02264,2025-05-23T18:00:00,direct,desktop,home,brand_direct,control,158.88,17.48,141.4,38.84,0,new_or_low
O0002822,S0030065,C02265,2025-09-24T10:00:00,direct,mobile,home,brand_direct,treatment,327.29,37.64,289.66,93.38,0,steady
O0002823,S0030081,C02266,2025-11-13T15:00:00,social,mobile,home,summer_social,treatment,184.67,21.24,163.43,49.2,0,steady
O0002824,S0030090,C02268,2025-07-16T21:00:00,email,mobile,beauty,crm_lifecycle,control,252.59,20.21,232.38,73.33,0,steady
O0002825,S0030130,C02271,2025-06-17T10:00:00,email,mobile,home,crm_lifecycle,treatment,149.56,27.67,121.89,27.35,0,deal_seeker
O0002826,S0030138,C02271,2025-08-02T18:00:00,paid_search,mobile,food,always_on_search,treatment,118.65,21.95,96.7,20.04,0,deal_seeker
O0002827,S0030144,C02271,2025-12-05T20:00:00,organic,tablet,electronics,seo,treatment,206.74,38.25,168.49,43.86,0,deal_seeker
O0002828,S0030179,C02274,2025-01-26T15:00:00,social,mobile,apparel,summer_social,control,341.3,17.07,324.24,128.18,0,champion
O0002829,S0030185,C02274,2025-05-25T15:00:00,paid_search,mobile,home,always_on_search,control,455.11,22.76,432.36,173.59,0,champion
O0002830,S0030187,C02274,2025-05-18T16:00:00,direct,mobile,food,brand_direct,control,609.37,30.47,578.9,235.14,0,champion
O0002831,S0030188,C02274,2025-05-01T18:00:00,organic,mobile,electronics,seo,control,594.67,29.73,564.94,229.27,0,champion
O0002832,S0030197,C02274,2025-09-20T19:00:00,affiliate,mobile,food,partner_cashback,control,334.17,23.39,310.78,122.53,0,champion
O0002833,S0030203,C02274,2025-11-19T11:00:00,paid_search,mobile,food,always_on_search,control,258.41,12.92,245.49,95.1,0,champion
O0002834,S0030205,C02274,2025-12-23T15:00:00,affiliate,mobile,sports,partner_cashback,control,677.27,47.41,629.86,256.54,0,champion
O0002835,S0030214,C02276,2025-05-22T16:00:00,social,desktop,food,summer_social,treatment,263.16,48.68,214.47,57.2,0,deal_seeker
O0002836,S0030216,C02276,2025-08-08T13:00:00,organic,mobile,food,seo,treatment,266.78,49.35,217.42,55.05,1,deal_seeker
O0002837,S0030220,C02276,2025-10-20T17:00:00,social,desktop,apparel,summer_social,treatment,111.36,20.6,90.76,21.32,0,deal_seeker
O0002838,S0030268,C02281,2025-11-09T11:00:00,organic,mobile,apparel,seo,treatment,525.24,44.65,480.59,193.85,0,champion
O0002839,S0030277,C02282,2025-04-05T15:00:00,direct,tablet,food,brand_direct,control,202.72,16.22,186.5,60.28,0,steady
O0002840,S0030293,C02282,2025-12-25T12:00:00,social,mobile,food,summer_social,control,273.52,21.88,251.64,80.07,0,steady
O0002841,S0030300,C02284,2025-09-20T16:00:00,social,mobile,electronics,summer_social,control,126.2,10.1,116.1,32.64,0,steady
O0002842,S0030305,C02285,2025-08-10T18:00:00,direct,mobile,sports,brand_direct,control,66.88,10.03,56.85,8.49,0,deal_seeker
O0002843,S0030306,C02285,2025-08-18T15:00:00,direct,tablet,sports,brand_direct,control,136.0,20.4,115.6,28.52,0,deal_seeker
O0002844,S0030310,C02285,2025-09-18T14:00:00,email,mobile,food,crm_lifecycle,control,191.26,28.69,162.57,39.15,0,deal_seeker
O0002845,S0030375,C02292,2025-06-09T13:00:00,paid_search,mobile,electronics,always_on_search,treatment,244.87,28.16,216.71,67.85,0,steady
O0002846,S0030394,C02293,2025-05-23T21:00:00,email,tablet,food,crm_lifecycle,control,361.13,54.17,306.96,84.02,0,deal_seeker
O0002847,S0030397,C02293,2025-05-11T13:00:00,email,tablet,food,crm_lifecycle,control,135.02,20.25,114.77,28.28,0,deal_seeker
O0002848,S0030442,C02296,2025-08-17T21:00:00,paid_search,mobile,home,always_on_search,treatment,239.36,27.53,211.83,66.14,0,steady
O0002849,S0030445,C02296,2025-12-14T15:00:00,paid_search,mobile,electronics,always_on_search,treatment,236.93,27.25,209.69,65.39,0,steady
O0002850,S0030485,C02301,2025-11-10T22:00:00,direct,desktop,apparel,brand_direct,treatment,265.94,30.58,235.35,77.37,0,steady
O0002851,S0030486,C02301,2025-11-27T21:00:00,email,mobile,electronics,crm_lifecycle,treatment,182.17,20.95,161.22,48.43,0,steady
O0002852,S0030502,C02303,2025-09-24T21:00:00,paid_search,desktop,beauty,always_on_search,treatment,109.3,20.22,89.08,20.83,0,deal_seeker
O0002853,S0030550,C02307,2025-06-06T22:00:00,direct,mobile,home,brand_direct,control,127.02,19.05,107.97,23.31,0,deal_seeker
O0002854,S0030573,C02309,2025-11-27T16:00:00,social,mobile,apparel,summer_social,treatment,99.28,11.42,87.86,22.75,0,steady
O0002855,S0030579,C02310,2025-07-26T22:00:00,paid_search,mobile,apparel,always_on_search,treatment,324.21,37.28,286.93,92.42,0,steady
O0002856,S0030584,C02310,2025-10-17T15:00:00,email,desktop,apparel,crm_lifecycle,treatment,174.96,20.12,154.84,49.19,0,steady
O0002857,S0030617,C02313,2025-08-14T16:00:00,organic,mobile,sports,seo,treatment,193.99,35.89,158.1,37.85,0,deal_seeker
O0002858,S0030618,C02313,2025-09-24T20:00:00,direct,mobile,apparel,brand_direct,treatment,272.59,50.43,222.16,56.43,0,deal_seeker
O0002859,S0030634,C02314,2025-04-21T14:00:00,affiliate,mobile,beauty,partner_cashback,control,273.04,27.3,245.74,78.01,0,steady
O0002860,S0030643,C02314,2025-10-10T16:00:00,paid_search,desktop,sports,always_on_search,control,175.71,14.06,161.66,51.58,0,steady
O0002861,S0030662,C02317,2025-12-03T14:00:00,direct,desktop,home,brand_direct,treatment,301.02,34.62,266.41,88.24,0,steady
O0002862,S0030681,C02318,2025-09-27T19:00:00,social,mobile,electronics,summer_social,treatment,262.03,48.48,213.55,53.93,0,deal_seeker
O0002863,S0030682,C02318,2025-10-23T08:00:00,social,mobile,home,summer_social,treatment,119.9,22.18,97.72,20.34,0,deal_seeker
O0002864,S0030687,C02319,2025-09-07T19:00:00,paid_search,mobile,sports,always_on_search,control,325.0,16.25,308.75,121.68,0,champion
O0002865,S0030689,C02319,2025-09-17T15:00:00,email,mobile,electronics,crm_lifecycle,control,277.58,13.88,263.7,102.75,0,champion
O0002866,S0030692,C02319,2025-10-21T16:00:00,organic,desktop,beauty,seo,control,285.35,14.27,271.08,108.85,0,champion
O0002867,S0030695,C02319,2025-10-17T17:00:00,direct,mobile,electronics,brand_direct,control,379.4,18.97,360.43,143.38,0,champion
O0002868,S0030720,C02321,2025-04-22T19:00:00,organic,mobile,food,seo,treatment,248.33,45.94,202.39,50.69,1,deal_seeker
O0002869,S0030728,C02321,2025-06-14T13:00:00,social,desktop,beauty,summer_social,treatment,71.09,13.15,57.94,11.8,0,deal_seeker
O0002870,S0030738,C02322,2025-03-24T17:00:00,email,mobile,apparel,crm_lifecycle,control,341.3,17.06,324.23,128.18,0,champion
O0002871,S0030751,C02322,2025-07-14T13:00:00,direct,desktop,beauty,brand_direct,control,406.94,20.35,386.6,157.37,0,champion
O0002872,S0030757,C02322,2025-09-14T19:00:00,email,desktop,apparel,crm_lifecycle,control,335.67,16.78,318.89,128.93,0,champion
O0002873,S0030767,C02323,2025-10-10T17:00:00,social,tablet,beauty,summer_social,control,399.92,20.0,379.92,154.57,0,champion
O0002874,S0030771,C02323,2025-12-18T09:00:00,organic,desktop,food,seo,control,415.95,20.8,395.16,160.97,0,champion
O0002875,S0030772,C02323,2025-12-11T15:00:00,direct,mobile,apparel,brand_direct,control,370.41,18.52,351.89,139.79,0,champion
O0002876,S0030773,C02323,2025-12-16T15:00:00,social,mobile,beauty,summer_social,control,314.4,15.72,298.68,117.45,0,champion
O0002877,S0030778,C02323,2025-12-21T15:00:00,affiliate,mobile,food,partner_cashback,control,392.17,27.45,364.72,145.18,0,champion
O0002878,S0030790,C02324,2025-06-18T12:00:00,email,mobile,apparel,crm_lifecycle,treatment,215.73,18.34,197.39,74.9,0,champion
O0002879,S0030792,C02324,2025-06-16T11:00:00,organic,mobile,food,seo,treatment,324.85,27.61,297.24,116.84,0,champion
O0002880,S0030794,C02324,2025-07-02T17:00:00,social,mobile,electronics,summer_social,treatment,281.9,23.96,257.94,100.33,0,champion
O0002881,S0030805,C02324,2025-12-17T18:00:00,paid_search,desktop,apparel,always_on_search,treatment,297.92,25.32,272.59,109.49,0,champion
O0002882,S0030809,C02324,2025-12-01T10:00:00,social,mobile,food,summer_social,treatment,275.6,23.43,252.18,97.91,0,champion
O0002883,S0030810,C02324,2025-12-05T13:00:00,email,mobile,beauty,crm_lifecycle,treatment,226.21,19.23,206.98,78.93,0,champion
O0002884,S0030811,C02325,2025-05-23T11:00:00,direct,desktop,apparel,brand_direct,treatment,207.32,23.84,183.48,59.22,0,steady
O0002885,S0030823,C02325,2025-09-03T12:00:00,social,desktop,beauty,summer_social,treatment,268.88,30.92,237.96,78.29,0,steady
O0002886,S0030832,C02326,2025-08-13T22:00:00,paid_search,desktop,home,always_on_search,treatment,139.69,25.84,113.84,28.01,0,deal_seeker
O0002887,S0030854,C02327,2025-06-11T09:00:00,paid_search,mobile,apparel,always_on_search,treatment,260.32,22.13,238.19,92.04,0,champion
O0002888,S0030855,C02327,2025-07-21T09:00:00,organic,mobile,home,seo,treatment,233.37,19.84,213.53,81.68,0,champion
O0002889,S0030859,C02327,2025-08-06T18:00:00,paid_search,mobile,home,always_on_search,treatment,340.49,28.94,311.55,122.85,0,champion
O0002890,S0030863,C02327,2025-11-10T16:00:00,paid_search,mobile,home,always_on_search,treatment,284.2,24.16,260.04,101.22,0,champion
O0002891,S0030872,C02329,2025-09-22T11:00:00,email,mobile,sports,crm_lifecycle,control,388.23,19.41,368.81,146.9,0,champion
O0002892,S0030876,C02329,2025-09-07T11:00:00,affiliate,mobile,sports,partner_cashback,control,325.91,22.81,303.1,119.3,0,champion
O0002893,S0030883,C02329,2025-12-21T11:00:00,paid_search,mobile,apparel,always_on_search,control,181.11,9.06,172.06,64.26,0,champion
O0002894,S0030944,C02336,2025-12-20T15:00:00,email,mobile,home,crm_lifecycle,treatment,301.05,55.69,245.36,63.15,0,deal_seeker
O0002895,S0030950,C02337,2025-07-22T09:00:00,affiliate,mobile,apparel,partner_cashback,control,246.42,41.89,204.53,51.31,0,deal_seeker
O0002896,S0030959,C02338,2025-08-24T09:00:00,social,mobile,home,summer_social,treatment,359.9,30.59,329.31,130.31,0,champion
O0002897,S0030962,C02338,2025-09-05T17:00:00,social,mobile,beauty,summer_social,treatment,190.4,16.18,174.22,65.17,0,champion
O0002898,S0030974,C02338,2025-11-09T10:00:00,organic,mobile,beauty,seo,treatment,182.39,15.5,166.89,62.09,0,champion
O0002899,S0030975,C02338,2025-12-20T16:00:00,email,mobile,beauty,crm_lifecycle,treatment,404.06,34.34,369.71,147.28,0,champion
O0002900,S0030979,C02339,2025-01-11T22:00:00,direct,tablet,sports,brand_direct,control,276.2,22.1,254.11,83.94,0,steady
O0002901,S0031004,C02339,2025-10-15T18:00:00,direct,mobile,apparel,brand_direct,control,146.99,11.76,135.23,39.33,0,steady
O0002902,S0031007,C02339,2025-11-10T12:00:00,organic,desktop,home,seo,control,191.79,15.34,176.44,56.75,1,steady
O0002903,S0031012,C02340,2025-07-21T13:00:00,social,mobile,beauty,summer_social,treatment,182.79,21.02,161.77,48.62,0,steady
O0002904,S0031022,C02340,2025-11-25T14:00:00,paid_search,mobile,beauty,always_on_search,treatment,441.35,50.76,390.6,128.71,0,steady
O0002905,S0031032,C02341,2025-08-13T10:00:00,paid_search,mobile,sports,always_on_search,treatment,304.03,25.84,278.19,108.84,0,champion
O0002906,S0031035,C02341,2025-08-22T11:00:00,paid_search,mobile,beauty,always_on_search,treatment,242.76,20.63,222.12,85.29,0,champion
O0002907,S0031038,C02341,2025-08-02T12:00:00,paid_search,mobile,beauty,always_on_search,treatment,296.78,25.23,271.55,106.05,0,champion
O0002908,S0031039,C02341,2025-08-05T14:00:00,social,mobile,apparel,summer_social,treatment,495.36,42.11,453.26,182.37,0,champion
O0002909,S0031043,C02341,2025-10-19T10:00:00,affiliate,mobile,beauty,partner_cashback,treatment,330.29,34.68,295.61,116.16,0,champion
O0002910,S0031044,C02341,2025-10-20T16:00:00,social,desktop,beauty,summer_social,treatment,247.5,21.04,226.46,90.12,0,champion
O0002911,S0031059,C02342,2025-11-19T15:00:00,email,mobile,home,crm_lifecycle,treatment,136.65,25.28,111.37,24.3,0,deal_seeker
O0002912,S0031063,C02343,2025-03-27T18:00:00,paid_search,desktop,food,always_on_search,treatment,549.6,46.72,502.88,206.21,0,champion
O0002913,S0031069,C02343,2025-04-01T22:00:00,organic,mobile,apparel,seo,treatment,424.76,36.1,388.65,155.23,0,champion
O0002914,S0031078,C02343,2025-05-27T20:00:00,organic,mobile,sports,seo,treatment,300.44,25.54,274.9,107.46,0,champion
O0002915,S0031082,C02343,2025-06-12T14:00:00,email,mobile,food,crm_lifecycle,treatment,261.68,22.24,239.44,92.56,0,champion
O0002916,S0031086,C02343,2025-07-17T15:00:00,email,desktop,electronics,crm_lifecycle,treatment,407.74,34.66,373.08,151.7,0,champion
O0002917,S0031093,C02343,2025-11-23T09:00:00,affiliate,mobile,food,partner_cashback,treatment,292.66,30.73,261.93,102.01,0,champion
O0002918,S0031094,C02343,2025-11-27T10:00:00,organic,desktop,beauty,seo,treatment,375.81,31.94,343.86,139.42,0,champion
O0002919,S0031097,C02343,2025-12-14T10:00:00,paid_search,mobile,sports,always_on_search,treatment,308.53,26.23,282.31,110.57,0,champion
O0002920,S0031098,C02343,2025-12-22T14:00:00,direct,desktop,food,brand_direct,treatment,476.11,40.47,435.64,177.97,0,champion
O0002921,S0031118,C02346,2025-11-08T13:00:00,affiliate,mobile,beauty,partner_cashback,control,366.37,36.64,329.73,107.41,0,steady
O0002922,S0031120,C02347,2025-08-14T13:00:00,email,desktop,food,crm_lifecycle,control,174.67,26.2,148.47,38.06,0,deal_seeker
O0002923,S0031124,C02348,2025-01-15T11:00:00,social,tablet,home,summer_social,treatment,446.0,37.91,408.09,166.4,0,champion
O0002924,S0031127,C02348,2025-02-25T20:00:00,email,desktop,home,crm_lifecycle,treatment,368.67,31.34,337.34,136.68,0,champion
O0002925,S0031128,C02348,2025-02-19T09:00:00,organic,desktop,apparel,seo,treatment,399.43,33.95,365.48,148.5,0,champion
O0002926,S0031135,C02348,2025-05-17T13:00:00,paid_search,mobile,sports,always_on_search,treatment,325.63,27.68,297.95,117.14,0,champion
O0002927,S0031149,C02348,2025-09-24T10:00:00,email,mobile,sports,crm_lifecycle,treatment,244.43,20.78,223.66,85.94,0,champion
O0002928,S0031152,C02348,2025-11-02T19:00:00,organic,mobile,home,seo,treatment,491.71,41.8,449.91,180.96,0,champion
O0002929,S0031157,C02349,2025-01-27T12:00:00,email,mobile,sports,crm_lifecycle,treatment,190.97,21.96,169.01,51.15,0,steady
O0002930,S0031164,C02349,2025-04-03T10:00:00,paid_search,desktop,electronics,always_on_search,treatment,235.88,27.13,208.75,68.06,0,steady
O0002931,S0031180,C02350,2025-10-10T13:00:00,affiliate,mobile,beauty,partner_cashback,treatment,532.8,55.94,476.85,192.28,0,champion
O0002932,S0031185,C02350,2025-12-20T08:00:00,organic,mobile,beauty,seo,treatment,275.62,23.43,252.19,97.92,0,champion
O0002933,S0031187,C02351,2025-10-14T19:00:00,organic,tablet,electronics,seo,treatment,256.87,29.54,227.33,74.57,0,steady
O0002934,S0031191,C02351,2025-11-24T13:00:00,organic,mobile,home,seo,treatment,167.3,19.24,148.06,43.82,0,steady
O0002935,S0031193,C02352,2025-03-03T14:00:00,social,mobile,sports,summer_social,treatment,235.19,19.99,215.2,82.38,0,champion
O0002936,S0031197,C02352,2025-05-18T21:00:00,social,mobile,food,summer_social,treatment,259.18,22.03,237.15,91.6,0,champion
O0002937,S0031201,C02352,2025-06-15T21:00:00,direct,mobile,beauty,brand_direct,treatment,203.5,17.3,186.2,70.2,0,champion
O0002938,S0031207,C02352,2025-08-18T10:00:00,social,mobile,food,summer_social,treatment,301.13,25.6,275.53,107.72,0,champion
O0002939,S0031210,C02352,2025-09-13T11:00:00,email,mobile,electronics,crm_lifecycle,treatment,224.33,19.07,205.27,78.21,0,champion
O0002940,S0031213,C02352,2025-09-20T17:00:00,email,mobile,electronics,crm_lifecycle,treatment,397.27,33.77,363.5,144.67,0,champion
O0002941,S0031218,C02352,2025-10-11T10:00:00,affiliate,mobile,food,partner_cashback,treatment,418.34,43.93,374.41,149.25,0,champion
O0002942,S0031223,C02352,2025-11-16T13:00:00,paid_search,desktop,food,always_on_search,treatment,431.22,36.65,394.57,160.72,0,champion
O0002943,S0031228,C02353,2025-07-01T17:00:00,direct,mobile,electronics,brand_direct,control,284.43,22.75,261.67,83.59,0,steady
O0002944,S0031252,C02357,2025-06-23T12:00:00,affiliate,mobile,home,partner_cashback,treatment,274.49,45.29,229.2,63.05,0,new_or_low
O0002945,S0031305,C02360,2025-06-24T13:00:00,social,mobile,food,summer_social,treatment,287.82,53.25,234.57,60.03,0,deal_seeker
O0002946,S0031314,C02360,2025-11-18T15:00:00,organic,mobile,food,seo,treatment,147.5,27.29,120.22,26.86,0,deal_seeker
O0002947,S0031320,C02361,2025-08-26T14:00:00,paid_search,mobile,apparel,always_on_search,treatment,232.81,19.79,213.02,81.47,0,champion
O0002948,S0031322,C02361,2025-09-13T16:00:00,social,tablet,beauty,summer_social,treatment,539.93,45.89,494.04,202.49,0,champion
O0002949,S0031327,C02361,2025-11-05T20:00:00,direct,mobile,food,brand_direct,treatment,406.86,34.58,372.28,148.36,0,champion
O0002950,S0031345,C02363,2025-06-19T10:00:00,organic,mobile,apparel,seo,treatment,102.64,18.99,83.65,16.26,0,deal_seeker
O0002951,S0031347,C02363,2025-07-22T20:00:00,paid_search,tablet,beauty,always_on_search,treatment,172.06,31.83,140.23,35.67,1,deal_seeker
O0002952,S0031350,C02363,2025-11-14T11:00:00,organic,desktop,sports,seo,treatment,228.13,42.2,185.92,48.92,0,deal_seeker
O0002953,S0031366,C02365,2025-06-04T18:00:00,paid_search,desktop,sports,always_on_search,treatment,490.65,56.42,434.22,146.98,0,steady
O0002954,S0031371,C02365,2025-08-08T14:00:00,organic,mobile,home,seo,treatment,129.43,14.88,114.55,32.09,0,steady
O0002955,S0031377,C02366,2025-03-07T08:00:00,paid_search,desktop,beauty,always_on_search,treatment,306.98,44.51,262.47,76.36,0,new_or_low
O0002956,S0031389,C02367,2025-10-25T19:00:00,email,mobile,food,crm_lifecycle,treatment,187.39,21.55,165.84,50.04,0,steady
O0002957,S0031398,C02368,2025-02-11T08:00:00,organic,tablet,sports,seo,treatment,338.43,28.77,309.66,125.06,0,champion
O0002958,S0031403,C02368,2025-03-16T18:00:00,organic,desktop,sports,seo,treatment,294.21,25.01,269.2,108.07,0,champion
O0002959,S0031406,C02368,2025-04-22T21:00:00,affiliate,mobile,sports,partner_cashback,treatment,506.48,53.18,453.3,182.39,0,champion
O0002960,S0031418,C02368,2025-07-04T13:00:00,social,mobile,home,summer_social,treatment,548.58,46.63,501.95,202.82,0,champion
O0002961,S0031444,C02370,2025-09-25T18:00:00,email,desktop,food,crm_lifecycle,treatment,600.99,69.11,531.88,181.16,0,steady
O0002962,S0031450,C02370,2025-11-18T13:00:00,social,mobile,electronics,summer_social,treatment,348.42,40.07,308.35,99.92,0,steady
O0002963,S0031452,C02370,2025-12-14T11:00:00,social,tablet,apparel,summer_social,treatment,294.49,33.87,260.62,86.22,0,steady
O0002964,S0031454,C02371,2025-04-20T17:00:00,social,mobile,electronics,summer_social,control,104.55,15.68,88.87,17.77,0,deal_seeker
O0002965,S0031462,C02371,2025-07-15T15:00:00,direct,mobile,apparel,brand_direct,control,213.95,32.09,181.86,44.74,0,deal_seeker
O0002966,S0031489,C02372,2025-09-07T11:00:00,email,desktop,food,crm_lifecycle,treatment,389.57,44.8,344.77,115.67,0,steady
O0002967,S0031530,C02374,2025-07-21T12:00:00,paid_search,mobile,apparel,always_on_search,control,273.88,30.13,243.75,67.56,0,new_or_low
O0002968,S0031567,C02377,2025-09-12T11:00:00,email,desktop,electronics,crm_lifecycle,control,377.38,30.19,347.19,116.51,0,steady
O0002969,S0031570,C02377,2025-12-12T20:00:00,social,mobile,sports,summer_social,control,201.35,16.11,185.24,56.84,0,steady
O0002970,S0031588,C02378,2025-11-14T09:00:00,affiliate,desktop,beauty,partner_cashback,control,112.92,19.2,93.72,22.18,0,deal_seeker
O0002971,S0031605,C02379,2025-09-11T10:00:00,social,mobile,electronics,summer_social,treatment,497.26,57.19,440.08,146.03,0,steady
O0002972,S0031607,C02379,2025-10-08T19:00:00,direct,mobile,electronics,brand_direct,treatment,232.3,26.71,205.58,63.95,0,steady
O0002973,S0031627,C02383,2025-06-05T18:00:00,organic,mobile,electronics,seo,treatment,152.14,28.15,123.99,27.96,0,deal_seeker
O0002974,S0031631,C02383,2025-06-15T12:00:00,email,mobile,beauty,crm_lifecycle,treatment,276.79,51.21,225.58,57.42,0,deal_seeker
O0002975,S0031665,C02385,2025-12-01T10:00:00,paid_search,mobile,electronics,always_on_search,control,130.44,10.44,120.0,34.0,0,steady
O0002976,S0031697,C02389,2025-11-20T19:00:00,email,desktop,home,crm_lifecycle,control,103.32,15.5,87.83,20.47,0,deal_seeker
O0002977,S0031707,C02390,2025-03-09T09:00:00,direct,tablet,electronics,brand_direct,treatment,190.44,21.9,168.54,53.99,0,steady
O0002978,S0031718,C02390,2025-10-05T16:00:00,affiliate,mobile,food,partner_cashback,treatment,187.6,25.33,162.28,48.8,1,steady
O0002979,S0031842,C02401,2025-06-24T21:00:00,direct,mobile,apparel,brand_direct,treatment,171.03,31.64,139.39,32.42,1,deal_seeker
O0002980,S0031849,C02401,2025-10-02T08:00:00,affiliate,desktop,food,partner_cashback,treatment,381.01,78.11,302.9,82.84,0,deal_seeker
O0002981,S0031882,C02405,2025-07-06T10:00:00,email,mobile,apparel,crm_lifecycle,control,139.16,20.87,118.29,26.3,0,deal_seeker
O0002982,S0031910,C02407,2025-07-10T13:00:00,social,desktop,electronics,summer_social,control,192.46,15.4,177.06,56.97,0,steady
O0002983,S0031933,C02408,2025-10-27T12:00:00,email,desktop,apparel,crm_lifecycle,treatment,98.92,14.34,84.58,21.22,0,new_or_low
O0002984,S0031963,C02411,2025-12-17T12:00:00,affiliate,mobile,apparel,partner_cashback,control,201.93,20.19,181.74,55.61,0,steady
O0002985,S0031975,C02413,2025-10-02T15:00:00,paid_search,mobile,electronics,always_on_search,control,182.4,27.36,155.04,36.96,0,deal_seeker
O0002986,S0031995,C02416,2025-11-05T11:00:00,paid_search,mobile,beauty,always_on_search,control,493.29,73.99,419.29,113.6,0,deal_seeker
O0002987,S0031998,C02417,2025-12-01T18:00:00,email,mobile,food,crm_lifecycle,treatment,144.71,16.64,128.06,36.82,0,steady
O0002988,S0032000,C02417,2025-12-09T16:00:00,paid_search,mobile,home,always_on_search,treatment,242.64,27.9,214.74,67.16,0,steady
O0002989,S0032005,C02418,2025-06-11T20:00:00,organic,mobile,electronics,seo,control,218.27,17.46,200.81,62.28,0,steady
O0002990,S0032040,C02420,2025-07-06T08:00:00,organic,desktop,apparel,seo,treatment,424.33,48.8,375.53,126.43,1,steady
O0002991,S0032043,C02420,2025-08-13T12:00:00,affiliate,mobile,food,partner_cashback,treatment,256.72,34.66,222.06,69.72,0,steady
O0002992,S0032044,C02420,2025-08-15T21:00:00,affiliate,mobile,home,partner_cashback,treatment,347.13,46.86,300.26,97.09,0,steady
O0002993,S0032047,C02420,2025-11-25T10:00:00,organic,mobile,sports,seo,treatment,295.33,33.96,261.37,83.48,0,steady
O0002994,S0032064,C02422,2025-11-02T16:00:00,social,desktop,beauty,summer_social,control,310.09,15.5,294.59,118.73,0,champion
O0002995,S0032092,C02425,2025-04-05T20:00:00,direct,desktop,electronics,brand_direct,control,355.99,17.8,338.2,137.04,1,champion
O0002996,S0032094,C02425,2025-04-14T12:00:00,paid_search,mobile,beauty,always_on_search,control,285.42,14.27,271.15,105.88,0,champion
O0002997,S0032101,C02425,2025-11-03T08:00:00,email,tablet,apparel,crm_lifecycle,control,323.75,16.19,307.57,124.18,0,champion
O0002998,S0032140,C02427,2025-06-04T12:00:00,social,mobile,sports,summer_social,treatment,123.75,22.89,100.86,21.25,0,deal_seeker
O0002999,S0032159,C02428,2025-07-20T12:00:00,paid_search,mobile,home,always_on_search,treatment,146.21,27.05,119.16,26.56,0,deal_seeker
O0003000,S0032173,C02429,2025-03-15T11:00:00,direct,mobile,home,brand_direct,control,387.46,19.37,368.08,146.6,0,champion
O0003001,S0032176,C02429,2025-04-17T13:00:00,paid_search,mobile,home,always_on_search,control,364.0,18.2,345.8,137.24,0,champion
O0003002,S0032177,C02429,2025-04-16T19:00:00,social,desktop,home,summer_social,control,217.7,10.89,206.82,81.86,0,champion
O0003003,S0032184,C02429,2025-08-09T18:00:00,affiliate,desktop,beauty,partner_cashback,control,441.13,30.88,410.25,167.3,0,champion
O0003004,S0032185,C02429,2025-08-17T10:00:00,organic,mobile,home,seo,control,219.25,10.96,208.29,79.48,0,champion
O0003005,S0032191,C02429,2025-09-27T18:00:00,email,mobile,beauty,crm_lifecycle,control,311.49,15.57,295.91,116.28,0,champion
O0003006,S0032198,C02431,2025-10-21T12:00:00,paid_search,desktop,electronics,always_on_search,treatment,358.35,41.21,317.14,106.0,0,steady
O0003007,S0032206,C02432,2025-07-04T22:00:00,organic,mobile,sports,seo,control,284.35,22.75,261.6,83.56,0,steady
O0003008,S0032212,C02432,2025-10-18T16:00:00,paid_search,mobile,apparel,always_on_search,control,205.11,16.41,188.7,58.05,0,steady
O0003009,S0032220,C02433,2025-06-19T09:00:00,affiliate,mobile,electronics,partner_cashback,treatment,369.21,38.77,330.44,130.79,0,champion
O0003010,S0032229,C02433,2025-10-11T21:00:00,direct,mobile,electronics,brand_direct,treatment,385.25,32.75,352.5,140.05,0,champion
O0003011,S0032232,C02433,2025-11-13T10:00:00,affiliate,desktop,electronics,partner_cashback,treatment,459.51,48.25,411.26,167.73,0,champion
O0003012,S0032250,C02434,2025-12-13T08:00:00,organic,mobile,electronics,seo,control,296.8,44.52,252.28,65.16,0,deal_seeker
O0003013,S0032282,C02438,2025-03-18T09:00:00,social,mobile,food,summer_social,control,194.7,15.58,179.12,54.69,0,steady
O0003014,S0032295,C02438,2025-08-24T22:00:00,affiliate,mobile,food,partner_cashback,control,271.85,27.19,244.67,77.63,0,steady
O0003015,S0032303,C02439,2025-07-12T17:00:00,organic,mobile,beauty,seo,treatment,320.83,27.27,293.56,115.29,0,champion
O0003016,S0032305,C02439,2025-07-24T13:00:00,affiliate,desktop,food,partner_cashback,treatment,378.44,39.74,338.7,137.26,0,champion
O0003017,S0032311,C02439,2025-10-07T15:00:00,email,mobile,food,crm_lifecycle,treatment,338.42,28.77,309.66,122.06,0,champion
O0003018,S0032313,C02439,2025-11-07T16:00:00,social,mobile,apparel,summer_social,treatment,282.82,24.04,258.78,100.69,0,champion
O0003019,S0032339,C02441,2025-06-08T08:00:00,paid_search,mobile,electronics,always_on_search,treatment,345.03,39.68,305.36,98.87,0,steady
O0003020,S0032340,C02441,2025-06-05T08:00:00,social,desktop,home,summer_social,treatment,233.83,26.89,206.94,67.43,0,steady
O0003021,S0032343,C02441,2025-06-04T10:00:00,organic,desktop,home,seo,treatment,449.45,51.69,397.76,134.22,0,steady
O0003022,S0032344,C02441,2025-07-15T16:00:00,email,tablet,electronics,crm_lifecycle,treatment,184.95,21.27,163.68,52.29,0,steady
O0003023,S0032352,C02442,2025-09-21T12:00:00,affiliate,mobile,apparel,partner_cashback,control,140.92,23.96,116.97,25.92,0,deal_seeker
O0003024,S0032355,C02443,2025-08-20T14:00:00,email,mobile,sports,crm_lifecycle,control,209.27,31.39,177.88,43.58,0,deal_seeker
O0003025,S0032357,C02443,2025-08-16T14:00:00,direct,mobile,food,brand_direct,control,131.47,19.72,111.75,24.41,0,deal_seeker
O0003026,S0032396,C02447,2025-03-19T14:00:00,direct,mobile,apparel,brand_direct,treatment,147.22,27.24,119.98,26.8,0,deal_seeker
O0003027,S0032399,C02447,2025-04-11T14:00:00,email,mobile,electronics,crm_lifecycle,treatment,171.71,31.77,139.94,32.58,0,deal_seeker
O0003028,S0032435,C02449,2025-10-02T16:00:00,social,desktop,food,summer_social,control,372.72,55.91,316.81,86.88,0,deal_seeker
O0003029,S0032462,C02451,2025-06-24T14:00:00,organic,mobile,sports,seo,treatment,261.29,48.34,212.95,53.76,0,deal_seeker
O0003030,S0032465,C02451,2025-06-18T08:00:00,email,desktop,food,crm_lifecycle,treatment,353.35,65.37,287.98,78.51,0,deal_seeker
O0003031,S0032478,C02452,2025-03-20T10:00:00,affiliate,tablet,sports,partner_cashback,treatment,286.8,58.79,228.0,61.12,1,deal_seeker
O0003032,S0032482,C02452,2025-04-07T09:00:00,organic,desktop,food,seo,treatment,138.95,25.71,113.25,27.84,0,deal_seeker
O0003033,S0032487,C02452,2025-06-11T22:00:00,email,mobile,sports,crm_lifecycle,treatment,206.41,38.19,168.22,40.78,1,deal_seeker
O0003034,S0032496,C02452,2025-12-23T21:00:00,organic,mobile,sports,seo,treatment,195.7,36.2,159.49,38.25,0,deal_seeker
O0003035,S0032520,C02455,2025-08-20T14:00:00,organic,mobile,beauty,seo,control,143.66,11.49,132.17,38.26,0,steady
O0003036,S0032540,C02457,2025-09-22T15:00:00,email,mobile,electronics,crm_lifecycle,treatment,452.96,38.5,414.46,166.07,0,champion
O0003037,S0032543,C02457,2025-10-11T22:00:00,email,mobile,home,crm_lifecycle,treatment,301.26,25.61,275.66,107.78,0,champion
O0003038,S0032544,C02457,2025-10-13T22:00:00,organic,mobile,food,seo,treatment,455.34,38.7,416.63,166.99,0,champion
O0003039,S0032551,C02457,2025-12-06T18:00:00,email,mobile,electronics,crm_lifecycle,treatment,523.08,44.46,478.62,193.02,0,champion
O0003040,S0032554,C02458,2025-10-07T22:00:00,organic,mobile,electronics,seo,treatment,206.6,23.76,182.84,56.0,0,steady
O0003041,S0032563,C02459,2025-02-27T11:00:00,organic,desktop,electronics,seo,treatment,284.02,32.66,251.36,82.98,0,steady
O0003042,S0032572,C02459,2025-07-03T14:00:00,organic,mobile,apparel,seo,treatment,264.56,30.42,234.14,73.95,0,steady
O0003043,S0032585,C02460,2025-10-01T22:00:00,paid_search,desktop,home,always_on_search,treatment,191.07,21.97,169.1,54.18,0,steady
O0003044,S0032599,C02462,2025-10-14T22:00:00,social,mobile,food,summer_social,control,636.45,31.82,604.63,245.95,0,champion
O0003045,S0032600,C02462,2025-11-10T09:00:00,direct,mobile,food,brand_direct,control,197.81,9.89,187.92,70.92,0,champion
O0003046,S0032607,C02463,2025-11-25T18:00:00,paid_search,desktop,home,always_on_search,treatment,221.74,41.02,180.72,47.41,0,deal_seeker
O0003047,S0032610,C02464,2025-06-21T21:00:00,paid_search,tablet,home,always_on_search,control,196.95,29.54,167.4,43.55,0,deal_seeker
O0003048,S0032633,C02466,2025-07-14T15:00:00,social,mobile,sports,summer_social,treatment,116.37,13.38,102.99,28.05,1,steady
O0003049,S0032634,C02466,2025-09-24T14:00:00,paid_search,mobile,beauty,always_on_search,treatment,132.77,15.27,117.51,33.13,0,steady
O0003050,S0032641,C02467,2025-08-20T09:00:00,direct,mobile,apparel,brand_direct,treatment,86.99,10.0,76.98,18.94,0,steady
O0003051,S0032654,C02468,2025-10-15T09:00:00,email,mobile,food,crm_lifecycle,treatment,143.46,16.5,126.96,36.44,0,steady
O0003052,S0032678,C02470,2025-10-11T12:00:00,email,mobile,home,crm_lifecycle,treatment,183.28,33.91,149.37,35.32,0,deal_seeker
O0003053,S0032684,C02470,2025-12-19T18:00:00,organic,mobile,apparel,seo,treatment,179.88,33.28,146.6,34.51,0,deal_seeker
O0003054,S0032691,C02471,2025-06-04T11:00:00,email,mobile,electronics,crm_lifecycle,treatment,197.52,22.71,174.81,53.18,0,steady
O0003055,S0032704,C02472,2025-03-03T12:00:00,email,mobile,electronics,crm_lifecycle,treatment,254.48,47.08,207.4,52.15,0,deal_seeker
O0003056,S0032714,C02472,2025-09-12T15:00:00,organic,mobile,electronics,seo,treatment,301.32,55.74,245.57,63.22,0,deal_seeker
O0003057,S0032722,C02472,2025-11-08T14:00:00,paid_search,desktop,electronics,always_on_search,treatment,183.71,33.99,149.73,38.42,0,deal_seeker
O0003058,S0032729,C02473,2025-02-19T11:00:00,email,mobile,electronics,crm_lifecycle,treatment,429.12,49.35,379.77,124.92,0,steady
O0003059,S0032745,C02473,2025-11-17T17:00:00,organic,mobile,beauty,seo,treatment,175.32,20.16,155.16,46.31,0,steady
O0003060,S0032766,C02476,2025-04-01T17:00:00,email,desktop,home,crm_lifecycle,control,123.03,18.46,104.58,25.33,0,deal_seeker
O0003061,S0032772,C02476,2025-08-07T15:00:00,organic,mobile,home,seo,control,259.39,38.91,220.48,55.94,0,deal_seeker
O0003062,S0032801,C02480,2025-06-20T13:00:00,affiliate,mobile,beauty,partner_cashback,control,343.74,34.37,309.36,100.28,0,steady
O0003063,S0032809,C02480,2025-10-02T16:00:00,direct,mobile,sports,brand_direct,control,345.94,27.68,318.27,103.39,0,steady
O0003064,S0032812,C02480,2025-12-07T15:00:00,paid_search,mobile,sports,always_on_search,control,229.36,18.35,211.01,65.85,0,steady
O0003065,S0032836,C02482,2025-02-03T10:00:00,social,mobile,electronics,summer_social,treatment,213.48,18.15,195.33,74.04,0,champion
O0003066,S0032837,C02482,2025-02-12T20:00:00,direct,mobile,apparel,brand_direct,treatment,332.67,28.28,304.39,119.84,0,champion
O0003067,S0032842,C02482,2025-03-25T14:00:00,paid_search,mobile,apparel,always_on_search,treatment,455.45,38.71,416.74,167.03,0,champion
O0003068,S0032848,C02482,2025-04-16T12:00:00,paid_search,mobile,apparel,always_on_search,treatment,541.33,46.01,495.32,200.03,0,champion
O0003069,S0032853,C02482,2025-05-11T17:00:00,paid_search,mobile,apparel,always_on_search,treatment,569.25,48.39,520.86,210.76,0,champion
O0003070,S0032859,C02482,2025-07-05T21:00:00,direct,desktop,sports,brand_direct,treatment,745.06,63.33,681.73,281.32,0,champion
O0003071,S0032869,C02482,2025-10-16T13:00:00,social,desktop,apparel,summer_social,treatment,511.25,43.46,467.8,191.47,0,champion
O0003072,S0032873,C02482,2025-11-14T22:00:00,organic,mobile,home,seo,treatment,339.63,28.87,310.76,122.52,0,champion
O0003073,S0032875,C02482,2025-12-04T15:00:00,email,tablet,apparel,crm_lifecycle,treatment,496.61,42.21,454.4,185.85,1,champion
O0003074,S0032908,C02485,2025-07-13T13:00:00,organic,mobile,electronics,seo,treatment,289.68,33.31,256.37,81.73,0,steady
O0003075,S0032927,C02487,2025-07-16T14:00:00,paid_search,mobile,electronics,always_on_search,treatment,334.13,28.4,305.73,120.41,0,champion
O0003076,S0032929,C02487,2025-08-21T22:00:00,affiliate,mobile,food,partner_cashback,treatment,363.94,38.21,325.73,128.81,0,champion
O0003077,S0032930,C02487,2025-08-04T11:00:00,direct,mobile,electronics,brand_direct,treatment,418.89,35.61,383.29,152.98,0,champion
O0003078,S0032932,C02487,2025-09-18T09:00:00,paid_search,mobile,home,always_on_search,treatment,263.76,22.42,241.34,93.36,0,champion
O0003079,S0032955,C02489,2025-02-01T13:00:00,organic,mobile,electronics,seo,control,277.15,13.86,263.29,102.58,0,champion
O0003080,S0032958,C02489,2025-03-04T12:00:00,organic,mobile,food,seo,control,696.49,34.82,661.66,269.9,1,champion
O0003081,S0032960,C02489,2025-04-13T09:00:00,paid_search,desktop,apparel,always_on_search,control,288.93,14.45,274.49,110.28,0,champion
O0003082,S0032970,C02489,2025-06-04T18:00:00,affiliate,desktop,electronics,partner_cashback,control,314.44,22.01,292.43,117.82,0,champion
O0003083,S0032972,C02489,2025-08-08T12:00:00,organic,desktop,home,seo,control,351.25,17.56,333.69,135.15,0,champion
O0003084,S0032977,C02489,2025-09-16T22:00:00,social,tablet,food,summer_social,control,436.23,21.81,414.42,169.06,0,champion
O0003085,S0032997,C02490,2025-05-18T08:00:00,affiliate,mobile,apparel,partner_cashback,control,595.32,41.67,553.65,224.53,0,champion
O0003086,S0033025,C02493,2025-05-01T19:00:00,paid_search,mobile,home,always_on_search,control,332.01,26.56,305.45,98.91,0,steady
O0003087,S0033036,C02493,2025-09-17T09:00:00,social,mobile,beauty,summer_social,control,263.93,21.11,242.81,76.98,0,steady
O0003088,S0033047,C02495,2025-07-27T09:00:00,organic,mobile,apparel,seo,treatment,143.07,16.45,126.62,36.32,0,steady
O0003089,S0033051,C02495,2025-08-19T09:00:00,paid_search,mobile,beauty,always_on_search,treatment,201.5,23.17,178.32,54.41,0,steady
O0003090,S0033073,C02497,2025-09-22T16:00:00,paid_search,mobile,beauty,always_on_search,control,337.42,26.99,310.43,100.65,0,steady
O0003091,S0033076,C02497,2025-11-24T21:00:00,direct,desktop,food,brand_direct,control,248.21,19.86,228.36,74.92,0,steady
O0003092,S0033096,C02499,2025-08-20T10:00:00,paid_search,mobile,home,always_on_search,treatment,86.66,9.97,76.69,18.84,0,steady
O0003093,S0033125,C02500,2025-12-27T11:00:00,affiliate,mobile,beauty,partner_cashback,control,231.45,39.35,192.11,47.71,0,deal_seeker
O0003094,S0033133,C02502,2025-10-08T10:00:00,social,mobile,electronics,summer_social,control,174.66,13.97,160.68,48.24,0,steady
O0003095,S0033140,C02503,2025-06-25T22:00:00,organic,mobile,apparel,seo,control,252.87,20.23,232.64,73.42,0,steady
O0003096,S0033142,C02503,2025-06-01T22:00:00,organic,mobile,home,seo,control,146.4,11.71,134.69,39.14,0,steady
O0003097,S0033163,C02504,2025-06-13T11:00:00,affiliate,mobile,sports,partner_cashback,control,266.78,26.68,240.1,76.03,0,steady
O0003098,S0033165,C02504,2025-07-16T14:00:00,organic,mobile,sports,seo,control,115.81,9.26,106.54,29.29,0,steady
O0003099,S0033166,C02504,2025-07-12T15:00:00,organic,mobile,sports,seo,control,340.39,27.23,313.16,101.61,0,steady
O0003100,S0033180,C02505,2025-06-01T16:00:00,email,mobile,apparel,crm_lifecycle,control,175.81,26.37,149.44,35.34,0,deal_seeker
O0003101,S0033182,C02505,2025-07-18T18:00:00,organic,mobile,electronics,seo,control,286.98,43.05,243.93,62.74,1,deal_seeker
O0003102,S0033190,C02506,2025-06-12T12:00:00,email,desktop,apparel,crm_lifecycle,control,237.76,35.66,202.1,53.61,0,deal_seeker
O0003103,S0033196,C02507,2025-05-13T20:00:00,affiliate,mobile,sports,partner_cashback,treatment,159.7,32.74,126.96,28.82,0,deal_seeker
O0003104,S0033201,C02507,2025-06-03T19:00:00,paid_search,mobile,home,always_on_search,treatment,114.61,21.2,93.41,19.09,0,deal_seeker
O0003105,S0033202,C02507,2025-06-26T22:00:00,organic,mobile,sports,seo,treatment,108.74,20.12,88.62,17.7,0,deal_seeker
O0003106,S0033203,C02507,2025-06-12T11:00:00,email,mobile,food,crm_lifecycle,treatment,245.54,45.42,200.11,50.03,0,deal_seeker
O0003107,S0033218,C02509,2025-06-16T13:00:00,email,mobile,beauty,crm_lifecycle,control,323.49,16.17,307.31,121.07,0,champion
O0003108,S0033228,C02509,2025-10-24T19:00:00,paid_search,mobile,food,always_on_search,control,457.12,22.86,434.27,174.39,0,champion
O0003109,S0033231,C02509,2025-11-21T10:00:00,direct,mobile,home,brand_direct,control,298.67,14.93,283.74,111.17,0,champion
O0003110,S0033258,C02511,2025-09-26T21:00:00,direct,desktop,home,brand_direct,control,444.95,22.25,422.7,172.54,0,champion
O0003111,S0033259,C02511,2025-10-26T17:00:00,direct,mobile,beauty,brand_direct,control,264.93,13.25,251.68,97.71,0,champion
O0003112,S0033268,C02511,2025-12-02T21:00:00,organic,tablet,apparel,seo,control,502.62,25.13,477.49,195.54,0,champion
O0003113,S0033286,C02513,2025-03-10T12:00:00,paid_search,mobile,home,always_on_search,treatment,193.8,35.85,157.95,37.81,0,deal_seeker
O0003114,S0033310,C02514,2025-06-05T15:00:00,organic,desktop,home,seo,control,228.24,34.24,194.01,51.26,0,deal_seeker
O0003115,S0033325,C02515,2025-02-05T17:00:00,paid_search,mobile,home,always_on_search,treatment,383.96,32.64,351.32,139.56,0,champion
O0003116,S0033328,C02515,2025-03-24T19:00:00,social,mobile,electronics,summer_social,treatment,354.73,30.15,324.58,128.32,0,champion
O0003117,S0033335,C02515,2025-05-06T14:00:00,affiliate,mobile,home,partner_cashback,treatment,396.48,41.63,354.85,141.04,0,champion
O0003118,S0033338,C02515,2025-05-14T17:00:00,social,desktop,sports,summer_social,treatment,234.69,19.95,214.74,85.19,0,champion
O0003119,S0033340,C02515,2025-06-23T18:00:00,paid_search,mobile,sports,always_on_search,treatment,268.9,22.86,246.05,95.34,0,champion
O0003120,S0033342,C02515,2025-06-15T22:00:00,social,tablet,home,summer_social,treatment,383.09,32.56,350.53,142.22,0,champion
O0003121,S0033346,C02515,2025-06-17T17:00:00,affiliate,mobile,home,partner_cashback,treatment,362.95,38.11,324.84,128.43,0,champion
O0003122,S0033351,C02515,2025-08-08T08:00:00,direct,mobile,home,brand_direct,treatment,322.65,27.43,295.23,116.0,0,champion
O0003123,S0033354,C02515,2025-09-08T10:00:00,paid_search,tablet,home,always_on_search,treatment,254.04,21.59,232.44,92.63,0,champion
O0003124,S0033356,C02515,2025-09-11T10:00:00,organic,mobile,food,seo,treatment,323.99,27.54,296.45,116.51,0,champion
O0003125,S0033362,C02515,2025-11-07T11:00:00,direct,mobile,home,brand_direct,treatment,322.87,27.44,295.43,116.08,0,champion
O0003126,S0033365,C02515,2025-12-21T14:00:00,email,mobile,apparel,crm_lifecycle,treatment,344.7,29.3,315.4,124.47,0,champion
O0003127,S0033373,C02516,2025-10-03T14:00:00,paid_search,mobile,home,always_on_search,treatment,284.77,32.75,252.02,80.21,0,steady
O0003128,S0033378,C02516,2025-11-07T12:00:00,social,desktop,electronics,summer_social,treatment,259.04,29.79,229.25,75.24,0,steady
O0003129,S0033381,C02516,2025-12-17T13:00:00,direct,desktop,apparel,brand_direct,treatment,246.3,28.32,217.97,71.29,0,steady
O0003130,S0033383,C02516,2025-12-21T17:00:00,social,mobile,apparel,summer_social,treatment,113.95,13.1,100.84,27.3,0,steady
O0003131,S0033391,C02517,2025-06-05T08:00:00,social,mobile,food,summer_social,treatment,171.37,19.71,151.66,45.08,0,steady
O0003132,S0033394,C02517,2025-07-01T11:00:00,affiliate,mobile,sports,partner_cashback,treatment,611.49,82.55,528.93,177.13,0,steady
O0003133,S0033413,C02518,2025-11-05T12:00:00,social,tablet,apparel,summer_social,control,125.36,13.79,111.57,29.59,0,new_or_low
O0003134,S0033431,C02520,2025-06-19T13:00:00,email,desktop,food,crm_lifecycle,treatment,384.63,71.16,313.47,85.91,0,deal_seeker
O0003135,S0033456,C02521,2025-10-23T22:00:00,social,mobile,food,summer_social,control,539.84,26.99,512.85,207.4,1,champion
O0003136,S0033460,C02521,2025-11-05T22:00:00,affiliate,mobile,electronics,partner_cashback,control,382.19,26.75,355.44,141.28,0,champion
O0003137,S0033463,C02521,2025-12-10T19:00:00,affiliate,mobile,electronics,partner_cashback,control,417.07,29.19,387.87,154.91,0,champion
O0003138,S0033467,C02522,2025-08-11T10:00:00,affiliate,desktop,food,partner_cashback,control,93.24,9.32,83.92,24.37,0,steady
O0003139,S0033472,C02522,2025-11-08T22:00:00,organic,mobile,apparel,seo,control,242.66,19.41,223.24,70.14,0,steady
O0003140,S0033494,C02524,2025-10-07T14:00:00,email,mobile,electronics,crm_lifecycle,control,318.98,47.85,271.13,70.63,0,deal_seeker
O0003141,S0033498,C02525,2025-04-14T08:00:00,social,mobile,apparel,summer_social,control,113.07,12.44,100.63,23.19,0,new_or_low
O0003142,S0033510,C02526,2025-09-05T14:00:00,email,desktop,beauty,crm_lifecycle,treatment,145.04,16.68,128.36,39.93,0,steady
O0003143,S0033521,C02527,2025-07-17T19:00:00,email,desktop,home,crm_lifecycle,treatment,140.72,26.03,114.69,28.26,0,deal_seeker
O0003144,S0033529,C02527,2025-10-08T09:00:00,paid_search,desktop,home,always_on_search,treatment,401.16,74.22,326.95,89.81,0,deal_seeker
O0003145,S0033534,C02528,2025-03-09T16:00:00,paid_search,mobile,sports,always_on_search,control,319.56,15.98,303.58,119.5,0,champion
O0003146,S0033535,C02528,2025-04-18T17:00:00,direct,mobile,electronics,brand_direct,control,276.47,13.82,262.65,102.31,0,champion
O0003147,S0033537,C02528,2025-04-03T10:00:00,paid_search,mobile,sports,always_on_search,control,321.12,16.06,305.06,120.13,0,champion
O0003148,S0033547,C02528,2025-07-04T19:00:00,social,mobile,sports,summer_social,control,472.27,23.61,448.66,180.44,0,champion
O0003149,S0033550,C02528,2025-08-22T10:00:00,paid_search,tablet,sports,always_on_search,control,307.05,15.35,291.7,117.51,0,champion
O0003150,S0033555,C02528,2025-09-02T13:00:00,paid_search,mobile,apparel,always_on_search,control,393.99,19.7,374.29,149.2,0,champion
O0003151,S0033567,C02529,2025-07-12T08:00:00,affiliate,mobile,electronics,partner_cashback,treatment,255.36,34.47,220.89,69.31,1,steady
O0003152,S0033568,C02529,2025-08-18T20:00:00,social,desktop,sports,summer_social,treatment,187.82,21.6,166.22,53.18,0,steady
O0003153,S0033588,C02530,2025-08-17T22:00:00,social,mobile,home,summer_social,control,404.58,20.23,384.35,153.43,0,champion
O0003154,S0033610,C02531,2025-09-22T21:00:00,social,mobile,electronics,summer_social,control,231.98,18.56,213.42,66.7,0,steady
O0003155,S0033632,C02534,2025-10-27T19:00:00,email,tablet,electronics,crm_lifecycle,treatment,250.73,28.83,221.9,72.66,0,steady
O0003156,S0033639,C02535,2025-04-06T13:00:00,paid_search,mobile,home,always_on_search,control,89.67,13.45,76.22,14.1,0,deal_seeker
O0003157,S0033641,C02535,2025-04-17T16:00:00,email,mobile,food,crm_lifecycle,control,338.58,50.79,287.79,75.46,0,deal_seeker
O0003158,S0033663,C02536,2025-05-25T12:00:00,organic,mobile,food,seo,treatment,214.61,39.7,174.91,42.72,0,deal_seeker
O0003159,S0033665,C02536,2025-05-24T12:00:00,direct,desktop,electronics,brand_direct,treatment,166.01,30.71,135.3,34.24,0,deal_seeker
O0003160,S0033669,C02536,2025-08-08T21:00:00,social,mobile,home,summer_social,treatment,99.36,18.38,80.98,15.48,0,deal_seeker
O0003161,S0033693,C02539,2025-11-18T13:00:00,email,mobile,beauty,crm_lifecycle,treatment,261.07,48.3,212.77,53.7,0,deal_seeker
O0003162,S0033722,C02542,2025-11-09T17:00:00,direct,tablet,food,brand_direct,control,193.2,28.98,164.22,42.62,0,deal_seeker
O0003163,S0033723,C02542,2025-12-08T15:00:00,organic,desktop,electronics,seo,control,242.81,36.42,206.39,54.85,0,deal_seeker
O0003164,S0033741,C02544,2025-09-11T13:00:00,social,mobile,electronics,summer_social,treatment,48.06,6.97,41.09,4.74,0,new_or_low
O0003165,S0033772,C02547,2025-06-07T18:00:00,organic,mobile,food,seo,control,460.04,23.0,437.04,175.56,0,champion
O0003166,S0033774,C02547,2025-06-13T08:00:00,paid_search,mobile,sports,always_on_search,control,287.18,14.36,272.82,106.58,0,champion
O0003167,S0033777,C02547,2025-07-25T14:00:00,paid_search,desktop,sports,always_on_search,control,329.43,16.47,312.95,126.44,0,champion
O0003168,S0033779,C02547,2025-07-27T09:00:00,social,mobile,sports,summer_social,control,357.13,17.86,339.28,134.5,0,champion
O0003169,S0033781,C02547,2025-08-10T16:00:00,paid_search,mobile,home,always_on_search,control,177.52,8.88,168.64,62.83,0,champion
O0003170,S0033782,C02547,2025-08-03T09:00:00,affiliate,desktop,beauty,partner_cashback,control,361.39,25.3,336.09,136.16,0,champion
O0003171,S0033785,C02547,2025-09-18T21:00:00,social,desktop,beauty,summer_social,control,293.69,14.68,279.01,112.18,0,champion
O0003172,S0033792,C02547,2025-12-19T11:00:00,organic,desktop,sports,seo,control,439.13,21.96,417.17,170.21,0,champion
O0003173,S0033842,C02550,2025-07-09T16:00:00,social,tablet,home,summer_social,control,487.08,24.35,462.72,189.34,0,champion
O0003174,S0033846,C02550,2025-10-19T16:00:00,social,desktop,home,summer_social,control,244.73,12.24,232.5,92.65,0,champion
O0003175,S0033850,C02550,2025-11-06T08:00:00,paid_search,desktop,home,always_on_search,control,491.79,24.59,467.2,191.22,0,champion
O0003176,S0033856,C02551,2025-06-04T16:00:00,organic,mobile,sports,seo,control,167.49,13.4,154.1,45.93,0,steady
O0003177,S0033874,C02552,2025-03-15T18:00:00,paid_search,mobile,food,always_on_search,treatment,156.51,28.96,127.56,28.99,0,deal_seeker
O0003178,S0033897,C02554,2025-09-05T18:00:00,affiliate,mobile,sports,partner_cashback,control,312.63,31.26,281.37,90.48,0,steady
O0003179,S0033901,C02554,2025-12-15T16:00:00,paid_search,mobile,food,always_on_search,control,254.93,20.39,234.54,74.09,0,steady
O0003180,S0033915,C02555,2025-10-21T17:00:00,paid_search,desktop,food,always_on_search,control,148.6,22.29,126.31,31.63,0,deal_seeker
O0003181,S0033921,C02556,2025-07-23T09:00:00,affiliate,desktop,sports,partner_cashback,treatment,253.46,26.61,226.84,90.27,0,champion
O0003182,S0033925,C02556,2025-08-16T11:00:00,paid_search,mobile,sports,always_on_search,treatment,215.98,18.36,197.62,75.0,0,champion
O0003183,S0033926,C02556,2025-08-13T13:00:00,organic,desktop,food,seo,treatment,376.29,31.98,344.3,139.61,0,champion
O0003184,S0033928,C02556,2025-09-25T11:00:00,social,mobile,apparel,summer_social,treatment,346.78,29.48,317.31,125.27,0,champion
O0003185,S0033930,C02556,2025-10-03T14:00:00,paid_search,desktop,apparel,always_on_search,treatment,221.53,18.83,202.7,80.13,0,champion
O0003186,S0033931,C02556,2025-10-07T13:00:00,paid_search,mobile,apparel,always_on_search,treatment,300.2,25.52,274.69,107.37,0,champion
O0003187,S0033946,C02557,2025-10-27T17:00:00,direct,desktop,electronics,brand_direct,treatment,373.97,31.79,342.18,138.72,0,champion
O0003188,S0033948,C02557,2025-11-10T10:00:00,social,tablet,home,summer_social,treatment,200.6,17.05,183.55,72.09,0,champion
O0003189,S0033952,C02557,2025-12-06T16:00:00,paid_search,mobile,food,always_on_search,treatment,271.94,23.12,248.83,96.51,0,champion
O0003190,S0033969,C02560,2025-05-03T22:00:00,paid_search,mobile,food,always_on_search,control,100.49,15.07,85.41,16.77,0,deal_seeker
O0003191,S0034018,C02563,2025-11-19T15:00:00,email,mobile,electronics,crm_lifecycle,control,396.61,59.49,337.12,89.77,0,deal_seeker
O0003192,S0034043,C02565,2025-02-20T17:00:00,social,desktop,beauty,summer_social,control,224.35,17.95,206.4,67.24,0,steady
O0003193,S0034044,C02565,2025-03-27T08:00:00,paid_search,mobile,beauty,always_on_search,control,246.92,19.75,227.16,71.51,0,steady
O0003194,S0034048,C02565,2025-04-02T21:00:00,email,desktop,food,crm_lifecycle,control,222.0,17.76,204.24,66.48,0,steady
O0003195,S0034064,C02566,2025-10-22T16:00:00,paid_search,tablet,apparel,always_on_search,control,187.36,14.99,172.37,55.33,0,steady
O0003196,S0034066,C02566,2025-11-23T08:00:00,organic,mobile,electronics,seo,control,208.0,16.64,191.36,58.97,0,steady
O0003197,S0034082,C02568,2025-03-26T20:00:00,paid_search,desktop,beauty,always_on_search,treatment,411.57,34.98,376.59,153.17,0,champion
O0003198,S0034087,C02568,2025-04-06T18:00:00,organic,desktop,sports,seo,treatment,339.06,28.82,310.24,125.3,0,champion
O0003199,S0034096,C02568,2025-09-09T19:00:00,affiliate,mobile,food,partner_cashback,treatment,304.86,32.01,272.85,106.6,0,champion
O0003200,S0034099,C02568,2025-10-27T08:00:00,paid_search,mobile,sports,always_on_search,treatment,452.38,38.45,413.93,165.85,0,champion
O0003201,S0034118,C02569,2025-08-08T16:00:00,organic,mobile,food,seo,control,305.22,45.78,259.43,67.24,0,deal_seeker
O0003202,S0034122,C02569,2025-09-10T09:00:00,social,desktop,home,summer_social,control,102.18,15.33,86.85,20.19,0,deal_seeker
O0003203,S0034162,C02574,2025-05-06T19:00:00,direct,tablet,sports,brand_direct,control,323.21,16.16,307.05,123.96,0,champion
O0003204,S0034168,C02574,2025-07-08T13:00:00,organic,desktop,sports,seo,control,572.65,28.63,544.02,223.49,0,champion
O0003205,S0034169,C02574,2025-07-10T16:00:00,paid_search,mobile,sports,always_on_search,control,260.08,13.0,247.07,95.77,0,champion
O0003206,S0034171,C02574,2025-08-23T12:00:00,email,tablet,beauty,crm_lifecycle,control,347.0,17.35,329.65,133.45,0,champion
O0003207,S0034188,C02575,2025-12-05T20:00:00,organic,mobile,food,seo,treatment,67.58,12.5,55.08,7.97,0,deal_seeker
O0003208,S0034207,C02578,2025-06-12T16:00:00,paid_search,mobile,beauty,always_on_search,control,364.76,54.71,310.05,81.91,0,deal_seeker
O0003209,S0034216,C02579,2025-03-27T08:00:00,direct,mobile,apparel,brand_direct,control,227.99,11.4,216.59,82.97,0,champion
O0003210,S0034223,C02579,2025-03-14T19:00:00,paid_search,mobile,apparel,always_on_search,control,188.89,9.44,179.45,67.37,0,champion
O0003211,S0034233,C02579,2025-07-27T14:00:00,email,mobile,home,crm_lifecycle,control,255.77,12.79,242.98,94.05,0,champion
O0003212,S0034234,C02579,2025-07-08T17:00:00,social,desktop,food,summer_social,control,442.49,22.12,420.36,171.55,0,champion
O0003213,S0034241,C02579,2025-11-05T11:00:00,paid_search,desktop,apparel,always_on_search,control,314.1,15.7,298.39,120.32,0,champion
O0003214,S0034243,C02579,2025-12-24T08:00:00,email,desktop,electronics,crm_lifecycle,control,292.6,14.63,277.97,111.75,0,champion
O0003215,S0034246,C02580,2025-11-25T13:00:00,organic,mobile,apparel,seo,control,206.12,30.92,175.2,42.81,0,deal_seeker
O0003216,S0034253,C02581,2025-04-14T11:00:00,organic,mobile,sports,seo,control,107.55,16.13,91.42,18.51,0,deal_seeker
O0003217,S0034261,C02581,2025-09-18T20:00:00,affiliate,mobile,electronics,partner_cashback,control,108.42,18.43,89.99,18.1,0,deal_seeker
O0003218,S0034287,C02582,2025-05-19T19:00:00,affiliate,mobile,electronics,partner_cashback,treatment,234.51,24.62,209.88,80.15,0,champion
O0003219,S0034288,C02582,2025-06-22T22:00:00,organic,mobile,food,seo,treatment,291.59,24.79,266.8,104.06,0,champion
O0003220,S0034289,C02582,2025-06-23T18:00:00,direct,mobile,electronics,brand_direct,treatment,279.61,23.77,255.84,99.45,0,champion
O0003221,S0034293,C02582,2025-07-03T18:00:00,organic,mobile,apparel,seo,treatment,506.91,43.09,463.82,186.81,0,champion
O0003222,S0034294,C02582,2025-07-13T11:00:00,affiliate,mobile,home,partner_cashback,treatment,417.34,43.82,373.52,148.88,0,champion
O0003223,S0034300,C02582,2025-08-04T15:00:00,organic,mobile,home,seo,treatment,250.31,21.28,229.03,88.19,0,champion
O0003224,S0034322,C02584,2025-04-27T10:00:00,direct,mobile,electronics,brand_direct,control,285.28,42.79,242.49,62.32,0,deal_seeker
O0003225,S0034343,C02585,2025-04-22T08:00:00,social,mobile,sports,summer_social,control,138.64,11.09,127.55,36.64,0,steady
O0003226,S0034355,C02585,2025-12-20T22:00:00,paid_search,desktop,sports,always_on_search,control,209.36,16.75,192.61,62.42,0,steady
O0003227,S0034365,C02587,2025-04-13T17:00:00,paid_search,mobile,home,always_on_search,treatment,349.82,40.23,309.59,100.36,0,steady
O0003228,S0034369,C02587,2025-06-21T16:00:00,email,tablet,electronics,crm_lifecycle,treatment,256.99,29.55,227.43,74.6,0,steady
O0003229,S0034415,C02590,2025-08-20T21:00:00,paid_search,desktop,sports,always_on_search,treatment,160.15,18.42,141.73,44.61,0,steady
O0003230,S0034427,C02591,2025-04-08T21:00:00,organic,desktop,beauty,seo,control,269.09,13.45,255.63,102.37,0,champion
O0003231,S0034438,C02591,2025-07-17T22:00:00,paid_search,mobile,beauty,always_on_search,control,286.67,14.33,272.33,106.38,0,champion
O0003232,S0034441,C02591,2025-07-09T19:00:00,organic,tablet,electronics,seo,control,229.29,11.46,217.83,86.49,0,champion
O0003233,S0034442,C02591,2025-08-11T18:00:00,social,mobile,sports,summer_social,control,471.91,23.6,448.31,180.29,0,champion
O0003234,S0034445,C02591,2025-09-13T19:00:00,email,mobile,sports,crm_lifecycle,control,406.64,20.33,386.31,154.25,0,champion
O0003235,S0034448,C02591,2025-10-26T20:00:00,organic,mobile,beauty,seo,control,372.7,18.63,354.06,140.71,0,champion
O0003236,S0034452,C02591,2025-11-23T12:00:00,paid_search,desktop,home,always_on_search,control,533.3,26.67,506.64,207.79,0,champion
O0003237,S0034462,C02592,2025-03-09T16:00:00,paid_search,desktop,sports,always_on_search,control,472.22,37.78,434.44,147.05,0,steady
O0003238,S0034475,C02592,2025-10-18T11:00:00,paid_search,desktop,sports,always_on_search,control,375.85,30.07,345.78,116.02,0,steady
O0003239,S0034488,C02595,2025-02-11T18:00:00,paid_search,mobile,sports,always_on_search,control,151.42,22.71,128.71,29.33,0,deal_seeker
O0003240,S0034498,C02595,2025-06-10T13:00:00,social,mobile,sports,summer_social,control,227.59,34.14,193.45,48.1,0,deal_seeker
O0003241,S0034499,C02595,2025-06-12T18:00:00,affiliate,mobile,sports,partner_cashback,control,234.41,39.85,194.56,48.42,0,deal_seeker
O0003242,S0034527,C02597,2025-07-08T11:00:00,email,mobile,beauty,crm_lifecycle,control,286.56,22.92,263.64,84.27,0,steady
O0003243,S0034531,C02597,2025-09-16T13:00:00,paid_search,tablet,sports,always_on_search,control,189.32,15.15,174.18,55.96,0,steady
O0003244,S0034541,C02598,2025-10-18T10:00:00,paid_search,mobile,apparel,always_on_search,treatment,196.55,36.36,160.19,38.46,0,deal_seeker
O0003245,S0034555,C02599,2025-09-06T14:00:00,direct,mobile,apparel,brand_direct,control,221.63,17.73,203.9,63.36,0,steady
O0003246,S0034556,C02599,2025-09-09T09:00:00,organic,mobile,electronics,seo,control,125.66,10.05,115.61,32.46,0,steady
O0003247,S0034565,C02600,2025-11-24T16:00:00,affiliate,mobile,food,partner_cashback,treatment,429.2,57.94,371.26,121.94,0,steady
O0003248,S0034579,C02601,2025-10-04T11:00:00,paid_search,mobile,food,always_on_search,treatment,239.31,27.52,211.79,66.13,0,steady
O0003249,S0034582,C02601,2025-12-19T13:00:00,email,desktop,beauty,crm_lifecycle,treatment,222.73,25.61,197.12,63.99,0,steady
O0003250,S0034590,C02602,2025-12-05T16:00:00,organic,mobile,home,seo,control,144.7,21.71,123.0,27.67,0,deal_seeker
O0003251,S0034594,C02603,2025-12-10T19:00:00,paid_search,mobile,apparel,always_on_search,control,100.66,8.05,92.61,24.41,0,steady
O0003252,S0034639,C02607,2025-08-24T22:00:00,paid_search,desktop,home,always_on_search,treatment,104.29,11.99,92.29,27.3,0,steady
O0003253,S0034665,C02609,2025-09-20T15:00:00,organic,mobile,beauty,seo,treatment,114.11,13.12,100.99,27.34,0,steady
O0003254,S0034725,C02614,2025-08-26T20:00:00,organic,desktop,apparel,seo,treatment,439.49,37.36,402.13,163.9,0,champion
O0003255,S0034726,C02614,2025-08-12T22:00:00,affiliate,mobile,sports,partner_cashback,treatment,252.74,26.54,226.21,87.01,0,champion
O0003256,S0034727,C02614,2025-08-11T09:00:00,paid_search,mobile,beauty,always_on_search,treatment,523.5,44.5,479.0,193.18,0,champion
O0003257,S0034732,C02614,2025-10-14T11:00:00,organic,mobile,food,seo,treatment,366.23,31.13,335.1,132.74,0,champion
O0003258,S0034737,C02615,2025-07-08T17:00:00,email,mobile,apparel,crm_lifecycle,treatment,310.01,26.35,283.66,111.14,0,champion
O0003259,S0034741,C02615,2025-12-17T12:00:00,email,mobile,sports,crm_lifecycle,treatment,345.53,29.37,316.16,124.79,0,champion
O0003260,S0034743,C02616,2025-04-04T20:00:00,email,mobile,food,crm_lifecycle,treatment,671.39,57.07,614.32,250.02,0,champion
O0003261,S0034756,C02616,2025-08-04T14:00:00,direct,desktop,apparel,brand_direct,treatment,491.1,41.74,449.36,183.73,0,champion
O0003262,S0034757,C02616,2025-09-10T08:00:00,email,mobile,apparel,crm_lifecycle,treatment,449.93,38.24,411.68,164.91,0,champion
O0003263,S0034759,C02616,2025-10-16T22:00:00,paid_search,mobile,electronics,always_on_search,treatment,452.08,38.43,413.66,165.74,0,champion
O0003264,S0034761,C02616,2025-10-07T17:00:00,social,mobile,food,summer_social,treatment,399.32,33.94,365.37,145.46,0,champion
O0003265,S0034774,C02617,2025-09-19T16:00:00,email,desktop,home,crm_lifecycle,treatment,306.14,35.21,270.94,89.83,0,steady
O0003266,S0034777,C02617,2025-10-07T13:00:00,organic,tablet,sports,seo,treatment,286.05,32.9,253.15,83.6,0,steady
O0003267,S0034788,C02619,2025-02-03T14:00:00,email,mobile,beauty,crm_lifecycle,control,217.11,17.37,199.74,61.91,0,steady
O0003268,S0034789,C02619,2025-03-16T15:00:00,paid_search,mobile,home,always_on_search,control,235.29,18.82,216.46,67.76,0,steady
O0003269,S0034804,C02619,2025-08-25T22:00:00,direct,tablet,beauty,brand_direct,control,152.61,12.21,140.4,44.14,0,steady
O0003270,S0034813,C02620,2025-08-18T20:00:00,paid_search,mobile,sports,always_on_search,control,253.46,38.02,215.44,54.48,0,deal_seeker
O0003271,S0034839,C02622,2025-08-03T15:00:00,paid_search,mobile,food,always_on_search,treatment,409.55,34.81,374.74,149.39,0,champion
O0003272,S0034845,C02622,2025-11-26T20:00:00,organic,desktop,home,seo,treatment,367.9,31.27,336.63,136.38,0,champion
O0003273,S0034865,C02623,2025-09-22T08:00:00,email,mobile,sports,crm_lifecycle,treatment,175.66,20.2,155.46,46.41,0,steady
O0003274,S0034867,C02623,2025-10-23T20:00:00,paid_search,mobile,sports,always_on_search,treatment,289.05,33.24,255.81,81.53,0,steady
O0003275,S0034900,C02626,2025-08-27T16:00:00,paid_search,mobile,beauty,always_on_search,control,198.04,15.84,182.19,55.77,0,steady
O0003276,S0034918,C02628,2025-11-20T09:00:00,paid_search,desktop,apparel,always_on_search,treatment,142.5,16.39,126.11,39.14,0,steady
O0003277,S0034936,C02629,2025-09-24T21:00:00,paid_search,desktop,food,always_on_search,control,364.51,29.16,335.35,112.37,0,steady
O0003278,S0034939,C02629,2025-12-27T11:00:00,social,mobile,electronics,summer_social,control,279.84,22.39,257.46,82.11,0,steady
O0003279,S0034941,C02630,2025-08-10T19:00:00,paid_search,tablet,food,always_on_search,control,264.48,21.16,243.32,80.16,0,steady
O0003280,S0034945,C02630,2025-11-16T09:00:00,social,mobile,electronics,summer_social,control,211.48,16.92,194.56,60.1,0,steady
O0003281,S0034956,C02631,2025-12-17T22:00:00,email,desktop,food,crm_lifecycle,control,283.36,42.5,240.85,64.85,0,deal_seeker
O0003282,S0034968,C02633,2025-08-26T19:00:00,paid_search,desktop,apparel,always_on_search,control,295.61,23.65,271.96,90.18,0,steady
O0003283,S0034969,C02633,2025-09-11T10:00:00,email,mobile,home,crm_lifecycle,control,179.51,14.36,165.15,49.8,0,steady
O0003284,S0035010,C02635,2025-12-10T21:00:00,paid_search,mobile,beauty,always_on_search,control,113.43,9.07,104.35,28.52,0,steady
O0003285,S0035023,C02637,2025-04-22T18:00:00,email,mobile,apparel,crm_lifecycle,treatment,233.39,33.84,199.55,53.86,1,new_or_low
O0003286,S0035070,C02640,2025-06-15T14:00:00,paid_search,mobile,electronics,always_on_search,treatment,72.68,10.54,62.14,11.26,0,new_or_low
O0003287,S0035085,C02641,2025-04-07T13:00:00,organic,desktop,home,seo,treatment,128.84,23.84,105.0,25.45,0,deal_seeker
O0003288,S0035090,C02641,2025-08-06T22:00:00,direct,mobile,home,brand_direct,treatment,125.17,23.16,102.01,21.58,0,deal_seeker
O0003289,S0035096,C02641,2025-12-01T19:00:00,direct,desktop,apparel,brand_direct,treatment,227.89,42.16,185.73,48.86,0,deal_seeker
O0003290,S0035130,C02644,2025-12-04T12:00:00,email,mobile,apparel,crm_lifecycle,treatment,223.68,19.01,204.67,77.96,0,champion
O0003291,S0035144,C02646,2025-04-07T16:00:00,direct,mobile,sports,brand_direct,treatment,208.06,23.93,184.13,56.45,0,steady
O0003292,S0035152,C02646,2025-06-23T15:00:00,social,mobile,beauty,summer_social,treatment,296.02,34.04,261.98,83.69,0,steady
O0003293,S0035166,C02646,2025-12-25T09:00:00,paid_search,desktop,home,always_on_search,treatment,132.3,15.21,117.08,35.98,1,steady
O0003294,S0035171,C02647,2025-04-24T10:00:00,affiliate,mobile,home,partner_cashback,control,187.18,18.72,168.47,50.96,0,steady
O0003295,S0035180,C02647,2025-09-19T15:00:00,organic,mobile,electronics,seo,control,203.96,16.32,187.64,57.68,0,steady
O0003296,S0035195,C02648,2025-07-22T09:00:00,email,mobile,food,crm_lifecycle,treatment,364.72,41.94,322.78,104.97,0,steady
O0003297,S0035198,C02648,2025-10-09T20:00:00,paid_search,mobile,food,always_on_search,treatment,440.15,50.62,389.53,128.34,0,steady
O0003298,S0035203,C02649,2025-06-26T17:00:00,paid_search,desktop,food,always_on_search,treatment,120.61,13.87,106.74,32.36,1,steady
O0003299,S0035204,C02649,2025-07-07T19:00:00,paid_search,mobile,electronics,always_on_search,treatment,459.95,52.89,407.05,134.47,0,steady
O0003300,S0035207,C02649,2025-09-01T22:00:00,email,tablet,electronics,crm_lifecycle,treatment,282.61,32.5,250.11,82.54,0,steady
O0003301,S0035210,C02649,2025-11-02T10:00:00,direct,mobile,beauty,brand_direct,treatment,159.62,18.36,141.26,41.44,0,steady
O0003302,S0035217,C02650,2025-05-22T16:00:00,affiliate,mobile,sports,partner_cashback,treatment,351.42,72.04,279.38,73.02,0,deal_seeker
O0003303,S0035220,C02650,2025-08-10T18:00:00,affiliate,mobile,food,partner_cashback,treatment,144.48,29.62,114.86,25.31,0,deal_seeker
O0003304,S0035243,C02651,2025-10-07T19:00:00,organic,mobile,beauty,seo,control,600.43,90.06,510.37,140.01,0,deal_seeker
O0003305,S0035249,C02652,2025-03-25T20:00:00,email,mobile,apparel,crm_lifecycle,control,293.57,23.49,270.08,86.53,0,steady
O0003306,S0035276,C02654,2025-09-05T14:00:00,social,mobile,beauty,summer_social,control,549.16,43.93,505.23,168.83,0,steady
O0003307,S0035279,C02654,2025-11-13T13:00:00,email,mobile,beauty,crm_lifecycle,control,168.44,13.48,154.97,46.24,0,steady
O0003308,S0035283,C02654,2025-12-06T22:00:00,email,tablet,beauty,crm_lifecycle,control,209.41,16.75,192.66,62.43,0,steady
O0003309,S0035315,C02657,2025-09-16T11:00:00,direct,mobile,electronics,brand_direct,treatment,143.03,16.45,126.58,36.3,0,steady
O0003310,S0035317,C02657,2025-10-11T22:00:00,organic,mobile,food,seo,treatment,218.84,25.17,193.67,59.78,0,steady
O0003311,S0035337,C02660,2025-10-22T21:00:00,affiliate,mobile,sports,partner_cashback,treatment,207.13,42.46,164.66,39.75,0,deal_seeker
O0003312,S0035363,C02662,2025-07-21T19:00:00,direct,desktop,food,brand_direct,treatment,208.0,23.92,184.08,59.43,0,steady
O0003313,S0035380,C02663,2025-07-22T11:00:00,organic,mobile,food,seo,control,298.13,23.85,274.28,88.0,0,steady
O0003314,S0035396,C02664,2025-07-08T12:00:00,affiliate,desktop,beauty,partner_cashback,control,311.36,21.8,289.56,116.62,0,champion
O0003315,S0035397,C02664,2025-07-10T17:00:00,organic,mobile,home,seo,control,582.38,29.12,553.26,224.37,0,champion
O0003316,S0035399,C02664,2025-07-23T17:00:00,affiliate,desktop,home,partner_cashback,control,364.89,25.54,339.35,137.53,0,champion
O0003317,S0035407,C02664,2025-10-13T17:00:00,email,desktop,food,crm_lifecycle,control,227.24,11.36,215.88,85.67,0,champion
O0003318,S0035417,C02665,2025-12-21T13:00:00,paid_search,mobile,home,always_on_search,treatment,320.71,59.33,261.38,67.8,0,deal_seeker
O0003319,S0035429,C02666,2025-08-26T19:00:00,social,mobile,food,summer_social,control,221.36,17.71,203.65,63.28,0,steady
O0003320,S0035437,C02667,2025-10-11T12:00:00,email,tablet,beauty,crm_lifecycle,control,363.83,29.11,334.73,112.15,0,steady
O0003321,S0035502,C02672,2025-09-27T12:00:00,email,tablet,electronics,crm_lifecycle,treatment,150.15,27.78,122.37,30.49,0,deal_seeker
O0003322,S0035518,C02673,2025-08-16T12:00:00,paid_search,desktop,sports,always_on_search,control,195.28,15.62,179.65,57.88,0,steady
O0003323,S0035534,C02674,2025-09-11T17:00:00,organic,tablet,home,seo,control,312.52,46.88,265.65,72.04,1,deal_seeker
O0003324,S0035558,C02676,2025-11-27T16:00:00,organic,mobile,beauty,seo,control,236.46,26.01,210.45,57.24,0,new_or_low
O0003325,S0035566,C02677,2025-10-16T13:00:00,email,mobile,sports,crm_lifecycle,treatment,229.06,26.34,202.71,62.95,0,steady
O0003326,S0035568,C02677,2025-11-23T17:00:00,organic,mobile,electronics,seo,treatment,334.39,38.45,295.93,95.58,0,steady
O0003327,S0035570,C02677,2025-11-07T10:00:00,direct,mobile,apparel,brand_direct,treatment,271.93,31.27,240.66,76.23,0,steady
O0003328,S0035573,C02678,2025-01-07T15:00:00,email,desktop,sports,crm_lifecycle,control,352.18,17.61,334.57,135.52,0,champion
O0003329,S0035574,C02678,2025-01-07T19:00:00,direct,mobile,sports,brand_direct,control,358.25,17.91,340.34,134.94,1,champion
O0003330,S0035577,C02678,2025-01-25T14:00:00,email,mobile,beauty,crm_lifecycle,control,370.82,18.54,352.28,139.96,0,champion
O0003331,S0035580,C02678,2025-02-24T09:00:00,email,mobile,beauty,crm_lifecycle,control,402.26,20.11,382.15,152.5,0,champion
O0003332,S0035585,C02678,2025-02-13T20:00:00,email,mobile,electronics,crm_lifecycle,control,234.81,11.74,223.07,85.69,0,champion
O0003333,S0035592,C02678,2025-04-20T13:00:00,email,desktop,apparel,crm_lifecycle,control,373.47,18.67,354.8,144.02,0,champion
O0003334,S0035595,C02678,2025-06-01T17:00:00,organic,desktop,sports,seo,control,393.52,19.68,373.85,152.02,0,champion
O0003335,S0035600,C02678,2025-10-01T20:00:00,direct,mobile,apparel,brand_direct,control,354.53,17.73,336.8,133.46,0,champion
O0003336,S0035603,C02678,2025-11-23T19:00:00,social,desktop,sports,summer_social,control,410.45,20.52,389.93,158.77,0,champion
O0003337,S0035643,C02682,2025-05-25T09:00:00,social,mobile,electronics,summer_social,treatment,188.08,21.63,166.45,50.26,0,steady
O0003338,S0035644,C02682,2025-06-14T10:00:00,paid_search,desktop,sports,always_on_search,treatment,163.57,18.81,144.76,45.67,0,steady
O0003339,S0035650,C02682,2025-09-15T17:00:00,social,tablet,beauty,summer_social,treatment,109.91,12.64,97.27,29.04,0,steady
O0003340,S0035662,C02683,2025-01-19T21:00:00,direct,desktop,home,brand_direct,treatment,418.01,35.53,382.48,155.64,0,champion
O0003341,S0035673,C02683,2025-02-20T12:00:00,organic,desktop,home,seo,treatment,309.67,26.32,283.35,114.01,0,champion
O0003342,S0035675,C02683,2025-04-15T12:00:00,affiliate,mobile,apparel,partner_cashback,treatment,518.05,54.4,463.65,186.74,0,champion
O0003343,S0035686,C02683,2025-06-13T12:00:00,organic,mobile,food,seo,treatment,392.42,33.36,359.07,142.81,0,champion
O0003344,S0035687,C02683,2025-06-25T13:00:00,direct,mobile,home,brand_direct,treatment,225.9,19.2,206.7,78.81,0,champion
O0003345,S0035693,C02683,2025-08-08T14:00:00,direct,mobile,home,brand_direct,treatment,631.97,53.72,578.25,234.86,0,champion
O0003346,S0035694,C02683,2025-09-15T13:00:00,direct,mobile,home,brand_direct,treatment,255.37,21.71,233.67,90.14,0,champion
O0003347,S0035728,C02685,2025-10-02T20:00:00,paid_search,mobile,electronics,always_on_search,treatment,291.06,53.85,237.22,60.79,0,deal_seeker
O0003348,S0035740,C02686,2025-04-13T14:00:00,organic,tablet,food,seo,treatment,215.83,39.93,175.9,46.01,0,deal_seeker
O0003349,S0035752,C02686,2025-12-09T08:00:00,organic,mobile,food,seo,treatment,460.93,85.27,375.66,100.94,0,deal_seeker
O0003350,S0035759,C02688,2025-04-14T12:00:00,affiliate,mobile,apparel,partner_cashback,treatment,91.48,15.09,76.38,15.68,0,new_or_low
O0003351,S0035786,C02691,2025-11-24T14:00:00,direct,desktop,home,brand_direct,treatment,390.03,33.15,356.88,144.89,0,champion
O0003352,S0035787,C02691,2025-11-25T13:00:00,paid_search,mobile,electronics,always_on_search,treatment,675.07,57.38,617.69,251.43,0,champion
O0003353,S0035795,C02693,2025-08-14T09:00:00,organic,mobile,beauty,seo,treatment,359.6,30.57,329.03,130.19,0,champion
O0003354,S0035796,C02693,2025-09-02T13:00:00,email,tablet,food,crm_lifecycle,treatment,379.88,32.29,347.59,140.99,0,champion
O0003355,S0035797,C02693,2025-09-13T08:00:00,organic,desktop,sports,seo,treatment,335.89,28.55,307.34,124.08,1,champion
O0003356,S0035813,C02695,2025-06-25T18:00:00,email,mobile,food,crm_lifecycle,treatment,236.16,43.69,192.47,47.82,0,deal_seeker
O0003357,S0035829,C02697,2025-04-08T14:00:00,paid_search,desktop,electronics,always_on_search,treatment,186.5,34.5,152.0,39.08,1,deal_seeker
O0003358,S0035840,C02697,2025-07-24T19:00:00,affiliate,desktop,food,partner_cashback,treatment,120.15,24.63,95.52,22.7,0,deal_seeker
O0003359,S0035852,C02698,2025-06-05T21:00:00,affiliate,desktop,sports,partner_cashback,control,376.11,63.94,312.17,85.53,0,deal_seeker
O0003360,S0035854,C02698,2025-06-19T17:00:00,organic,mobile,sports,seo,control,208.08,31.21,176.87,43.29,0,deal_seeker
O0003361,S0035873,C02699,2025-09-18T16:00:00,paid_search,mobile,electronics,always_on_search,control,94.49,7.56,86.93,22.42,0,steady
O0003362,S0035896,C02700,2025-10-08T09:00:00,social,tablet,beauty,summer_social,treatment,276.37,23.49,252.88,101.21,0,champion
O0003363,S0035897,C02700,2025-11-16T16:00:00,social,mobile,beauty,summer_social,treatment,419.96,35.7,384.27,153.39,0,champion
O0003364,S0035898,C02700,2025-11-14T20:00:00,social,desktop,beauty,summer_social,treatment,238.74,20.29,218.45,86.75,0,champion
O0003365,S0035923,C02703,2025-02-22T22:00:00,paid_search,mobile,food,always_on_search,treatment,402.54,34.22,368.32,146.7,0,champion
O0003366,S0035924,C02703,2025-02-15T20:00:00,paid_search,mobile,food,always_on_search,treatment,296.95,25.24,271.71,106.12,0,champion
O0003367,S0035937,C02703,2025-05-12T19:00:00,organic,desktop,food,seo,treatment,459.33,39.04,420.29,171.52,0,champion
O0003368,S0035940,C02703,2025-06-26T22:00:00,affiliate,mobile,food,partner_cashback,treatment,366.23,38.45,327.78,129.67,0,champion
O0003369,S0035944,C02703,2025-09-05T21:00:00,organic,mobile,electronics,seo,treatment,362.1,30.78,331.33,131.16,0,champion
O0003370,S0035948,C02703,2025-10-10T17:00:00,social,tablet,electronics,summer_social,treatment,468.5,39.82,428.67,175.04,0,champion
O0003371,S0035952,C02703,2025-12-25T08:00:00,email,desktop,apparel,crm_lifecycle,treatment,281.56,23.93,257.63,103.2,0,champion
O0003372,S0035954,C02703,2025-12-25T21:00:00,organic,mobile,food,seo,treatment,316.15,26.87,289.28,113.5,0,champion
O0003373,S0035966,C02705,2025-09-26T22:00:00,organic,mobile,sports,seo,control,299.36,14.97,284.39,111.45,0,champion
O0003374,S0035971,C02705,2025-11-26T14:00:00,social,mobile,electronics,summer_social,control,506.76,25.34,481.42,194.2,0,champion
O0003375,S0035975,C02705,2025-12-11T16:00:00,direct,mobile,sports,brand_direct,control,368.85,18.44,350.41,139.17,0,champion
O0003376,S0035976,C02706,2025-06-03T21:00:00,social,desktop,beauty,summer_social,control,194.61,15.57,179.04,57.67,0,steady
O0003377,S0035989,C02707,2025-04-20T16:00:00,affiliate,desktop,apparel,partner_cashback,treatment,144.62,23.86,120.76,32.43,0,new_or_low
O0003378,S0035995,C02707,2025-12-05T22:00:00,paid_search,desktop,beauty,always_on_search,treatment,91.6,13.28,78.32,19.28,0,new_or_low
O0003379,S0035998,C02708,2025-05-25T14:00:00,paid_search,desktop,sports,always_on_search,treatment,134.58,15.48,119.1,36.69,0,steady
O0003380,S0036000,C02708,2025-06-12T10:00:00,email,mobile,beauty,crm_lifecycle,treatment,330.6,38.02,292.58,94.4,0,steady
O0003381,S0036011,C02710,2025-06-08T18:00:00,paid_search,mobile,beauty,always_on_search,treatment,135.74,25.11,110.63,24.08,0,deal_seeker
O0003382,S0036025,C02710,2025-11-21T14:00:00,social,mobile,sports,summer_social,treatment,122.25,22.62,99.63,20.89,1,deal_seeker
O0003383,S0036045,C02712,2025-01-27T14:00:00,social,mobile,beauty,summer_social,control,191.64,15.33,176.31,53.71,0,steady
O0003384,S0036051,C02712,2025-07-15T22:00:00,organic,desktop,sports,seo,control,263.29,21.06,242.23,79.78,0,steady
O0003385,S0036053,C02712,2025-08-06T08:00:00,social,mobile,apparel,summer_social,control,316.64,25.33,291.31,93.96,0,steady
O0003386,S0036056,C02712,2025-08-23T10:00:00,social,mobile,apparel,summer_social,control,265.21,21.22,244.0,77.4,0,steady
O0003387,S0036119,C02719,2025-02-16T17:00:00,paid_search,mobile,electronics,always_on_search,control,275.71,13.79,261.93,102.01,0,champion
O0003388,S0036123,C02719,2025-04-16T15:00:00,paid_search,tablet,home,always_on_search,control,184.1,9.21,174.9,68.46,0,champion
O0003389,S0036130,C02719,2025-07-08T09:00:00,email,mobile,beauty,crm_lifecycle,control,236.72,11.84,224.89,86.45,0,champion
O0003390,S0036132,C02719,2025-08-23T11:00:00,organic,mobile,food,seo,control,221.0,11.05,209.95,80.18,0,champion
O0003391,S0036136,C02719,2025-08-10T17:00:00,email,mobile,sports,crm_lifecycle,control,328.0,16.4,311.6,122.87,0,champion
O0003392,S0036176,C02721,2025-06-26T13:00:00,email,desktop,beauty,crm_lifecycle,treatment,166.14,30.74,135.4,34.27,0,deal_seeker
O0003393,S0036178,C02721,2025-06-23T15:00:00,affiliate,mobile,home,partner_cashback,treatment,180.57,37.02,143.55,33.63,0,deal_seeker
O0003394,S0036181,C02721,2025-07-09T22:00:00,affiliate,mobile,beauty,partner_cashback,treatment,140.57,28.82,111.75,24.41,0,deal_seeker
O0003395,S0036185,C02721,2025-10-04T11:00:00,organic,desktop,home,seo,treatment,155.3,28.73,126.57,31.71,0,deal_seeker
O0003396,S0036198,C02722,2025-10-20T17:00:00,email,mobile,sports,crm_lifecycle,treatment,150.34,27.81,122.53,27.53,0,deal_seeker
O0003397,S0036205,C02723,2025-03-26T09:00:00,paid_search,mobile,home,always_on_search,control,124.5,13.69,110.8,26.35,0,new_or_low
O0003398,S0036216,C02724,2025-11-06T15:00:00,email,tablet,home,crm_lifecycle,control,463.71,23.19,440.52,180.02,0,champion
O0003399,S0036251,C02729,2025-02-15T09:00:00,email,mobile,beauty,crm_lifecycle,control,110.15,8.81,101.34,27.47,0,steady
O0003400,S0036276,C02729,2025-12-21T22:00:00,social,mobile,electronics,summer_social,control,144.44,11.56,132.88,38.51,0,steady
O0003401,S0036277,C02729,2025-12-06T09:00:00,affiliate,mobile,apparel,partner_cashback,control,165.53,16.55,148.98,44.14,0,steady
O0003402,S0036290,C02731,2025-12-18T10:00:00,paid_search,mobile,sports,always_on_search,control,212.72,17.02,195.7,60.49,0,steady
O0003403,S0036337,C02736,2025-09-10T08:00:00,direct,mobile,home,brand_direct,control,246.06,12.3,233.76,90.18,0,champion
O0003404,S0036374,C02738,2025-09-16T08:00:00,affiliate,mobile,electronics,partner_cashback,control,170.22,11.92,158.31,58.49,0,champion
O0003405,S0036380,C02738,2025-10-12T09:00:00,direct,mobile,food,brand_direct,control,474.75,23.74,451.01,181.43,0,champion
O0003406,S0036383,C02739,2025-08-04T11:00:00,paid_search,mobile,food,always_on_search,treatment,241.52,27.77,213.74,66.81,0,steady
O0003407,S0036398,C02740,2025-05-12T10:00:00,social,desktop,beauty,summer_social,treatment,205.97,38.1,167.87,43.68,0,deal_seeker
O0003408,S0036399,C02740,2025-05-06T14:00:00,direct,mobile,apparel,brand_direct,treatment,317.08,58.66,258.42,66.94,0,deal_seeker
O0003409,S0036407,C02740,2025-09-26T14:00:00,affiliate,mobile,food,partner_cashback,treatment,127.17,26.07,101.1,21.32,0,deal_seeker
O0003410,S0036413,C02740,2025-11-10T12:00:00,email,desktop,electronics,crm_lifecycle,treatment,125.94,23.3,102.64,24.77,0,deal_seeker
O0003411,S0036415,C02740,2025-12-08T08:00:00,organic,mobile,apparel,seo,treatment,185.33,34.29,151.04,35.8,0,deal_seeker
O0003412,S0036429,C02741,2025-11-24T08:00:00,paid_search,mobile,food,always_on_search,treatment,335.42,38.57,296.85,95.9,0,steady
O0003413,S0036448,C02744,2025-03-23T17:00:00,social,mobile,electronics,summer_social,control,374.06,29.93,344.14,112.45,0,steady
O0003414,S0036454,C02744,2025-04-20T21:00:00,social,mobile,beauty,summer_social,control,313.18,25.05,288.13,92.85,0,steady
O0003415,S0036457,C02744,2025-05-12T15:00:00,paid_search,mobile,beauty,always_on_search,control,290.42,23.23,267.19,85.52,0,steady
O0003416,S0036459,C02744,2025-07-27T19:00:00,affiliate,mobile,electronics,partner_cashback,control,319.94,31.99,287.95,92.78,0,steady
O0003417,S0036461,C02744,2025-07-10T17:00:00,direct,desktop,electronics,brand_direct,control,263.83,21.11,242.73,79.95,0,steady
O0003418,S0036473,C02746,2025-05-19T08:00:00,email,mobile,sports,crm_lifecycle,control,146.1,11.69,134.41,39.04,0,steady
O0003419,S0036475,C02746,2025-06-18T10:00:00,direct,mobile,food,brand_direct,control,311.61,24.93,286.69,92.34,0,steady
O0003420,S0036481,C02747,2025-04-03T10:00:00,social,mobile,electronics,summer_social,treatment,132.61,24.53,108.08,23.34,0,deal_seeker
O0003421,S0036492,C02747,2025-06-03T14:00:00,email,mobile,food,crm_lifecycle,treatment,171.55,31.74,139.81,32.55,0,deal_seeker
O0003422,S0036495,C02747,2025-06-18T11:00:00,affiliate,tablet,apparel,partner_cashback,treatment,417.56,85.6,331.96,91.27,0,deal_seeker
O0003423,S0036508,C02747,2025-11-24T13:00:00,email,mobile,apparel,crm_lifecycle,treatment,148.45,27.46,120.99,27.09,0,deal_seeker
O0003424,S0036530,C02748,2025-12-10T22:00:00,direct,desktop,food,brand_direct,control,184.71,27.71,157.0,40.53,0,deal_seeker
O0003425,S0036545,C02750,2025-08-20T16:00:00,paid_search,mobile,apparel,always_on_search,control,220.79,11.04,209.75,80.1,0,champion
O0003426,S0036548,C02750,2025-09-20T08:00:00,affiliate,mobile,apparel,partner_cashback,control,630.17,44.11,586.06,238.15,0,champion
O0003427,S0036549,C02750,2025-09-27T21:00:00,email,desktop,apparel,crm_lifecycle,control,367.73,18.39,349.35,141.73,0,champion
O0003428,S0036555,C02750,2025-11-09T12:00:00,paid_search,mobile,apparel,always_on_search,control,365.47,18.27,347.2,137.82,0,champion
O0003429,S0036571,C02753,2025-10-01T18:00:00,email,mobile,sports,crm_lifecycle,treatment,90.23,16.69,73.54,13.33,1,deal_seeker
O0003430,S0036575,C02754,2025-05-22T18:00:00,organic,desktop,electronics,seo,treatment,295.56,25.12,270.44,108.58,0,champion
O0003431,S0036587,C02754,2025-10-07T14:00:00,paid_search,mobile,electronics,always_on_search,treatment,496.31,42.19,454.12,182.73,0,champion
O0003432,S0036601,C02755,2025-06-22T21:00:00,organic,mobile,food,seo,treatment,316.0,36.34,279.66,89.88,0,steady
O0003433,S0036629,C02757,2025-09-07T12:00:00,email,mobile,electronics,crm_lifecycle,control,520.96,41.68,479.28,159.75,0,steady
O0003434,S0036637,C02757,2025-12-12T21:00:00,paid_search,desktop,home,always_on_search,control,368.04,29.44,338.59,113.51,0,steady
O0003435,S0036639,C02758,2025-09-12T08:00:00,organic,tablet,electronics,seo,control,174.31,8.72,165.6,64.55,0,champion
O0003436,S0036643,C02758,2025-11-26T22:00:00,paid_search,desktop,electronics,always_on_search,control,275.71,13.79,261.92,105.01,0,champion
O0003437,S0036644,C02758,2025-11-17T09:00:00,direct,mobile,beauty,brand_direct,control,199.92,10.0,189.93,71.77,0,champion
O0003438,S0036646,C02758,2025-12-13T09:00:00,social,mobile,beauty,summer_social,control,288.37,14.42,273.95,107.06,0,champion
O0003439,S0036683,C02763,2025-03-10T10:00:00,social,tablet,home,summer_social,control,300.35,45.05,255.3,69.04,0,deal_seeker
O0003440,S0036687,C02763,2025-06-19T10:00:00,affiliate,desktop,apparel,partner_cashback,control,287.43,48.86,238.57,64.19,0,deal_seeker
O0003441,S0036690,C02763,2025-07-03T11:00:00,paid_search,desktop,electronics,always_on_search,control,190.42,28.56,161.86,41.94,0,deal_seeker
O0003442,S0036691,C02763,2025-07-10T14:00:00,organic,desktop,electronics,seo,control,204.66,30.7,173.96,45.45,1,deal_seeker
O0003443,S0036703,C02764,2025-09-07T20:00:00,social,mobile,apparel,summer_social,treatment,324.62,27.59,297.03,116.75,0,champion
O0003444,S0036707,C02764,2025-11-21T22:00:00,organic,desktop,sports,seo,treatment,269.98,22.95,247.03,98.75,0,champion
O0003445,S0036713,C02765,2025-07-21T09:00:00,email,desktop,electronics,crm_lifecycle,treatment,346.49,39.85,306.64,102.33,1,steady
O0003446,S0036737,C02767,2025-11-07T08:00:00,social,mobile,home,summer_social,control,357.85,28.63,329.23,107.23,0,steady
O0003447,S0036738,C02767,2025-12-01T14:00:00,affiliate,mobile,beauty,partner_cashback,control,387.34,38.73,348.6,114.01,0,steady
O0003448,S0036749,C02768,2025-08-05T22:00:00,social,desktop,home,summer_social,treatment,335.04,28.48,306.56,123.76,0,champion
O0003449,S0036750,C02768,2025-08-21T12:00:00,organic,desktop,beauty,seo,treatment,386.69,32.87,353.83,143.61,0,champion
O0003450,S0036752,C02768,2025-09-07T19:00:00,email,mobile,apparel,crm_lifecycle,treatment,344.4,29.27,315.13,124.35,0,champion
O0003451,S0036753,C02768,2025-09-12T17:00:00,direct,mobile,apparel,brand_direct,treatment,304.84,25.91,278.93,109.15,0,champion
O0003452,S0036759,C02768,2025-10-14T20:00:00,direct,mobile,apparel,brand_direct,treatment,557.3,47.37,509.93,206.17,0,champion
O0003453,S0036760,C02768,2025-11-15T11:00:00,organic,desktop,beauty,seo,treatment,288.76,24.54,264.22,105.97,0,champion
O0003454,S0036797,C02772,2025-09-26T18:00:00,direct,mobile,sports,brand_direct,treatment,152.63,22.13,130.5,32.45,0,new_or_low
O0003455,S0036801,C02773,2025-03-16T21:00:00,email,mobile,sports,crm_lifecycle,control,391.24,19.56,371.68,148.1,0,champion
O0003456,S0036816,C02773,2025-09-06T12:00:00,organic,desktop,beauty,seo,control,207.08,10.35,196.73,77.62,0,champion
O0003457,S0036818,C02773,2025-10-19T16:00:00,direct,mobile,beauty,brand_direct,control,387.49,19.37,368.11,146.61,0,champion
O0003458,S0036835,C02774,2025-06-26T10:00:00,social,mobile,food,summer_social,treatment,90.12,16.67,73.44,13.3,0,deal_seeker
O0003459,S0036836,C02774,2025-06-21T11:00:00,paid_search,desktop,apparel,always_on_search,treatment,212.95,39.39,173.55,45.33,0,deal_seeker
O0003460,S0036847,C02774,2025-12-04T17:00:00,social,mobile,apparel,summer_social,treatment,273.37,50.57,222.8,56.61,0,deal_seeker
O0003461,S0036851,C02775,2025-09-26T10:00:00,social,desktop,food,summer_social,control,414.44,33.16,381.29,128.45,0,steady
O0003462,S0036859,C02776,2025-08-01T18:00:00,organic,desktop,home,seo,treatment,231.04,42.74,188.29,49.61,1,deal_seeker
O0003463,S0036863,C02776,2025-09-14T22:00:00,direct,desktop,home,brand_direct,treatment,144.72,26.77,117.95,29.2,0,deal_seeker
O0003464,S0036865,C02776,2025-10-02T21:00:00,social,mobile,home,summer_social,treatment,144.43,26.72,117.71,26.14,0,deal_seeker
O0003465,S0036881,C02778,2025-06-07T22:00:00,paid_search,mobile,home,always_on_search,control,198.35,29.75,168.6,40.89,0,deal_seeker
O0003466,S0036882,C02778,2025-06-15T13:00:00,paid_search,desktop,food,always_on_search,control,189.97,28.5,161.47,41.83,0,deal_seeker
O0003467,S0036919,C02779,2025-08-08T16:00:00,paid_search,desktop,apparel,always_on_search,control,217.19,17.38,199.81,64.93,0,steady
O0003468,S0036935,C02780,2025-04-03T08:00:00,social,mobile,home,summer_social,control,276.4,13.82,262.58,102.29,0,champion
O0003469,S0036938,C02780,2025-05-24T18:00:00,email,tablet,home,crm_lifecycle,control,363.9,18.2,345.71,140.2,0,champion
O0003470,S0036953,C02780,2025-09-12T16:00:00,organic,desktop,apparel,seo,control,299.3,14.96,284.33,114.42,0,champion
O0003471,S0036958,C02780,2025-11-27T12:00:00,direct,mobile,apparel,brand_direct,control,519.21,25.96,493.25,199.16,0,champion
O0003472,S0036959,C02780,2025-11-25T22:00:00,affiliate,desktop,apparel,partner_cashback,control,249.39,17.46,231.94,92.41,0,champion
O0003473,S0036994,C02785,2025-11-16T22:00:00,social,desktop,home,summer_social,treatment,311.96,35.88,276.08,91.63,0,steady
O0003474,S0037000,C02786,2025-08-27T08:00:00,email,mobile,sports,crm_lifecycle,control,266.12,21.29,244.83,77.69,0,steady
O0003475,S0037050,C02791,2025-04-07T18:00:00,email,mobile,home,crm_lifecycle,control,244.07,19.53,224.54,70.59,0,steady
O0003476,S0037057,C02791,2025-07-26T17:00:00,paid_search,tablet,beauty,always_on_search,control,179.38,14.35,165.03,52.76,0,steady
O0003477,S0037073,C02792,2025-03-05T21:00:00,affiliate,desktop,electronics,partner_cashback,treatment,281.23,37.97,243.26,80.14,0,steady
O0003478,S0037076,C02792,2025-04-18T17:00:00,paid_search,mobile,sports,always_on_search,treatment,131.88,15.17,116.71,32.85,0,steady
O0003479,S0037077,C02792,2025-04-08T15:00:00,social,desktop,sports,summer_social,treatment,338.0,38.87,299.13,99.69,0,steady
O0003480,S0037079,C02792,2025-06-21T10:00:00,direct,desktop,electronics,brand_direct,treatment,215.48,24.78,190.7,61.74,0,steady
O0003481,S0037083,C02792,2025-07-07T18:00:00,organic,mobile,electronics,seo,treatment,288.47,33.17,255.29,81.35,0,steady
O0003482,S0037101,C02793,2025-07-16T17:00:00,social,desktop,sports,summer_social,treatment,92.47,17.11,75.37,16.86,0,deal_seeker
O0003483,S0037104,C02793,2025-09-02T20:00:00,paid_search,mobile,apparel,always_on_search,treatment,270.08,49.97,220.12,55.83,0,deal_seeker
O0003484,S0037108,C02793,2025-10-08T18:00:00,organic,tablet,sports,seo,treatment,57.29,10.6,46.69,8.54,0,deal_seeker
O0003485,S0037110,C02793,2025-12-04T14:00:00,paid_search,mobile,apparel,always_on_search,treatment,165.56,30.63,134.93,31.13,0,deal_seeker
O0003486,S0037116,C02794,2025-07-04T11:00:00,organic,mobile,sports,seo,treatment,337.81,62.5,275.32,71.84,0,deal_seeker
O0003487,S0037127,C02794,2025-12-02T21:00:00,affiliate,desktop,food,partner_cashback,treatment,314.29,64.43,249.86,67.46,0,deal_seeker
O0003488,S0037131,C02795,2025-01-11T19:00:00,social,mobile,beauty,summer_social,control,492.72,24.64,468.09,188.6,0,champion
O0003489,S0037135,C02795,2025-01-19T12:00:00,social,desktop,home,summer_social,control,497.17,24.86,472.32,193.37,0,champion
O0003490,S0037151,C02795,2025-05-26T13:00:00,paid_search,mobile,apparel,always_on_search,control,413.32,20.67,392.66,156.92,0,champion
O0003491,S0037166,C02795,2025-09-25T18:00:00,direct,desktop,beauty,brand_direct,control,491.88,24.59,467.28,191.26,1,champion
O0003492,S0037169,C02795,2025-11-04T14:00:00,social,desktop,beauty,summer_social,control,379.3,18.97,360.34,146.34,0,champion
O0003493,S0037173,C02795,2025-12-19T16:00:00,direct,mobile,beauty,brand_direct,control,300.74,15.04,285.71,112.0,0,champion
O0003494,S0037175,C02795,2025-12-18T22:00:00,social,tablet,apparel,summer_social,control,478.82,23.94,454.88,186.05,0,champion
O0003495,S0037181,C02797,2025-10-12T09:00:00,organic,desktop,electronics,seo,treatment,122.43,17.75,104.67,27.45,0,new_or_low
O0003496,S0037190,C02799,2025-09-18T14:00:00,organic,mobile,beauty,seo,treatment,231.64,26.64,205.0,63.75,0,steady
O0003497,S0037218,C02802,2025-11-12T10:00:00,organic,mobile,electronics,seo,control,206.48,16.52,189.96,58.49,0,steady
O0003498,S0037247,C02804,2025-12-10T09:00:00,organic,mobile,sports,seo,treatment,399.13,45.9,353.23,115.63,0,steady
O0003499,S0037262,C02805,2025-07-27T08:00:00,organic,mobile,electronics,seo,control,516.39,25.82,490.57,198.04,0,champion
O0003500,S0037264,C02805,2025-08-10T10:00:00,email,mobile,food,crm_lifecycle,control,502.15,25.11,477.04,192.36,0,champion
O0003501,S0037267,C02805,2025-08-20T19:00:00,organic,mobile,food,seo,control,206.99,10.35,196.64,74.59,0,champion
O0003502,S0037273,C02805,2025-10-17T09:00:00,paid_search,mobile,food,always_on_search,control,254.0,12.7,241.3,93.34,0,champion
O0003503,S0037274,C02805,2025-11-14T20:00:00,social,tablet,sports,summer_social,control,220.36,11.02,209.34,82.92,0,champion
O0003504,S0037290,C02806,2025-07-27T19:00:00,paid_search,mobile,home,always_on_search,control,239.84,19.19,220.65,69.23,0,steady
O0003505,S0037293,C02806,2025-10-05T09:00:00,organic,mobile,electronics,seo,control,247.61,19.81,227.8,71.73,0,steady
O0003506,S0037294,C02806,2025-12-13T12:00:00,paid_search,mobile,sports,always_on_search,control,239.81,19.18,220.62,69.22,0,steady
O0003507,S0037313,C02807,2025-09-06T15:00:00,social,tablet,sports,summer_social,treatment,174.68,32.32,142.37,36.29,0,deal_seeker
O0003508,S0037320,C02808,2025-08-22T17:00:00,social,mobile,home,summer_social,control,269.35,40.4,228.95,58.4,0,deal_seeker
O0003509,S0037351,C02811,2025-03-17T19:00:00,organic,mobile,sports,seo,control,331.34,16.57,314.77,124.2,0,champion
O0003510,S0037353,C02811,2025-04-02T13:00:00,affiliate,mobile,electronics,partner_cashback,control,555.55,38.89,516.66,209.0,0,champion
O0003511,S0037365,C02811,2025-10-10T08:00:00,paid_search,mobile,food,always_on_search,control,282.79,14.14,268.65,104.83,0,champion
O0003512,S0037381,C02813,2025-07-06T16:00:00,email,desktop,beauty,crm_lifecycle,treatment,227.29,19.32,207.97,82.35,0,champion
O0003513,S0037403,C02814,2025-07-24T18:00:00,organic,mobile,electronics,seo,control,423.6,21.18,402.42,161.02,0,champion
O0003514,S0037421,C02815,2025-11-14T12:00:00,social,mobile,food,summer_social,control,180.26,14.42,165.84,50.04,0,steady
O0003515,S0037439,C02817,2025-06-07T10:00:00,organic,desktop,beauty,seo,control,507.48,55.82,451.66,135.02,0,new_or_low
O0003516,S0037446,C02817,2025-11-15T09:00:00,social,desktop,home,summer_social,control,104.78,11.53,93.26,23.91,0,new_or_low
O0003517,S0037461,C02819,2025-09-19T16:00:00,paid_search,mobile,sports,always_on_search,control,290.52,23.24,267.28,85.55,0,steady
O0003518,S0037466,C02819,2025-12-09T10:00:00,social,mobile,sports,summer_social,control,443.53,35.48,408.04,134.82,0,steady
O0003519,S0037476,C02820,2025-04-10T16:00:00,email,mobile,food,crm_lifecycle,control,174.26,26.14,148.12,34.95,0,deal_seeker
O0003520,S0037509,C02822,2025-12-22T11:00:00,paid_search,desktop,home,always_on_search,control,295.28,23.62,271.65,90.08,1,steady
O0003521,S0037522,C02824,2025-06-04T09:00:00,paid_search,desktop,home,always_on_search,treatment,352.09,65.14,286.96,78.22,0,deal_seeker
O0003522,S0037529,C02825,2025-03-03T11:00:00,paid_search,desktop,apparel,always_on_search,treatment,193.6,22.26,171.34,54.97,0,steady
O0003523,S0037530,C02825,2025-03-21T19:00:00,email,mobile,beauty,crm_lifecycle,treatment,109.18,12.56,96.63,25.82,1,steady
O0003524,S0037541,C02825,2025-08-26T12:00:00,social,mobile,home,summer_social,treatment,228.98,26.33,202.64,62.93,0,steady
O0003525,S0037563,C02827,2025-12-18T22:00:00,organic,mobile,home,seo,treatment,314.95,36.22,278.73,89.56,1,steady
O0003526,S0037569,C02828,2025-02-17T12:00:00,email,mobile,food,crm_lifecycle,control,192.2,28.83,163.37,39.38,0,deal_seeker
O0003527,S0037581,C02828,2025-05-12T20:00:00,social,mobile,sports,summer_social,control,220.06,33.01,187.05,46.25,0,deal_seeker
O0003528,S0037582,C02828,2025-06-04T20:00:00,direct,mobile,beauty,brand_direct,control,242.61,36.39,206.22,51.8,0,deal_seeker
O0003529,S0037588,C02828,2025-12-01T13:00:00,affiliate,desktop,apparel,partner_cashback,control,302.67,51.45,251.21,67.85,0,deal_seeker
O0003530,S0037600,C02829,2025-09-21T08:00:00,affiliate,mobile,apparel,partner_cashback,control,424.58,42.46,382.12,125.74,0,steady
O0003531,S0037605,C02830,2025-04-04T17:00:00,paid_search,desktop,sports,always_on_search,control,334.98,26.8,308.18,102.86,0,steady
O0003532,S0037616,C02831,2025-08-10T13:00:00,social,mobile,sports,summer_social,treatment,192.86,22.18,170.68,51.74,0,steady
O0003533,S0037662,C02834,2025-03-13T17:00:00,organic,desktop,sports,seo,control,259.38,38.91,220.48,58.94,0,deal_seeker
O0003534,S0037688,C02835,2025-02-18T12:00:00,paid_search,desktop,electronics,always_on_search,treatment,204.16,37.77,166.39,43.25,0,deal_seeker
O0003535,S0037709,C02835,2025-10-01T13:00:00,social,mobile,electronics,summer_social,treatment,148.48,27.47,121.01,27.09,0,deal_seeker
O0003536,S0037724,C02836,2025-06-05T14:00:00,paid_search,mobile,electronics,always_on_search,treatment,185.98,21.39,164.59,49.61,0,steady
O0003537,S0037732,C02836,2025-09-06T21:00:00,paid_search,mobile,home,always_on_search,treatment,138.26,15.9,122.36,34.83,0,steady
O0003538,S0037767,C02838,2025-04-15T17:00:00,email,mobile,electronics,crm_lifecycle,treatment,208.82,24.01,184.8,56.68,0,steady
O0003539,S0037816,C02841,2025-11-17T16:00:00,organic,mobile,sports,seo,control,228.68,34.3,194.38,48.37,1,deal_seeker
O0003540,S0037834,C02842,2025-11-27T18:00:00,paid_search,desktop,apparel,always_on_search,control,215.69,17.26,198.43,64.45,0,steady
O0003541,S0037843,C02844,2025-05-16T09:00:00,email,tablet,sports,crm_lifecycle,treatment,131.18,15.09,116.09,35.63,0,steady
O0003542,S0037846,C02844,2025-06-07T13:00:00,organic,mobile,electronics,seo,treatment,276.28,31.77,244.5,77.58,0,steady
O0003543,S0037848,C02844,2025-06-13T13:00:00,organic,mobile,electronics,seo,treatment,124.5,14.32,110.18,30.56,0,steady
O0003544,S0037868,C02846,2025-03-02T18:00:00,organic,desktop,apparel,seo,treatment,266.49,30.65,235.85,77.55,0,steady
O0003545,S0037881,C02846,2025-12-23T10:00:00,affiliate,tablet,sports,partner_cashback,treatment,176.04,23.77,152.28,48.3,0,steady
O0003546,S0037897,C02849,2025-08-08T20:00:00,paid_search,mobile,electronics,always_on_search,control,241.08,36.16,204.92,51.43,0,deal_seeker
O0003547,S0037898,C02849,2025-08-06T21:00:00,organic,desktop,sports,seo,control,197.93,29.69,168.24,43.79,0,deal_seeker
O0003548,S0037950,C02853,2025-04-24T22:00:00,direct,desktop,electronics,brand_direct,control,173.34,13.87,159.47,50.81,0,steady
O0003549,S0037959,C02853,2025-08-26T11:00:00,email,mobile,electronics,crm_lifecycle,control,211.27,16.9,194.37,60.03,0,steady
O0003550,S0038001,C02855,2025-12-19T13:00:00,organic,mobile,beauty,seo,treatment,342.67,63.39,279.28,72.99,0,deal_seeker
O0003551,S0038006,C02856,2025-12-22T16:00:00,email,mobile,beauty,crm_lifecycle,control,176.59,14.13,162.46,48.86,0,steady
O0003552,S0038028,C02858,2025-04-05T22:00:00,email,desktop,home,crm_lifecycle,treatment,86.84,12.59,74.24,18.02,0,new_or_low
O0003553,S0038043,C02859,2025-11-23T14:00:00,affiliate,desktop,electronics,partner_cashback,control,487.03,34.09,452.94,185.23,0,champion
O0003554,S0038064,C02861,2025-07-15T22:00:00,paid_search,mobile,beauty,always_on_search,control,359.31,17.97,341.35,135.36,0,champion
O0003555,S0038067,C02861,2025-07-14T18:00:00,direct,desktop,sports,brand_direct,control,336.16,16.81,319.35,129.13,0,champion
O0003556,S0038068,C02861,2025-08-18T15:00:00,organic,desktop,electronics,seo,control,363.69,18.18,345.51,140.11,0,champion
O0003557,S0038069,C02861,2025-09-25T08:00:00,email,mobile,beauty,crm_lifecycle,control,245.88,12.29,233.59,90.11,0,champion
O0003558,S0038086,C02862,2025-11-23T09:00:00,affiliate,mobile,food,partner_cashback,treatment,199.18,26.89,172.29,52.3,0,steady
O0003559,S0038100,C02863,2025-12-16T10:00:00,paid_search,tablet,sports,always_on_search,control,166.31,13.3,153.01,48.55,0,steady
O0003560,S0038121,C02866,2025-06-27T15:00:00,email,mobile,electronics,crm_lifecycle,treatment,285.98,32.89,253.09,80.58,0,steady
O0003561,S0038144,C02868,2025-04-06T19:00:00,direct,mobile,food,brand_direct,treatment,230.39,19.58,210.81,80.54,0,champion
O0003562,S0038156,C02868,2025-07-26T08:00:00,social,mobile,food,summer_social,treatment,179.83,15.29,164.55,61.11,0,champion
O0003563,S0038160,C02868,2025-08-18T22:00:00,social,mobile,food,summer_social,treatment,231.21,19.65,211.56,80.86,0,champion
O0003564,S0038168,C02868,2025-12-18T15:00:00,direct,mobile,home,brand_direct,treatment,339.65,28.87,310.78,122.53,0,champion
O0003565,S0038178,C02869,2025-06-04T17:00:00,paid_search,mobile,sports,always_on_search,control,347.75,17.39,330.36,130.75,0,champion
O0003566,S0038184,C02869,2025-09-17T19:00:00,organic,mobile,electronics,seo,control,559.6,27.98,531.62,215.28,0,champion
O0003567,S0038190,C02870,2025-03-08T20:00:00,email,tablet,home,crm_lifecycle,treatment,174.2,20.03,154.17,48.96,0,steady
O0003568,S0038191,C02870,2025-04-03T21:00:00,social,mobile,food,summer_social,treatment,155.34,17.86,137.47,40.12,0,steady
O0003569,S0038194,C02870,2025-05-05T22:00:00,email,mobile,home,crm_lifecycle,treatment,571.34,65.7,505.64,168.97,0,steady
O0003570,S0038197,C02870,2025-09-17T13:00:00,paid_search,mobile,food,always_on_search,treatment,281.87,32.41,249.45,79.31,0,steady
O0003571,S0038217,C02871,2025-10-19T22:00:00,email,mobile,sports,crm_lifecycle,control,483.89,38.71,445.18,147.81,0,steady
O0003572,S0038218,C02871,2025-11-10T19:00:00,email,mobile,sports,crm_lifecycle,control,209.19,16.74,192.45,59.36,0,steady
O0003573,S0038219,C02871,2025-11-26T19:00:00,affiliate,mobile,sports,partner_cashback,control,356.08,35.61,320.47,104.16,0,steady
O0003574,S0038233,C02872,2025-05-27T12:00:00,organic,desktop,apparel,seo,treatment,241.46,27.77,213.69,69.79,0,steady
O0003575,S0038241,C02872,2025-09-09T15:00:00,paid_search,mobile,beauty,always_on_search,treatment,421.31,48.45,372.86,122.5,0,steady
O0003576,S0038249,C02873,2025-10-16T10:00:00,social,mobile,home,summer_social,control,236.92,18.95,217.97,68.29,0,steady
O0003577,S0038283,C02875,2025-08-12T10:00:00,affiliate,mobile,beauty,partner_cashback,control,248.77,24.88,223.89,70.36,0,steady
O0003578,S0038296,C02877,2025-05-09T11:00:00,email,tablet,beauty,crm_lifecycle,control,356.64,28.53,328.11,109.84,0,steady
O0003579,S0038299,C02877,2025-05-08T10:00:00,organic,desktop,food,seo,control,222.9,17.83,205.07,66.77,0,steady
O0003580,S0038301,C02877,2025-07-04T13:00:00,direct,mobile,sports,brand_direct,control,152.14,12.17,139.97,40.99,0,steady
O0003581,S0038307,C02877,2025-11-21T10:00:00,paid_search,desktop,home,always_on_search,control,139.57,11.17,128.4,39.94,1,steady
O0003582,S0038312,C02878,2025-07-20T10:00:00,affiliate,mobile,food,partner_cashback,control,153.24,19.92,133.31,33.33,0,new_or_low
O0003583,S0038323,C02880,2025-10-08T21:00:00,social,mobile,sports,summer_social,treatment,589.81,50.13,539.68,218.66,0,champion
O0003584,S0038328,C02880,2025-11-01T17:00:00,paid_search,desktop,apparel,always_on_search,treatment,464.0,39.44,424.56,173.32,0,champion
O0003585,S0038331,C02880,2025-12-05T20:00:00,paid_search,mobile,apparel,always_on_search,treatment,308.84,26.25,282.59,110.69,0,champion
O0003586,S0038332,C02880,2025-12-22T18:00:00,organic,mobile,apparel,seo,treatment,380.36,32.33,348.03,138.17,0,champion
O0003587,S0038337,C02881,2025-12-01T19:00:00,organic,desktop,beauty,seo,control,153.05,12.24,140.81,44.28,0,steady
O0003588,S0038357,C02882,2025-12-02T20:00:00,social,mobile,sports,summer_social,control,384.97,57.74,327.22,86.89,0,deal_seeker
O0003589,S0038358,C02882,2025-12-20T20:00:00,affiliate,desktop,sports,partner_cashback,control,255.79,43.48,212.31,56.57,0,deal_seeker
O0003590,S0038360,C02883,2025-08-07T21:00:00,organic,mobile,apparel,seo,control,265.48,21.24,244.24,77.48,0,steady
O0003591,S0038373,C02884,2025-11-11T08:00:00,email,mobile,electronics,crm_lifecycle,treatment,156.47,28.95,127.52,28.98,0,deal_seeker
O0003592,S0038377,C02885,2025-06-09T08:00:00,social,desktop,beauty,summer_social,control,235.53,35.33,200.2,53.06,0,deal_seeker
O0003593,S0038398,C02888,2025-05-26T17:00:00,organic,tablet,beauty,seo,control,80.37,8.84,71.53,17.17,0,new_or_low
O0003594,S0038413,C02890,2025-07-08T13:00:00,organic,mobile,sports,seo,control,316.77,25.34,291.43,94.0,0,steady
O0003595,S0038420,C02890,2025-12-17T19:00:00,email,mobile,beauty,crm_lifecycle,control,88.75,7.1,81.65,20.58,0,steady
O0003596,S0038433,C02892,2025-12-06T10:00:00,social,mobile,apparel,summer_social,treatment,272.1,31.29,240.81,76.28,0,steady
O0003597,S0038449,C02895,2025-08-20T08:00:00,organic,desktop,food,seo,treatment,176.94,20.35,156.6,49.81,0,steady
O0003598,S0038469,C02897,2025-01-06T17:00:00,direct,mobile,sports,brand_direct,treatment,384.69,32.7,351.99,139.84,0,champion
O0003599,S0038470,C02897,2025-01-27T16:00:00,paid_search,mobile,electronics,always_on_search,treatment,354.1,30.1,324.0,128.08,0,champion
O0003600,S0038473,C02897,2025-02-26T13:00:00,direct,tablet,electronics,brand_direct,treatment,242.67,20.63,222.05,88.26,0,champion
O0003601,S0038475,C02897,2025-03-23T20:00:00,direct,desktop,sports,brand_direct,treatment,256.76,21.82,234.93,93.67,0,champion
O0003602,S0038476,C02897,2025-03-17T22:00:00,affiliate,mobile,sports,partner_cashback,treatment,585.58,61.49,524.09,212.12,0,champion
O0003603,S0038484,C02897,2025-07-12T20:00:00,organic,mobile,home,seo,treatment,371.63,31.59,340.04,134.82,0,champion
O0003604,S0038490,C02897,2025-12-01T22:00:00,paid_search,mobile,food,always_on_search,treatment,274.78,23.36,251.42,97.6,0,champion
O0003605,S0038494,C02898,2025-09-02T22:00:00,email,mobile,sports,crm_lifecycle,treatment,258.61,47.84,210.77,53.12,0,deal_seeker
O0003606,S0038508,C02899,2025-03-04T10:00:00,direct,mobile,sports,brand_direct,control,166.92,13.35,153.57,45.75,0,steady
O0003607,S0038563,C02904,2025-04-27T22:00:00,organic,mobile,home,seo,treatment,284.3,24.17,260.13,101.26,0,champion
O0003608,S0038565,C02904,2025-04-01T17:00:00,paid_search,mobile,electronics,always_on_search,treatment,264.87,22.51,242.36,93.79,0,champion
O0003609,S0038575,C02904,2025-09-09T17:00:00,email,mobile,home,crm_lifecycle,treatment,400.61,34.05,366.56,145.96,0,champion
O0003610,S0038579,C02904,2025-11-03T22:00:00,organic,mobile,sports,seo,treatment,412.68,35.08,377.6,150.59,0,champion
O0003611,S0038583,C02904,2025-12-03T17:00:00,paid_search,mobile,home,always_on_search,treatment,230.72,19.61,211.11,80.67,0,champion
O0003612,S0038598,C02906,2025-11-04T17:00:00,organic,desktop,home,seo,treatment,359.83,30.59,329.25,133.28,0,champion
O0003613,S0038600,C02906,2025-11-26T16:00:00,paid_search,mobile,home,always_on_search,treatment,402.14,34.18,367.96,146.54,0,champion
O0003614,S0038607,C02907,2025-04-17T19:00:00,paid_search,desktop,home,always_on_search,control,374.39,18.72,355.67,144.38,0,champion
O0003615,S0038616,C02907,2025-08-19T08:00:00,direct,desktop,food,brand_direct,control,544.42,27.22,517.2,212.22,0,champion
O0003616,S0038622,C02907,2025-10-06T08:00:00,affiliate,desktop,beauty,partner_cashback,control,241.5,16.91,224.6,89.33,0,champion
O0003617,S0038628,C02908,2025-02-09T19:00:00,paid_search,mobile,beauty,always_on_search,treatment,370.79,31.52,339.28,134.5,0,champion
O0003618,S0038630,C02908,2025-02-14T22:00:00,social,desktop,beauty,summer_social,treatment,219.97,18.7,201.27,79.53,0,champion
O0003619,S0038632,C02908,2025-03-15T13:00:00,social,mobile,beauty,summer_social,treatment,557.16,47.36,509.8,206.12,0,champion
O0003620,S0038633,C02908,2025-03-19T14:00:00,email,desktop,electronics,crm_lifecycle,treatment,362.48,30.81,331.67,134.3,0,champion
O0003621,S0038641,C02908,2025-04-24T22:00:00,organic,mobile,beauty,seo,treatment,242.52,20.61,221.91,85.2,0,champion
O0003622,S0038646,C02908,2025-07-19T19:00:00,organic,mobile,apparel,seo,treatment,374.44,31.83,342.61,135.9,0,champion
O0003623,S0038649,C02908,2025-08-27T20:00:00,organic,tablet,beauty,seo,treatment,258.43,21.97,236.46,94.32,0,champion
O0003624,S0038679,C02910,2025-05-01T08:00:00,paid_search,mobile,home,always_on_search,treatment,184.13,21.18,162.96,49.04,0,steady
O0003625,S0038682,C02910,2025-07-03T16:00:00,social,desktop,home,summer_social,treatment,319.37,36.73,282.64,93.92,0,steady
O0003626,S0038707,C02911,2025-12-27T12:00:00,organic,mobile,sports,seo,treatment,192.66,22.16,170.51,51.68,0,steady
O0003627,S0038708,C02911,2025-12-07T22:00:00,affiliate,mobile,home,partner_cashback,treatment,183.45,24.77,158.68,47.54,0,steady
O0003628,S0038724,C02913,2025-07-19T21:00:00,email,mobile,home,crm_lifecycle,treatment,164.1,30.36,133.74,30.79,0,deal_seeker
O0003629,S0038741,C02914,2025-07-22T18:00:00,social,mobile,food,summer_social,control,554.76,27.74,527.03,213.35,0,champion
O0003630,S0038743,C02914,2025-08-15T18:00:00,organic,mobile,food,seo,control,495.73,24.79,470.95,189.8,0,champion
O0003631,S0038747,C02914,2025-09-18T17:00:00,organic,desktop,food,seo,control,437.24,21.86,415.38,169.46,0,champion
O0003632,S0038770,C02915,2025-11-15T08:00:00,organic,tablet,home,seo,treatment,89.08,16.48,72.6,16.05,0,deal_seeker
O0003633,S0038781,C02916,2025-11-26T13:00:00,paid_search,mobile,beauty,always_on_search,control,156.16,12.49,143.67,42.28,0,steady
O0003634,S0038830,C02921,2025-06-13T15:00:00,paid_search,desktop,beauty,always_on_search,treatment,223.23,25.67,197.56,64.15,0,steady
O0003635,S0038850,C02923,2025-06-09T18:00:00,social,mobile,electronics,summer_social,treatment,143.54,26.55,116.98,25.93,0,deal_seeker
O0003636,S0038854,C02923,2025-08-03T20:00:00,organic,tablet,sports,seo,treatment,190.49,35.24,155.25,40.02,0,deal_seeker
O0003637,S0038876,C02925,2025-10-12T08:00:00,social,mobile,sports,summer_social,control,445.55,22.28,423.27,169.77,0,champion
O0003638,S0038896,C02927,2025-05-11T22:00:00,social,desktop,food,summer_social,treatment,60.92,8.83,52.09,11.15,0,new_or_low
O0003639,S0038939,C02930,2025-06-10T19:00:00,paid_search,desktop,food,always_on_search,control,159.7,12.78,146.92,46.42,0,steady
O0003640,S0038979,C02934,2025-11-13T12:00:00,paid_search,desktop,sports,always_on_search,control,298.92,23.91,275.0,91.25,0,steady
O0003641,S0038986,C02935,2025-07-01T12:00:00,social,mobile,sports,summer_social,treatment,176.93,20.35,156.58,46.8,0,steady
O0003642,S0038987,C02935,2025-07-08T16:00:00,organic,mobile,apparel,seo,treatment,250.31,28.79,221.53,69.53,0,steady
O0003643,S0038991,C02935,2025-08-24T12:00:00,email,tablet,electronics,crm_lifecycle,treatment,124.83,14.36,110.48,33.67,0,steady
O0003644,S0039014,C02938,2025-06-15T15:00:00,social,desktop,beauty,summer_social,control,224.89,17.99,206.9,67.41,0,steady
O0003645,S0039033,C02940,2025-11-05T21:00:00,organic,mobile,electronics,seo,control,339.49,50.92,288.57,75.68,0,deal_seeker
O0003646,S0039054,C02941,2025-11-14T10:00:00,paid_search,desktop,beauty,always_on_search,treatment,162.44,30.05,132.39,33.39,0,deal_seeker
O0003647,S0039064,C02942,2025-07-05T15:00:00,paid_search,desktop,apparel,always_on_search,control,143.96,15.84,128.13,34.72,0,new_or_low
O0003648,S0039072,C02943,2025-10-18T18:00:00,direct,mobile,electronics,brand_direct,control,118.32,17.75,100.57,21.17,1,deal_seeker
O0003649,S0039082,C02944,2025-12-25T19:00:00,organic,mobile,beauty,seo,control,193.44,15.48,177.97,54.29,0,steady
O0003650,S0039112,C02946,2025-05-13T13:00:00,social,mobile,electronics,summer_social,treatment,393.73,45.28,348.45,113.96,0,steady
O0003651,S0039113,C02946,2025-05-21T12:00:00,organic,mobile,sports,seo,treatment,351.42,40.41,311.01,100.85,0,steady
O0003652,S0039115,C02946,2025-06-21T10:00:00,social,desktop,food,summer_social,treatment,435.7,50.11,385.59,129.96,0,steady
O0003653,S0039124,C02947,2025-02-12T13:00:00,direct,mobile,beauty,brand_direct,treatment,191.18,21.99,169.2,51.22,0,steady
O0003654,S0039129,C02947,2025-03-09T19:00:00,direct,tablet,beauty,brand_direct,treatment,429.6,49.4,380.2,128.07,0,steady
O0003655,S0039143,C02947,2025-11-22T20:00:00,organic,desktop,beauty,seo,treatment,225.87,25.98,199.9,64.96,0,steady
O0003656,S0039155,C02948,2025-06-26T15:00:00,direct,mobile,apparel,brand_direct,control,222.47,17.8,204.68,63.64,0,steady
O0003657,S0039161,C02948,2025-10-03T21:00:00,organic,mobile,food,seo,control,290.34,23.23,267.11,85.49,0,steady
O0003658,S0039181,C02949,2025-05-03T22:00:00,social,mobile,electronics,summer_social,control,195.06,29.26,165.8,40.08,0,deal_seeker
O0003659,S0039192,C02949,2025-10-08T09:00:00,paid_search,mobile,food,always_on_search,control,216.87,32.53,184.34,45.46,0,deal_seeker
O0003660,S0039245,C02954,2025-02-15T09:00:00,organic,mobile,apparel,seo,control,595.5,29.77,565.72,229.6,0,champion
O0003661,S0039247,C02954,2025-02-23T21:00:00,organic,mobile,home,seo,control,355.5,17.78,337.73,133.85,0,champion
O0003662,S0039257,C02954,2025-06-13T17:00:00,social,mobile,apparel,summer_social,control,537.59,26.88,510.71,206.5,0,champion
O0003663,S0039261,C02954,2025-07-17T13:00:00,paid_search,mobile,sports,always_on_search,control,315.22,15.76,299.46,117.77,0,champion
O0003664,S0039262,C02954,2025-08-14T12:00:00,organic,mobile,apparel,seo,control,442.83,22.14,420.69,168.69,0,champion
O0003665,S0039291,C02958,2025-02-26T17:00:00,organic,desktop,beauty,seo,treatment,240.91,27.71,213.21,69.62,0,steady
O0003666,S0039298,C02958,2025-05-04T22:00:00,paid_search,mobile,beauty,always_on_search,treatment,266.16,30.61,235.55,74.44,0,steady
O0003667,S0039302,C02958,2025-06-24T10:00:00,direct,mobile,apparel,brand_direct,treatment,259.7,29.87,229.84,72.44,0,steady
O0003668,S0039305,C02958,2025-08-11T10:00:00,organic,desktop,home,seo,treatment,335.22,38.55,296.67,98.83,0,steady
O0003669,S0039313,C02959,2025-02-01T14:00:00,email,tablet,food,crm_lifecycle,treatment,181.01,20.82,160.19,51.07,0,steady
O0003670,S0039314,C02959,2025-03-17T22:00:00,email,desktop,food,crm_lifecycle,treatment,236.2,27.16,209.03,68.16,0,steady
O0003671,S0039346,C02963,2025-11-22T10:00:00,email,mobile,apparel,crm_lifecycle,treatment,296.66,25.22,271.44,106.0,1,champion
O0003672,S0039347,C02963,2025-11-12T10:00:00,social,desktop,food,summer_social,treatment,295.64,25.13,270.51,108.61,0,champion
O0003673,S0039381,C02965,2025-10-22T09:00:00,paid_search,mobile,apparel,always_on_search,treatment,230.41,42.63,187.78,46.46,0,deal_seeker
O0003674,S0039404,C02967,2025-04-04T20:00:00,social,mobile,apparel,summer_social,control,182.56,27.38,155.18,37.0,0,deal_seeker
O0003675,S0039406,C02967,2025-05-22T22:00:00,email,mobile,apparel,crm_lifecycle,control,244.34,36.65,207.69,52.23,0,deal_seeker
O0003676,S0039439,C02970,2025-04-21T11:00:00,organic,tablet,home,seo,control,312.59,25.01,287.58,95.65,0,steady
O0003677,S0039448,C02970,2025-10-25T12:00:00,paid_search,mobile,electronics,always_on_search,control,411.36,32.91,378.45,124.46,0,steady
O0003678,S0039454,C02971,2025-07-16T11:00:00,social,mobile,electronics,summer_social,treatment,93.46,13.55,79.91,16.77,0,new_or_low
O0003679,S0039459,C02972,2025-03-20T16:00:00,organic,tablet,electronics,seo,treatment,164.77,18.95,145.82,46.04,0,steady
O0003680,S0039465,C02972,2025-06-13T10:00:00,direct,mobile,sports,brand_direct,treatment,211.65,24.34,187.31,57.56,0,steady
O0003681,S0039468,C02972,2025-08-02T13:00:00,direct,tablet,home,brand_direct,treatment,153.07,17.6,135.47,42.41,0,steady
O0003682,S0039491,C02973,2025-11-13T17:00:00,affiliate,tablet,beauty,partner_cashback,control,131.24,13.12,118.12,36.34,0,steady
O0003683,S0039510,C02975,2025-01-12T11:00:00,email,desktop,electronics,crm_lifecycle,control,178.51,26.78,151.73,39.0,0,deal_seeker
O0003684,S0039512,C02975,2025-02-10T16:00:00,social,mobile,home,summer_social,control,271.21,40.68,230.53,58.85,0,deal_seeker
O0003685,S0039515,C02975,2025-03-19T21:00:00,paid_search,desktop,beauty,always_on_search,control,167.11,25.07,142.05,36.19,0,deal_seeker
O0003686,S0039543,C02976,2025-03-22T18:00:00,paid_search,mobile,home,always_on_search,control,186.01,27.9,158.11,37.85,0,deal_seeker
O0003687,S0039553,C02976,2025-08-09T12:00:00,direct,tablet,beauty,brand_direct,control,275.24,41.29,233.96,62.85,0,deal_seeker
O0003688,S0039572,C02977,2025-06-07T21:00:00,paid_search,mobile,electronics,always_on_search,treatment,102.09,18.89,83.2,16.13,0,deal_seeker
O0003689,S0039573,C02977,2025-08-19T12:00:00,direct,desktop,electronics,brand_direct,treatment,106.28,19.66,86.62,20.12,0,deal_seeker
O0003690,S0039585,C02977,2025-12-26T22:00:00,email,desktop,beauty,crm_lifecycle,treatment,264.07,48.85,215.22,57.41,0,deal_seeker
O0003691,S0039597,C02978,2025-12-03T14:00:00,organic,mobile,electronics,seo,treatment,377.69,32.1,345.59,137.15,0,champion
O0003692,S0039625,C02981,2025-08-07T15:00:00,organic,mobile,sports,seo,treatment,188.0,21.62,166.38,50.23,0,steady
O0003693,S0039650,C02983,2025-04-08T22:00:00,social,desktop,apparel,summer_social,control,353.7,28.3,325.4,108.89,0,steady
O0003694,S0039655,C02983,2025-06-06T10:00:00,social,mobile,electronics,summer_social,control,307.36,24.59,282.77,90.97,0,steady
O0003695,S0039726,C02990,2025-10-24T10:00:00,paid_search,mobile,electronics,always_on_search,treatment,422.63,35.92,386.7,154.41,0,champion
O0003696,S0039732,C02990,2025-12-24T17:00:00,email,desktop,apparel,crm_lifecycle,treatment,524.49,44.58,479.91,196.56,0,champion
O0003697,S0039744,C02992,2025-08-10T16:00:00,direct,mobile,electronics,brand_direct,treatment,277.38,23.58,253.8,98.6,0,champion
O0003698,S0039778,C02995,2025-06-16T18:00:00,paid_search,mobile,apparel,always_on_search,control,202.56,30.38,172.17,41.93,0,deal_seeker
O0003699,S0039780,C02995,2025-07-05T20:00:00,organic,mobile,home,seo,control,157.25,23.59,133.67,30.76,0,deal_seeker
O0003700,S0039787,C02995,2025-09-01T22:00:00,paid_search,mobile,apparel,always_on_search,control,157.87,23.68,134.19,30.91,0,deal_seeker
O0003701,S0039803,C02997,2025-02-21T15:00:00,social,mobile,sports,summer_social,treatment,89.93,16.64,73.3,13.26,0,deal_seeker
O0003702,S0039812,C02997,2025-04-01T22:00:00,email,mobile,home,crm_lifecycle,treatment,270.79,50.1,220.69,56.0,0,deal_seeker
O0003703,S0039821,C02997,2025-09-26T15:00:00,paid_search,mobile,home,always_on_search,treatment,149.55,27.67,121.88,27.35,0,deal_seeker
O0003704,S0039847,C02999,2025-09-25T08:00:00,social,mobile,sports,summer_social,control,94.38,7.55,86.83,22.39,0,steady
O0003705,S0039866,C03001,2025-03-08T09:00:00,social,mobile,sports,summer_social,control,433.46,21.67,411.79,164.95,0,champion
O0003706,S0039871,C03001,2025-04-16T14:00:00,email,tablet,food,crm_lifecycle,control,151.4,7.57,143.83,55.41,0,champion
O0003707,S0039874,C03001,2025-06-10T19:00:00,social,mobile,beauty,summer_social,control,420.67,21.03,399.63,159.85,0,champion
O0003708,S0039875,C03001,2025-06-07T21:00:00,affiliate,mobile,sports,partner_cashback,control,294.7,20.63,274.07,107.11,0,champion
O0003709,S0039879,C03001,2025-07-21T09:00:00,email,desktop,sports,crm_lifecycle,control,306.72,15.34,291.38,117.38,0,champion
O0003710,S0039880,C03001,2025-08-24T13:00:00,paid_search,mobile,beauty,always_on_search,control,423.65,21.18,402.46,161.03,0,champion
O0003711,S0039884,C03001,2025-09-18T13:00:00,organic,desktop,sports,seo,control,277.86,13.89,263.97,105.87,0,champion
O0003712,S0039892,C03002,2025-01-23T13:00:00,social,desktop,sports,summer_social,control,335.26,26.82,308.44,102.95,1,steady
O0003713,S0039916,C03003,2025-12-25T19:00:00,affiliate,desktop,home,partner_cashback,treatment,351.2,47.41,303.78,101.32,0,steady
O0003714,S0039920,C03004,2025-12-25T15:00:00,social,mobile,food,summer_social,control,299.0,23.92,275.08,88.28,0,steady
O0003715,S0039933,C03005,2025-05-08T15:00:00,direct,desktop,home,brand_direct,control,197.47,29.62,167.85,43.68,0,deal_seeker
O0003716,S0039945,C03005,2025-11-18T22:00:00,social,mobile,apparel,summer_social,control,143.3,21.5,121.81,27.32,0,deal_seeker
O0003717,S0039961,C03006,2025-03-14T14:00:00,paid_search,mobile,electronics,always_on_search,treatment,296.79,25.23,271.56,106.06,0,champion
O0003718,S0039964,C03006,2025-04-07T12:00:00,social,mobile,sports,summer_social,treatment,310.0,26.35,283.65,111.13,0,champion
O0003719,S0039973,C03006,2025-05-08T19:00:00,organic,mobile,sports,seo,treatment,245.01,20.83,224.18,86.16,0,champion
O0003720,S0039974,C03006,2025-06-16T13:00:00,affiliate,mobile,beauty,partner_cashback,treatment,371.17,38.97,332.2,131.52,0,champion
O0003721,S0039978,C03006,2025-07-01T21:00:00,social,mobile,home,summer_social,treatment,268.68,22.84,245.84,95.25,0,champion
O0003722,S0039982,C03006,2025-10-06T16:00:00,organic,mobile,food,seo,treatment,238.33,20.26,218.07,83.59,0,champion
O0003723,S0039985,C03006,2025-10-13T21:00:00,paid_search,desktop,food,always_on_search,treatment,316.29,26.88,289.4,116.55,0,champion
O0003724,S0039986,C03006,2025-10-19T09:00:00,affiliate,mobile,beauty,partner_cashback,treatment,387.69,40.71,346.98,137.73,0,champion
O0003725,S0039992,C03006,2025-12-12T11:00:00,paid_search,tablet,home,always_on_search,treatment,492.45,41.86,450.59,184.25,0,champion
O0003726,S0040023,C03008,2025-11-21T17:00:00,social,desktop,electronics,summer_social,treatment,260.76,29.99,230.78,75.77,0,steady
O0003727,S0040038,C03009,2025-12-06T22:00:00,paid_search,mobile,electronics,always_on_search,treatment,433.48,36.85,396.63,158.59,0,champion
O0003728,S0040052,C03011,2025-04-10T11:00:00,paid_search,mobile,home,always_on_search,control,174.72,13.98,160.74,48.26,0,steady
O0003729,S0040056,C03011,2025-05-14T15:00:00,email,mobile,electronics,crm_lifecycle,control,333.07,26.65,306.42,99.25,0,steady
O0003730,S0040074,C03012,2025-12-14T17:00:00,social,desktop,sports,summer_social,control,218.39,17.47,200.92,65.32,0,steady
O0003731,S0040080,C03013,2025-06-13T16:00:00,organic,tablet,food,seo,control,432.54,21.63,410.92,167.58,0,champion
O0003732,S0040087,C03013,2025-08-10T08:00:00,organic,desktop,apparel,seo,control,363.86,18.19,345.67,140.18,0,champion
O0003733,S0040089,C03013,2025-09-21T21:00:00,social,mobile,food,summer_social,control,373.55,18.68,354.88,141.05,0,champion
O0003734,S0040095,C03013,2025-12-19T22:00:00,affiliate,mobile,apparel,partner_cashback,control,400.47,28.03,372.44,148.42,0,champion
O0003735,S0040096,C03013,2025-12-19T17:00:00,organic,desktop,apparel,seo,control,424.99,21.25,403.74,164.57,0,champion
O0003736,S0040098,C03014,2025-08-15T17:00:00,organic,desktop,electronics,seo,treatment,263.14,30.26,232.87,76.51,0,steady
O0003737,S0040108,C03015,2025-09-09T13:00:00,organic,mobile,home,seo,treatment,156.06,28.87,127.19,28.88,0,deal_seeker
O0003738,S0040124,C03017,2025-09-23T08:00:00,affiliate,desktop,food,partner_cashback,treatment,384.71,51.94,332.78,111.47,0,steady
O0003739,S0040125,C03017,2025-10-01T13:00:00,email,mobile,food,crm_lifecycle,treatment,188.16,21.64,166.52,50.28,0,steady
O0003740,S0040127,C03017,2025-12-12T17:00:00,affiliate,desktop,food,partner_cashback,treatment,145.58,19.65,125.93,39.08,0,steady
O0003741,S0040134,C03018,2025-09-14T10:00:00,organic,tablet,electronics,seo,treatment,345.21,63.86,281.34,76.59,0,deal_seeker
O0003742,S0040139,C03019,2025-03-08T09:00:00,organic,desktop,home,seo,treatment,214.29,39.64,174.65,45.65,0,deal_seeker
O0003743,S0040150,C03019,2025-09-09T13:00:00,email,mobile,electronics,crm_lifecycle,treatment,111.56,20.64,90.92,18.37,0,deal_seeker
O0003744,S0040160,C03020,2025-07-03T18:00:00,organic,desktop,beauty,seo,control,104.92,15.74,89.18,20.86,0,deal_seeker
O0003745,S0040162,C03020,2025-08-04T21:00:00,organic,desktop,sports,seo,control,113.1,16.96,96.13,22.88,0,deal_seeker
O0003746,S0040174,C03020,2025-12-13T08:00:00,paid_search,mobile,apparel,always_on_search,control,190.2,28.53,161.67,38.88,1,deal_seeker
O0003747,S0040175,C03021,2025-05-18T12:00:00,email,mobile,apparel,crm_lifecycle,control,328.34,26.27,302.08,97.73,0,steady
O0003748,S0040190,C03022,2025-03-20T12:00:00,direct,mobile,beauty,brand_direct,control,193.91,15.51,178.4,54.44,0,steady
O0003749,S0040206,C03022,2025-09-01T08:00:00,email,mobile,home,crm_lifecycle,control,356.29,28.5,327.78,106.72,0,steady
O0003750,S0040208,C03022,2025-10-27T08:00:00,paid_search,mobile,sports,always_on_search,control,217.79,17.42,200.37,62.13,0,steady
O0003751,S0040237,C03025,2025-08-24T10:00:00,social,desktop,sports,summer_social,treatment,260.03,22.1,237.93,94.93,0,champion
O0003752,S0040238,C03025,2025-08-02T10:00:00,paid_search,mobile,apparel,always_on_search,treatment,388.13,32.99,355.14,141.16,1,champion
O0003753,S0040246,C03025,2025-11-02T16:00:00,organic,tablet,sports,seo,treatment,252.06,21.43,230.64,91.87,0,champion
O0003754,S0040266,C03028,2025-07-06T20:00:00,email,mobile,apparel,crm_lifecycle,treatment,64.79,9.39,55.4,9.17,0,new_or_low
O0003755,S0040270,C03028,2025-10-15T20:00:00,paid_search,mobile,apparel,always_on_search,treatment,214.31,31.07,183.23,48.8,0,new_or_low
O0003756,S0040282,C03030,2025-09-22T19:00:00,paid_search,desktop,electronics,always_on_search,treatment,243.12,44.98,198.14,52.46,0,deal_seeker
O0003757,S0040285,C03030,2025-11-14T14:00:00,organic,mobile,electronics,seo,treatment,90.65,16.77,73.88,13.43,0,deal_seeker
O0003758,S0040312,C03034,2025-06-07T20:00:00,paid_search,mobile,apparel,always_on_search,treatment,517.76,44.01,473.75,190.98,0,champion
O0003759,S0040313,C03034,2025-06-01T22:00:00,affiliate,mobile,food,partner_cashback,treatment,280.04,29.4,250.63,97.27,0,champion
O0003760,S0040318,C03034,2025-08-04T10:00:00,paid_search,tablet,sports,always_on_search,treatment,470.41,39.99,430.43,175.78,0,champion
O0003761,S0040320,C03034,2025-08-12T11:00:00,affiliate,desktop,food,partner_cashback,treatment,285.74,30.0,255.73,102.41,0,champion
O0003762,S0040325,C03034,2025-10-20T19:00:00,organic,mobile,food,seo,treatment,453.7,38.56,415.14,166.36,0,champion
O0003763,S0040326,C03034,2025-10-26T20:00:00,email,desktop,beauty,crm_lifecycle,treatment,249.93,21.24,228.69,91.05,0,champion
O0003764,S0040327,C03034,2025-10-11T20:00:00,affiliate,desktop,food,partner_cashback,treatment,400.23,42.02,358.21,145.45,0,champion
O0003765,S0040330,C03034,2025-11-01T15:00:00,email,mobile,food,crm_lifecycle,treatment,456.31,38.79,417.52,167.36,0,champion
O0003766,S0040342,C03036,2025-11-25T19:00:00,social,mobile,food,summer_social,control,186.97,28.05,158.92,38.09,0,deal_seeker
O0003767,S0040345,C03036,2025-12-03T09:00:00,social,mobile,home,summer_social,control,95.31,14.3,81.01,15.49,0,deal_seeker
O0003768,S0040351,C03038,2025-10-19T08:00:00,email,mobile,sports,crm_lifecycle,control,368.18,18.41,349.78,138.91,0,champion
O0003769,S0040352,C03038,2025-10-07T21:00:00,organic,mobile,apparel,seo,control,360.4,18.02,342.38,135.8,0,champion
O0003770,S0040383,C03040,2025-06-22T16:00:00,email,mobile,electronics,crm_lifecycle,control,109.59,16.44,93.15,19.01,0,deal_seeker
O0003771,S0040389,C03040,2025-08-12T21:00:00,email,tablet,food,crm_lifecycle,control,225.93,33.89,192.04,50.69,0,deal_seeker
O0003772,S0040390,C03040,2025-08-26T12:00:00,paid_search,mobile,electronics,always_on_search,control,301.43,45.21,256.21,66.3,0,deal_seeker
O0003773,S0040416,C03041,2025-12-21T11:00:00,paid_search,mobile,food,always_on_search,control,298.87,44.83,254.04,65.67,0,deal_seeker
O0003774,S0040419,C03042,2025-10-22T20:00:00,paid_search,mobile,beauty,always_on_search,treatment,284.5,41.25,243.25,67.41,0,new_or_low
O0003775,S0040458,C03046,2025-10-01T17:00:00,affiliate,mobile,sports,partner_cashback,treatment,439.57,59.34,380.23,125.08,0,steady
O0003776,S0040478,C03047,2025-12-09T18:00:00,organic,mobile,home,seo,treatment,241.74,27.8,213.94,66.88,0,steady
O0003777,S0040480,C03048,2025-03-09T19:00:00,direct,mobile,home,brand_direct,treatment,324.14,27.55,296.59,116.57,0,champion
O0003778,S0040486,C03048,2025-04-07T10:00:00,organic,desktop,food,seo,treatment,195.54,16.62,178.92,70.15,0,champion
O0003779,S0040490,C03048,2025-05-18T12:00:00,social,mobile,beauty,summer_social,treatment,515.73,43.84,471.89,190.19,0,champion
O0003780,S0040496,C03048,2025-09-15T20:00:00,paid_search,desktop,apparel,always_on_search,treatment,211.49,17.98,193.52,76.28,0,champion
O0003781,S0040497,C03048,2025-09-21T18:00:00,social,desktop,electronics,summer_social,treatment,159.86,13.59,146.27,56.43,0,champion
O0003782,S0040506,C03049,2025-12-01T15:00:00,organic,mobile,beauty,seo,control,222.99,33.45,189.54,46.97,0,deal_seeker
O0003783,S0040519,C03051,2025-10-25T12:00:00,organic,mobile,beauty,seo,control,328.43,16.42,312.01,123.04,0,champion
O0003784,S0040537,C03054,2025-09-23T17:00:00,paid_search,mobile,beauty,always_on_search,control,124.45,13.69,110.76,26.34,0,new_or_low
O0003785,S0040544,C03055,2025-09-03T22:00:00,email,mobile,apparel,crm_lifecycle,treatment,326.68,60.44,266.25,69.21,0,deal_seeker
O0003786,S0040546,C03055,2025-11-09T15:00:00,direct,mobile,food,brand_direct,treatment,157.37,29.11,128.26,29.19,0,deal_seeker
O0003787,S0040590,C03058,2025-09-22T19:00:00,affiliate,mobile,home,partner_cashback,control,162.55,27.63,134.92,31.13,0,deal_seeker
O0003788,S0040593,C03058,2025-12-06T20:00:00,direct,desktop,apparel,brand_direct,control,197.75,29.66,168.08,43.74,0,deal_seeker
O0003789,S0040597,C03059,2025-08-25T09:00:00,paid_search,mobile,food,always_on_search,treatment,352.42,40.53,311.89,101.16,0,steady
O0003790,S0040612,C03061,2025-12-06T15:00:00,paid_search,mobile,electronics,always_on_search,treatment,89.52,12.98,76.54,15.73,0,new_or_low
O0003791,S0040643,C03065,2025-05-05T15:00:00,social,desktop,apparel,summer_social,control,158.56,12.68,145.88,46.06,0,steady
O0003792,S0040644,C03065,2025-05-06T10:00:00,paid_search,mobile,apparel,always_on_search,control,193.63,15.49,178.14,54.35,0,steady
O0003793,S0040656,C03065,2025-12-20T18:00:00,paid_search,mobile,apparel,always_on_search,control,174.64,13.97,160.66,48.23,0,steady
O0003794,S0040720,C03071,2025-08-16T14:00:00,social,mobile,beauty,summer_social,control,699.01,34.95,664.06,270.91,0,champion
O0003795,S0040723,C03071,2025-09-15T19:00:00,email,mobile,beauty,crm_lifecycle,control,242.61,12.13,230.48,88.8,0,champion
O0003796,S0040724,C03071,2025-09-07T12:00:00,direct,tablet,electronics,brand_direct,control,288.5,14.42,274.07,110.11,0,champion
O0003797,S0040744,C03072,2025-08-10T17:00:00,affiliate,mobile,apparel,partner_cashback,control,225.59,22.56,203.03,63.06,0,steady
O0003798,S0040758,C03074,2025-01-25T22:00:00,organic,tablet,beauty,seo,treatment,461.7,39.24,422.46,172.43,0,champion
O0003799,S0040769,C03074,2025-05-03T08:00:00,paid_search,mobile,home,always_on_search,treatment,293.94,24.99,268.96,104.96,0,champion
O0003800,S0040775,C03074,2025-06-06T15:00:00,paid_search,mobile,home,always_on_search,treatment,279.63,23.77,255.86,99.46,0,champion
O0003801,S0040781,C03074,2025-08-04T17:00:00,social,desktop,home,summer_social,treatment,296.11,25.17,270.94,108.79,0,champion
O0003802,S0040782,C03074,2025-09-24T09:00:00,organic,desktop,electronics,seo,treatment,413.53,35.15,378.38,153.92,0,champion
O0003803,S0040804,C03076,2025-05-15T09:00:00,paid_search,desktop,sports,always_on_search,treatment,240.9,27.7,213.2,69.62,0,steady
O0003804,S0040809,C03076,2025-10-03T22:00:00,social,mobile,food,summer_social,treatment,77.53,8.92,68.61,16.01,1,steady
O0003805,S0040823,C03077,2025-06-23T14:00:00,paid_search,mobile,beauty,always_on_search,treatment,249.9,28.74,221.16,69.41,0,steady
O0003806,S0040837,C03078,2025-08-08T08:00:00,affiliate,mobile,electronics,partner_cashback,treatment,448.74,47.12,401.63,160.68,0,champion
O0003807,S0040838,C03078,2025-08-21T16:00:00,paid_search,desktop,electronics,always_on_search,treatment,484.83,41.21,443.62,181.32,0,champion
O0003808,S0040852,C03078,2025-12-05T16:00:00,email,mobile,electronics,crm_lifecycle,treatment,427.93,36.37,391.56,156.45,0,champion
O0003809,S0040869,C03080,2025-03-06T16:00:00,email,mobile,electronics,crm_lifecycle,control,167.05,8.35,158.7,58.65,0,champion
O0003810,S0040870,C03080,2025-03-16T09:00:00,affiliate,mobile,electronics,partner_cashback,control,276.85,19.38,257.47,100.14,0,champion
O0003811,S0040878,C03080,2025-06-13T14:00:00,social,mobile,electronics,summer_social,control,285.32,14.27,271.05,105.84,0,champion
O0003812,S0040890,C03080,2025-09-11T15:00:00,email,mobile,apparel,crm_lifecycle,control,223.92,11.2,212.73,81.35,0,champion
O0003813,S0040897,C03081,2025-01-07T19:00:00,email,mobile,home,crm_lifecycle,control,399.03,19.95,379.07,151.21,0,champion
O0003814,S0040915,C03081,2025-05-23T15:00:00,organic,desktop,food,seo,control,422.6,21.13,401.47,163.62,0,champion
O0003815,S0040918,C03081,2025-07-19T10:00:00,affiliate,mobile,beauty,partner_cashback,control,266.06,18.62,247.44,95.92,0,champion
O0003816,S0040924,C03081,2025-08-04T08:00:00,organic,mobile,food,seo,control,538.4,26.92,511.48,206.82,0,champion
O0003817,S0040926,C03081,2025-09-20T16:00:00,paid_search,mobile,food,always_on_search,control,343.38,17.17,326.21,129.01,0,champion
O0003818,S0040957,C03083,2025-11-09T12:00:00,social,mobile,home,summer_social,treatment,222.64,32.28,190.36,51.01,0,new_or_low
O0003819,S0040964,C03084,2025-08-22T14:00:00,affiliate,desktop,beauty,partner_cashback,control,255.7,25.57,230.13,75.55,0,steady
O0003820,S0040973,C03085,2025-04-24T17:00:00,organic,mobile,electronics,seo,treatment,160.36,29.67,130.69,29.9,0,deal_seeker
O0003821,S0040985,C03085,2025-06-09T15:00:00,social,desktop,apparel,summer_social,treatment,224.57,41.55,183.02,48.08,0,deal_seeker
O0003822,S0040990,C03085,2025-08-02T20:00:00,affiliate,mobile,beauty,partner_cashback,treatment,396.94,81.37,315.56,83.51,0,deal_seeker
O0003823,S0041015,C03089,2025-08-16T20:00:00,organic,mobile,electronics,seo,treatment,237.15,27.27,209.88,65.46,0,steady
O0003824,S0041016,C03089,2025-08-27T09:00:00,email,desktop,apparel,crm_lifecycle,treatment,260.62,29.97,230.65,75.73,1,steady
O0003825,S0041050,C03092,2025-09-21T15:00:00,email,mobile,sports,crm_lifecycle,control,99.95,14.99,84.96,16.64,0,deal_seeker
O0003826,S0041053,C03092,2025-11-15T17:00:00,affiliate,mobile,apparel,partner_cashback,control,387.97,65.96,322.02,85.39,0,deal_seeker
O0003827,S0041071,C03094,2025-04-11T14:00:00,social,mobile,apparel,summer_social,treatment,290.34,24.68,265.67,103.58,0,champion
O0003828,S0041079,C03094,2025-07-12T16:00:00,paid_search,mobile,electronics,always_on_search,treatment,265.68,22.58,243.1,94.1,0,champion
O0003829,S0041080,C03094,2025-07-22T11:00:00,affiliate,mobile,electronics,partner_cashback,treatment,274.85,28.86,245.99,95.31,0,champion
O0003830,S0041101,C03095,2025-05-26T13:00:00,social,mobile,electronics,summer_social,treatment,140.24,25.94,114.3,25.15,0,deal_seeker
O0003831,S0041107,C03095,2025-10-01T13:00:00,affiliate,mobile,beauty,partner_cashback,treatment,306.34,62.8,243.54,62.63,0,deal_seeker
O0003832,S0041125,C03097,2025-05-26T22:00:00,email,mobile,food,crm_lifecycle,control,221.44,17.72,203.73,63.31,0,steady
O0003833,S0041127,C03097,2025-05-02T19:00:00,organic,mobile,apparel,seo,control,217.96,17.44,200.52,62.18,0,steady
O0003834,S0041133,C03097,2025-09-04T21:00:00,paid_search,mobile,home,always_on_search,control,201.71,16.14,185.58,56.95,0,steady
O0003835,S0041140,C03098,2025-02-23T14:00:00,email,mobile,beauty,crm_lifecycle,treatment,269.06,30.94,238.12,75.34,0,steady
O0003836,S0041162,C03099,2025-08-15T09:00:00,organic,desktop,beauty,seo,treatment,278.58,23.68,254.9,102.06,0,champion
O0003837,S0041166,C03099,2025-09-02T12:00:00,organic,mobile,beauty,seo,treatment,313.04,26.61,286.43,112.3,0,champion
O0003838,S0041168,C03099,2025-09-27T08:00:00,email,mobile,electronics,crm_lifecycle,treatment,327.43,27.83,299.6,117.83,0,champion
O0003839,S0041169,C03099,2025-10-21T08:00:00,direct,tablet,beauty,brand_direct,treatment,230.19,19.57,210.63,83.46,0,champion
O0003840,S0041186,C03100,2025-07-10T22:00:00,social,desktop,electronics,summer_social,control,148.96,11.92,137.05,42.97,0,steady
O0003841,S0041196,C03101,2025-03-16T19:00:00,paid_search,mobile,electronics,always_on_search,treatment,296.76,54.9,241.86,62.14,0,deal_seeker
O0003842,S0041206,C03101,2025-08-06T09:00:00,affiliate,desktop,sports,partner_cashback,treatment,464.81,95.29,369.53,102.16,0,deal_seeker
O0003843,S0041207,C03101,2025-08-27T08:00:00,email,mobile,apparel,crm_lifecycle,treatment,247.23,45.74,201.49,50.43,0,deal_seeker
O0003844,S0041208,C03101,2025-08-06T13:00:00,organic,mobile,electronics,seo,treatment,244.98,45.32,199.66,49.9,0,deal_seeker
O0003845,S0041212,C03101,2025-12-23T15:00:00,email,mobile,food,crm_lifecycle,treatment,107.35,19.86,87.49,17.37,0,deal_seeker
O0003846,S0041230,C03104,2025-09-18T22:00:00,paid_search,mobile,sports,always_on_search,control,191.7,15.34,176.36,53.73,0,steady
O0003847,S0041232,C03104,2025-10-20T09:00:00,email,mobile,sports,crm_lifecycle,control,168.14,13.45,154.69,46.14,0,steady
O0003848,S0041240,C03105,2025-06-15T19:00:00,direct,desktop,beauty,brand_direct,treatment,106.39,15.43,90.96,23.2,0,new_or_low
O0003849,S0041254,C03106,2025-07-14T18:00:00,social,tablet,home,summer_social,treatment,196.21,22.56,173.65,55.78,0,steady
O0003850,S0041255,C03106,2025-08-02T21:00:00,direct,desktop,home,brand_direct,treatment,159.38,18.33,141.05,44.37,0,steady
O0003851,S0041260,C03106,2025-11-01T17:00:00,paid_search,desktop,food,always_on_search,treatment,240.64,27.67,212.96,69.54,0,steady
O0003852,S0041262,C03106,2025-11-18T14:00:00,organic,mobile,electronics,seo,treatment,164.56,18.92,145.63,42.97,0,steady
O0003853,S0041265,C03106,2025-12-19T22:00:00,affiliate,desktop,apparel,partner_cashback,treatment,114.12,15.41,98.72,29.55,0,steady
O0003854,S0041294,C03108,2025-06-15T13:00:00,paid_search,mobile,apparel,always_on_search,control,209.71,16.78,192.93,59.53,0,steady
O0003855,S0041306,C03108,2025-11-22T11:00:00,organic,desktop,beauty,seo,control,222.97,17.84,205.14,66.8,0,steady
O0003856,S0041308,C03108,2025-11-05T17:00:00,paid_search,mobile,beauty,always_on_search,control,370.18,29.61,340.57,111.2,0,steady
O0003857,S0041323,C03110,2025-05-01T15:00:00,paid_search,tablet,beauty,always_on_search,control,271.33,21.71,249.62,82.37,0,steady
O0003858,S0041332,C03110,2025-11-19T17:00:00,affiliate,mobile,beauty,partner_cashback,control,277.3,27.73,249.57,79.35,0,steady
O0003859,S0041339,C03112,2025-12-14T16:00:00,paid_search,desktop,home,always_on_search,treatment,166.15,30.74,135.41,34.27,0,deal_seeker
O0003860,S0041411,C03119,2025-05-27T16:00:00,direct,desktop,beauty,brand_direct,control,277.75,30.55,247.2,71.63,0,new_or_low
O0003861,S0041424,C03121,2025-04-24T13:00:00,paid_search,mobile,apparel,always_on_search,control,288.42,23.07,265.35,84.87,0,steady
O0003862,S0041427,C03121,2025-05-18T14:00:00,social,desktop,apparel,summer_social,control,193.21,15.46,177.75,57.21,1,steady
O0003863,S0041430,C03121,2025-07-11T18:00:00,social,mobile,beauty,summer_social,control,153.5,12.28,141.22,41.43,0,steady
O0003864,S0041442,C03122,2025-10-17T19:00:00,organic,mobile,home,seo,control,120.16,18.02,102.13,21.62,0,deal_seeker
O0003865,S0041450,C03123,2025-06-22T21:00:00,organic,desktop,sports,seo,control,194.74,29.21,165.53,43.0,0,deal_seeker
O0003866,S0041452,C03123,2025-06-11T17:00:00,social,desktop,sports,summer_social,control,148.77,22.32,126.46,31.67,0,deal_seeker
O0003867,S0041470,C03123,2025-11-13T10:00:00,paid_search,mobile,food,always_on_search,control,139.68,20.95,118.73,26.43,0,deal_seeker
O0003868,S0041473,C03124,2025-01-18T17:00:00,paid_search,desktop,beauty,always_on_search,treatment,465.37,39.56,425.81,173.84,0,champion
O0003869,S0041480,C03124,2025-03-22T17:00:00,social,tablet,food,summer_social,treatment,472.71,40.18,432.53,176.66,0,champion
O0003870,S0041482,C03124,2025-04-06T14:00:00,email,mobile,beauty,crm_lifecycle,treatment,390.34,33.18,357.16,142.01,0,champion
O0003871,S0041485,C03124,2025-04-03T19:00:00,social,tablet,sports,summer_social,treatment,522.96,44.45,478.51,195.97,0,champion
O0003872,S0041496,C03124,2025-06-17T15:00:00,email,mobile,beauty,crm_lifecycle,treatment,391.29,33.26,358.03,142.37,0,champion
O0003873,S0041504,C03124,2025-09-08T14:00:00,social,mobile,electronics,summer_social,treatment,365.45,31.06,334.38,132.44,0,champion
O0003874,S0041508,C03124,2025-11-14T14:00:00,direct,mobile,beauty,brand_direct,treatment,286.06,24.32,261.75,101.93,0,champion
O0003875,S0041519,C03126,2025-07-13T22:00:00,affiliate,mobile,home,partner_cashback,treatment,183.72,24.8,158.92,47.62,0,steady
O0003876,S0041532,C03127,2025-05-24T18:00:00,paid_search,mobile,sports,always_on_search,treatment,113.69,13.07,100.62,27.22,0,steady
O0003877,S0041541,C03127,2025-12-19T13:00:00,paid_search,tablet,beauty,always_on_search,treatment,166.02,19.09,146.93,46.42,0,steady
O0003878,S0041552,C03128,2025-10-01T13:00:00,organic,mobile,food,seo,treatment,105.01,19.43,85.59,16.82,0,deal_seeker
O0003879,S0041588,C03131,2025-12-02T17:00:00,organic,mobile,sports,seo,treatment,196.99,36.44,160.54,38.56,0,deal_seeker
O0003880,S0041607,C03132,2025-09-05T16:00:00,direct,mobile,electronics,brand_direct,treatment,230.05,26.46,203.6,63.26,0,steady
O0003881,S0041615,C03132,2025-12-16T17:00:00,social,mobile,sports,summer_social,treatment,241.96,27.83,214.13,66.95,0,steady
O0003882,S0041621,C03133,2025-11-27T12:00:00,social,mobile,beauty,summer_social,control,133.75,14.71,119.03,28.9,1,new_or_low
O0003883,S0041636,C03135,2025-06-07T10:00:00,email,desktop,apparel,crm_lifecycle,control,217.73,17.42,200.31,65.11,0,steady
O0003884,S0041646,C03135,2025-09-12T17:00:00,email,mobile,beauty,crm_lifecycle,control,284.43,22.75,261.68,83.59,0,steady
O0003885,S0041663,C03137,2025-08-22T08:00:00,organic,desktop,sports,seo,treatment,199.1,22.9,176.2,56.67,0,steady
O0003886,S0041664,C03137,2025-08-26T15:00:00,email,tablet,beauty,crm_lifecycle,treatment,204.53,23.52,181.01,58.35,1,steady
O0003887,S0041676,C03138,2025-10-16T22:00:00,email,desktop,food,crm_lifecycle,treatment,598.7,50.89,547.81,225.08,0,champion
O0003888,S0041680,C03138,2025-12-04T15:00:00,email,tablet,home,crm_lifecycle,treatment,244.55,20.79,223.76,88.98,0,champion
O0003889,S0041723,C03142,2025-07-20T12:00:00,email,desktop,electronics,crm_lifecycle,control,131.09,10.49,120.61,37.21,0,steady
O0003890,S0041755,C03145,2025-10-20T15:00:00,email,mobile,home,crm_lifecycle,treatment,111.66,20.66,91.01,18.39,0,deal_seeker
O0003891,S0041758,C03145,2025-12-11T15:00:00,social,mobile,electronics,summer_social,treatment,217.86,40.3,177.55,43.49,0,deal_seeker
O0003892,S0041781,C03147,2025-12-07T19:00:00,affiliate,desktop,sports,partner_cashback,treatment,171.13,23.1,148.03,46.81,0,steady
O0003893,S0041791,C03148,2025-11-22T11:00:00,direct,mobile,apparel,brand_direct,treatment,144.2,26.68,117.52,26.08,0,deal_seeker
O0003894,S0041797,C03149,2025-08-08T13:00:00,organic,mobile,home,seo,treatment,688.15,79.14,609.02,205.16,0,steady
O0003895,S0041799,C03149,2025-09-12T18:00:00,affiliate,tablet,beauty,partner_cashback,treatment,292.18,39.44,252.73,83.46,0,steady
O0003896,S0041802,C03149,2025-10-27T21:00:00,email,desktop,home,crm_lifecycle,treatment,157.83,18.15,139.68,43.89,0,steady
O0003897,S0041804,C03149,2025-10-14T17:00:00,affiliate,mobile,home,partner_cashback,treatment,253.05,34.16,218.89,68.61,0,steady
O0003898,S0041805,C03149,2025-11-18T12:00:00,email,desktop,electronics,crm_lifecycle,treatment,176.37,20.28,156.09,49.63,0,steady
O0003899,S0041848,C03154,2025-08-19T22:00:00,social,mobile,food,summer_social,treatment,374.63,31.84,342.78,135.97,0,champion
O0003900,S0041853,C03154,2025-11-10T09:00:00,organic,mobile,apparel,seo,treatment,350.5,29.79,320.71,126.7,0,champion
O0003901,S0041860,C03155,2025-06-06T12:00:00,email,mobile,electronics,crm_lifecycle,control,207.52,31.13,176.4,43.15,0,deal_seeker
O0003902,S0041904,C03157,2025-12-19T16:00:00,paid_search,mobile,sports,always_on_search,treatment,265.2,49.06,216.14,54.68,0,deal_seeker
O0003903,S0041908,C03158,2025-05-10T10:00:00,paid_search,desktop,home,always_on_search,treatment,346.48,64.1,282.38,76.89,0,deal_seeker
O0003904,S0041918,C03158,2025-10-11T18:00:00,affiliate,mobile,apparel,partner_cashback,treatment,133.09,27.28,105.81,22.68,0,deal_seeker
O0003905,S0041925,C03159,2025-12-18T08:00:00,direct,mobile,food,brand_direct,control,252.08,20.17,231.91,73.17,0,steady
O0003906,S0041930,C03160,2025-11-12T12:00:00,email,tablet,food,crm_lifecycle,treatment,225.31,32.67,192.64,54.72,0,new_or_low
O0003907,S0041946,C03163,2025-06-15T19:00:00,social,desktop,home,summer_social,control,281.35,22.51,258.84,85.59,0,steady
O0003908,S0041949,C03163,2025-06-22T22:00:00,paid_search,desktop,beauty,always_on_search,control,470.22,37.62,432.6,146.41,0,steady
O0003909,S0041960,C03164,2025-08-14T10:00:00,paid_search,mobile,home,always_on_search,treatment,501.36,92.75,408.61,110.5,0,deal_seeker
O0003910,S0041986,C03165,2025-11-15T14:00:00,email,desktop,food,crm_lifecycle,control,675.83,33.79,642.03,264.65,0,champion
O0003911,S0041987,C03165,2025-12-05T10:00:00,email,mobile,home,crm_lifecycle,control,389.32,19.47,369.85,147.34,0,champion
O0003912,S0041998,C03167,2025-03-09T19:00:00,affiliate,mobile,food,partner_cashback,treatment,78.21,16.03,62.18,10.03,0,deal_seeker
O0003913,S0042001,C03167,2025-03-19T18:00:00,paid_search,mobile,home,always_on_search,treatment,85.92,15.9,70.03,12.31,0,deal_seeker
O0003914,S0042019,C03168,2025-06-07T18:00:00,affiliate,mobile,beauty,partner_cashback,control,248.5,24.85,223.65,70.28,1,steady
O0003915,S0042041,C03170,2025-10-21T19:00:00,paid_search,mobile,home,always_on_search,control,121.65,18.25,103.4,21.99,0,deal_seeker
O0003916,S0042043,C03170,2025-11-01T21:00:00,affiliate,desktop,home,partner_cashback,control,225.32,38.31,187.02,49.24,0,deal_seeker
O0003917,S0042052,C03171,2025-08-03T12:00:00,affiliate,desktop,beauty,partner_cashback,control,224.07,22.41,201.67,65.58,0,steady
O0003918,S0042072,C03172,2025-09-03T14:00:00,affiliate,mobile,food,partner_cashback,treatment,184.63,24.92,159.7,47.9,0,steady
O0003919,S0042076,C03173,2025-02-16T16:00:00,email,desktop,apparel,crm_lifecycle,control,250.97,37.65,213.33,56.86,0,deal_seeker
O0003920,S0042078,C03173,2025-02-26T19:00:00,organic,mobile,food,seo,control,306.31,45.95,260.36,67.51,0,deal_seeker
O0003921,S0042081,C03173,2025-04-14T09:00:00,social,desktop,beauty,summer_social,control,182.26,27.34,154.92,39.93,0,deal_seeker
O0003922,S0042084,C03173,2025-06-23T08:00:00,affiliate,mobile,food,partner_cashback,control,227.99,38.76,189.23,46.88,0,deal_seeker
O0003923,S0042090,C03173,2025-10-11T21:00:00,email,desktop,beauty,crm_lifecycle,control,151.57,22.74,128.84,32.36,0,deal_seeker
O0003924,S0042110,C03175,2025-05-12T17:00:00,direct,mobile,food,brand_direct,treatment,190.32,21.89,168.43,50.95,0,steady
O0003925,S0042112,C03175,2025-06-23T08:00:00,social,mobile,electronics,summer_social,treatment,228.7,26.3,202.4,62.84,0,steady
O0003926,S0042130,C03177,2025-09-17T20:00:00,paid_search,tablet,food,always_on_search,treatment,347.35,64.26,283.09,77.1,0,deal_seeker
O0003927,S0042131,C03177,2025-09-08T19:00:00,affiliate,mobile,electronics,partner_cashback,treatment,299.0,61.29,237.7,60.93,1,deal_seeker
O0003928,S0042142,C03178,2025-09-15T20:00:00,social,mobile,sports,summer_social,control,165.96,13.28,152.69,45.44,0,steady
O0003929,S0042143,C03178,2025-11-22T20:00:00,email,mobile,electronics,crm_lifecycle,control,221.3,17.7,203.59,63.26,0,steady
O0003930,S0042188,C03181,2025-05-15T12:00:00,direct,mobile,home,brand_direct,treatment,369.36,68.33,301.03,79.3,0,deal_seeker
O0003931,S0042193,C03181,2025-07-03T16:00:00,direct,mobile,sports,brand_direct,treatment,252.92,46.79,206.13,51.78,0,deal_seeker
O0003932,S0042200,C03181,2025-11-26T14:00:00,affiliate,desktop,food,partner_cashback,treatment,374.49,76.77,297.72,81.34,0,deal_seeker
O0003933,S0042201,C03181,2025-12-25T08:00:00,affiliate,mobile,home,partner_cashback,treatment,106.73,21.88,84.85,16.61,0,deal_seeker
O0003934,S0042216,C03183,2025-02-12T21:00:00,direct,mobile,beauty,brand_direct,treatment,397.29,33.77,363.52,144.68,0,champion
O0003935,S0042220,C03183,2025-03-21T22:00:00,social,mobile,home,summer_social,treatment,412.95,35.1,377.85,150.7,0,champion
O0003936,S0042232,C03183,2025-07-23T19:00:00,paid_search,mobile,beauty,always_on_search,treatment,330.03,28.05,301.98,118.83,0,champion
O0003937,S0042233,C03183,2025-07-05T19:00:00,paid_search,desktop,sports,always_on_search,treatment,515.59,43.83,471.77,193.14,0,champion
O0003938,S0042236,C03183,2025-07-24T16:00:00,paid_search,mobile,food,always_on_search,treatment,275.58,23.42,252.16,97.91,0,champion
O0003939,S0042237,C03183,2025-08-14T15:00:00,email,tablet,electronics,crm_lifecycle,treatment,792.37,67.35,725.02,299.51,0,champion
O0003940,S0042238,C03183,2025-08-19T16:00:00,organic,desktop,sports,seo,treatment,334.24,28.41,305.83,123.45,0,champion
O0003941,S0042241,C03183,2025-09-07T11:00:00,email,mobile,sports,crm_lifecycle,treatment,342.14,29.08,313.06,123.49,0,champion
O0003942,S0042264,C03184,2025-11-02T09:00:00,paid_search,desktop,beauty,always_on_search,control,241.32,19.31,222.01,72.7,0,steady
O0003943,S0042319,C03193,2025-06-08T08:00:00,social,desktop,home,summer_social,control,321.45,16.07,305.38,123.26,0,champion
O0003944,S0042322,C03193,2025-07-10T21:00:00,paid_search,mobile,apparel,always_on_search,control,302.5,15.13,287.38,112.7,0,champion
O0003945,S0042336,C03193,2025-12-21T14:00:00,organic,mobile,apparel,seo,control,253.61,12.68,240.93,93.19,0,champion
O0003946,S0042375,C03197,2025-05-15T10:00:00,organic,mobile,food,seo,treatment,173.4,32.08,141.32,32.98,0,deal_seeker
O0003947,S0042420,C03200,2025-11-16T12:00:00,paid_search,mobile,food,always_on_search,control,273.06,13.65,259.41,100.95,0,champion
O0003948,S0042421,C03200,2025-12-26T09:00:00,social,mobile,home,summer_social,control,310.98,15.55,295.43,116.08,0,champion
O0003949,S0042438,C03201,2025-05-03T10:00:00,email,mobile,apparel,crm_lifecycle,control,342.18,17.11,325.07,128.53,0,champion
O0003950,S0042439,C03201,2025-06-03T19:00:00,organic,mobile,home,seo,control,457.01,22.85,434.16,174.35,0,champion
O0003951,S0042479,C03204,2025-05-22T20:00:00,paid_search,mobile,electronics,always_on_search,treatment,374.46,69.28,305.19,80.5,0,deal_seeker
O0003952,S0042500,C03205,2025-08-18T13:00:00,direct,desktop,electronics,brand_direct,treatment,287.91,33.11,254.8,84.18,0,steady
O0003953,S0042505,C03205,2025-11-23T13:00:00,organic,desktop,electronics,seo,treatment,432.09,49.69,382.4,128.84,0,steady
O0003954,S0042518,C03206,2025-11-13T19:00:00,direct,desktop,beauty,brand_direct,treatment,148.7,21.56,127.14,34.41,0,new_or_low
O0003955,S0042555,C03208,2025-08-08T12:00:00,organic,mobile,apparel,seo,treatment,299.33,25.44,273.88,107.03,0,champion
O0003956,S0042556,C03208,2025-08-05T22:00:00,organic,mobile,beauty,seo,treatment,277.05,23.55,253.5,98.47,0,champion
O0003957,S0042561,C03208,2025-10-18T13:00:00,organic,desktop,home,seo,treatment,301.34,25.61,275.73,110.8,0,champion
O0003958,S0042563,C03208,2025-11-11T19:00:00,paid_search,mobile,beauty,always_on_search,treatment,353.88,30.08,323.8,127.99,0,champion
O0003959,S0042564,C03208,2025-12-08T13:00:00,paid_search,mobile,food,always_on_search,treatment,569.66,48.42,521.24,210.92,0,champion
O0003960,S0042612,C03212,2025-11-06T15:00:00,social,mobile,home,summer_social,control,136.82,15.05,121.77,29.75,0,new_or_low
O0003961,S0042613,C03212,2025-11-24T13:00:00,organic,mobile,home,seo,control,113.18,12.45,100.73,23.23,0,new_or_low
O0003962,S0042617,C03212,2025-12-04T22:00:00,direct,mobile,home,brand_direct,control,59.55,6.55,53.0,8.43,0,new_or_low
O0003963,S0042621,C03213,2025-02-18T16:00:00,direct,mobile,electronics,brand_direct,control,125.33,18.8,106.53,22.89,0,deal_seeker
O0003964,S0042636,C03214,2025-07-09T21:00:00,email,mobile,electronics,crm_lifecycle,treatment,414.62,47.68,366.94,120.43,0,steady
O0003965,S0042640,C03214,2025-08-07T09:00:00,email,mobile,home,crm_lifecycle,treatment,374.61,43.08,331.53,108.03,0,steady
O0003966,S0042642,C03214,2025-09-22T18:00:00,social,desktop,sports,summer_social,treatment,288.16,33.14,255.03,84.26,0,steady
O0003967,S0042644,C03214,2025-11-21T12:00:00,email,tablet,home,crm_lifecycle,treatment,153.55,17.66,135.89,42.56,0,steady
O0003968,S0042652,C03215,2025-06-25T15:00:00,social,mobile,apparel,summer_social,control,252.76,12.64,240.12,92.85,1,champion
O0003969,S0042660,C03215,2025-09-20T17:00:00,email,desktop,apparel,crm_lifecycle,control,475.1,23.75,451.34,184.56,0,champion
O0003970,S0042670,C03216,2025-04-17T15:00:00,affiliate,mobile,apparel,partner_cashback,control,72.62,9.44,63.18,11.59,0,new_or_low
O0003971,S0042684,C03217,2025-12-19T09:00:00,paid_search,desktop,apparel,always_on_search,treatment,344.61,39.63,304.98,101.74,0,steady
O0003972,S0042685,C03218,2025-10-18T22:00:00,email,mobile,food,crm_lifecycle,control,220.01,33.0,187.01,46.23,0,deal_seeker
O0003973,S0042718,C03222,2025-07-27T22:00:00,paid_search,mobile,food,always_on_search,treatment,239.84,27.58,212.26,66.29,0,steady
O0003974,S0042720,C03222,2025-07-06T11:00:00,organic,mobile,beauty,seo,treatment,220.65,25.37,195.28,60.35,0,steady
O0003975,S0042746,C03225,2025-04-14T14:00:00,direct,mobile,sports,brand_direct,control,131.86,19.78,112.08,24.5,0,deal_seeker
O0003976,S0042757,C03225,2025-11-18T22:00:00,social,mobile,home,summer_social,control,183.67,27.55,156.12,37.27,0,deal_seeker
O0003977,S0042768,C03226,2025-06-01T16:00:00,social,desktop,food,summer_social,treatment,817.96,69.53,748.43,309.34,0,champion
O0003978,S0042770,C03226,2025-06-19T11:00:00,email,desktop,food,crm_lifecycle,treatment,189.38,16.1,173.29,67.78,0,champion
O0003979,S0042776,C03226,2025-09-26T13:00:00,direct,mobile,electronics,brand_direct,treatment,390.93,33.23,357.7,142.23,0,champion
O0003980,S0042784,C03226,2025-10-24T16:00:00,organic,desktop,electronics,seo,treatment,220.4,18.73,201.67,79.7,0,champion
O0003981,S0042793,C03227,2025-08-19T14:00:00,email,mobile,electronics,crm_lifecycle,treatment,194.71,22.39,172.31,52.31,0,steady
O0003982,S0042800,C03227,2025-12-25T12:00:00,direct,tablet,food,brand_direct,treatment,252.7,29.06,223.64,73.27,0,steady
O0003983,S0042820,C03228,2025-09-12T13:00:00,social,desktop,beauty,summer_social,treatment,201.36,37.25,164.11,42.59,0,deal_seeker
O0003984,S0042835,C03229,2025-08-27T16:00:00,organic,tablet,sports,seo,control,266.56,21.32,245.23,80.83,0,steady
O0003985,S0042837,C03229,2025-08-20T12:00:00,organic,desktop,electronics,seo,control,426.34,34.11,392.23,132.28,0,steady
O0003986,S0042846,C03231,2025-02-23T22:00:00,social,mobile,beauty,summer_social,treatment,737.35,84.8,652.56,220.4,0,steady
O0003987,S0042856,C03231,2025-10-25T12:00:00,social,mobile,apparel,summer_social,treatment,137.44,15.81,121.63,34.57,0,steady
O0003988,S0042862,C03231,2025-12-05T22:00:00,paid_search,mobile,apparel,always_on_search,treatment,194.56,22.37,172.18,52.26,0,steady
O0003989,S0042878,C03234,2025-07-25T20:00:00,email,mobile,sports,crm_lifecycle,control,187.45,15.0,172.45,52.36,0,steady
O0003990,S0042901,C03237,2025-12-07T20:00:00,paid_search,mobile,sports,always_on_search,treatment,264.46,30.41,234.04,73.92,0,steady
O0003991,S0042907,C03238,2025-03-01T17:00:00,paid_search,mobile,electronics,always_on_search,treatment,260.06,22.11,237.96,91.94,0,champion
O0003992,S0042908,C03238,2025-04-25T12:00:00,paid_search,desktop,electronics,always_on_search,treatment,559.31,47.54,511.77,209.94,0,champion
O0003993,S0042914,C03238,2025-08-21T14:00:00,email,mobile,electronics,crm_lifecycle,treatment,294.48,25.03,269.45,105.17,0,champion
O0003994,S0042925,C03238,2025-12-20T10:00:00,affiliate,mobile,electronics,partner_cashback,treatment,522.83,54.9,467.94,188.53,0,champion
O0003995,S0042939,C03240,2025-07-24T13:00:00,direct,desktop,food,brand_direct,treatment,157.11,29.07,128.05,32.13,0,deal_seeker
O0003996,S0042949,C03240,2025-12-04T22:00:00,direct,desktop,electronics,brand_direct,treatment,261.84,48.44,213.4,56.89,0,deal_seeker
O0003997,S0042957,C03242,2025-06-02T10:00:00,social,desktop,electronics,summer_social,control,391.42,19.57,371.85,151.18,0,champion
O0003998,S0042961,C03242,2025-07-14T19:00:00,email,desktop,beauty,crm_lifecycle,control,564.03,28.2,535.83,220.05,0,champion
O0003999,S0042967,C03242,2025-09-06T19:00:00,paid_search,desktop,electronics,always_on_search,control,456.2,22.81,433.39,177.03,0,champion
O0004000,S0042968,C03242,2025-10-23T14:00:00,paid_search,mobile,electronics,always_on_search,control,168.67,8.43,160.24,59.3,0,champion
O0004001,S0042972,C03242,2025-11-03T19:00:00,social,mobile,home,summer_social,control,252.69,12.63,240.05,92.82,0,champion
O0004002,S0042976,C03242,2025-12-11T09:00:00,paid_search,desktop,home,always_on_search,control,277.24,13.86,263.38,105.62,0,champion
O0004003,S0042980,C03243,2025-04-01T09:00:00,direct,desktop,sports,brand_direct,control,278.96,22.32,256.65,84.83,0,steady
O0004004,S0042989,C03243,2025-11-07T16:00:00,email,mobile,sports,crm_lifecycle,control,517.45,41.4,476.06,158.62,0,steady
O0004005,S0042992,C03244,2025-07-06T08:00:00,email,mobile,sports,crm_lifecycle,treatment,509.33,43.29,466.04,187.74,0,champion
O0004006,S0042993,C03244,2025-07-13T18:00:00,email,mobile,sports,crm_lifecycle,treatment,280.02,23.8,256.22,99.61,0,champion
O0004007,S0043008,C03244,2025-11-20T22:00:00,email,mobile,food,crm_lifecycle,treatment,507.93,43.17,464.76,187.2,0,champion
O0004008,S0043010,C03244,2025-12-26T11:00:00,paid_search,mobile,apparel,always_on_search,treatment,561.01,47.69,513.32,207.6,0,champion
O0004009,S0043011,C03244,2025-12-16T19:00:00,direct,mobile,apparel,brand_direct,treatment,425.81,36.19,389.62,155.64,0,champion
O0004010,S0043018,C03245,2025-11-01T19:00:00,paid_search,desktop,sports,always_on_search,treatment,262.01,30.13,231.88,76.16,0,steady
O0004011,S0043023,C03246,2025-07-22T20:00:00,paid_search,mobile,sports,always_on_search,treatment,344.54,29.29,315.26,124.41,0,champion
O0004012,S0043024,C03246,2025-08-24T18:00:00,email,mobile,beauty,crm_lifecycle,treatment,242.8,20.64,222.16,85.31,0,champion
O0004013,S0043025,C03246,2025-08-09T13:00:00,email,mobile,beauty,crm_lifecycle,treatment,236.75,20.12,216.63,82.98,0,champion
O0004014,S0043030,C03246,2025-11-06T17:00:00,email,desktop,apparel,crm_lifecycle,treatment,421.39,35.82,385.57,156.94,0,champion
O0004015,S0043049,C03248,2025-05-12T12:00:00,social,mobile,home,summer_social,treatment,67.36,12.46,54.9,7.92,0,deal_seeker
O0004016,S0043056,C03248,2025-08-21T21:00:00,paid_search,mobile,apparel,always_on_search,treatment,263.92,48.83,215.1,54.38,0,deal_seeker
O0004017,S0043057,C03248,2025-08-01T09:00:00,direct,mobile,electronics,brand_direct,treatment,142.9,26.44,116.46,25.77,0,deal_seeker
O0004018,S0043062,C03249,2025-01-27T19:00:00,direct,mobile,home,brand_direct,control,300.42,24.03,276.38,88.73,0,steady
O0004019,S0043082,C03249,2025-12-20T17:00:00,direct,mobile,home,brand_direct,control,147.37,11.79,135.58,39.45,0,steady
O0004020,S0043096,C03250,2025-11-04T19:00:00,social,mobile,food,summer_social,control,250.61,37.59,213.01,53.77,0,deal_seeker
O0004021,S0043101,C03251,2025-02-11T12:00:00,paid_search,desktop,sports,always_on_search,control,199.4,15.95,183.45,59.21,0,steady
O0004022,S0043129,C03251,2025-12-20T20:00:00,organic,mobile,sports,seo,control,88.92,7.11,81.81,20.63,0,steady
O0004023,S0043149,C03252,2025-12-04T13:00:00,affiliate,mobile,beauty,partner_cashback,treatment,320.99,33.7,287.29,112.66,0,champion
O0004024,S0043200,C03258,2025-05-11T16:00:00,social,mobile,home,summer_social,control,104.93,15.74,89.19,17.86,0,deal_seeker
O0004025,S0043238,C03261,2025-07-27T17:00:00,email,mobile,sports,crm_lifecycle,treatment,246.55,20.96,225.59,86.75,0,champion
O0004026,S0043239,C03261,2025-07-07T13:00:00,organic,desktop,sports,seo,treatment,395.98,33.66,362.32,147.18,0,champion
O0004027,S0043247,C03261,2025-10-13T21:00:00,affiliate,mobile,food,partner_cashback,treatment,404.02,42.42,361.6,143.87,0,champion
O0004028,S0043253,C03261,2025-12-09T13:00:00,social,mobile,sports,summer_social,treatment,274.5,23.33,251.17,97.49,0,champion
O0004029,S0043257,C03262,2025-09-20T19:00:00,paid_search,mobile,electronics,always_on_search,control,249.59,37.44,212.15,53.52,0,deal_seeker
O0004030,S0043264,C03263,2025-07-20T17:00:00,social,desktop,food,summer_social,treatment,521.68,44.34,477.34,195.48,0,champion
O0004031,S0043269,C03263,2025-10-07T12:00:00,organic,desktop,apparel,seo,treatment,332.83,28.29,304.54,122.91,0,champion
O0004032,S0043282,C03264,2025-10-14T19:00:00,social,mobile,beauty,summer_social,treatment,194.22,35.93,158.29,37.9,0,deal_seeker
O0004033,S0043312,C03266,2025-12-17T17:00:00,organic,mobile,apparel,seo,control,287.44,14.37,273.06,106.69,0,champion
O0004034,S0043315,C03267,2025-11-12T11:00:00,email,mobile,electronics,crm_lifecycle,control,362.42,39.87,322.55,91.99,0,new_or_low
O0004035,S0043349,C03271,2025-09-11T15:00:00,organic,mobile,beauty,seo,treatment,124.55,23.04,101.51,21.44,0,deal_seeker
O0004036,S0043369,C03273,2025-12-11T21:00:00,social,mobile,food,summer_social,control,229.58,11.48,218.1,83.6,0,champion
O0004037,S0043370,C03274,2025-03-21T17:00:00,social,mobile,home,summer_social,control,261.87,13.09,248.77,96.48,0,champion
O0004038,S0043381,C03274,2025-05-24T08:00:00,direct,mobile,home,brand_direct,control,298.98,14.95,284.03,111.29,0,champion
O0004039,S0043386,C03274,2025-09-13T10:00:00,paid_search,mobile,food,always_on_search,control,296.13,14.81,281.32,110.15,0,champion
O0004040,S0043414,C03278,2025-06-14T21:00:00,social,mobile,electronics,summer_social,control,135.04,10.8,124.23,35.48,0,steady
O0004041,S0043428,C03279,2025-04-19T12:00:00,email,tablet,sports,crm_lifecycle,control,312.58,15.63,296.95,119.72,0,champion
O0004042,S0043438,C03279,2025-06-01T17:00:00,organic,mobile,home,seo,control,371.97,18.6,353.37,140.41,0,champion
O0004043,S0043442,C03279,2025-07-27T10:00:00,organic,mobile,food,seo,control,459.25,22.96,436.29,175.24,0,champion
O0004044,S0043446,C03279,2025-09-15T20:00:00,direct,mobile,electronics,brand_direct,control,466.26,23.31,442.95,178.04,0,champion
O0004045,S0043457,C03280,2025-10-04T12:00:00,email,mobile,sports,crm_lifecycle,control,326.76,49.01,277.75,72.55,0,deal_seeker
O0004046,S0043458,C03280,2025-11-05T21:00:00,social,desktop,food,summer_social,control,192.82,28.92,163.89,42.53,0,deal_seeker
O0004047,S0043469,C03282,2025-12-23T16:00:00,social,desktop,sports,summer_social,treatment,121.24,13.94,107.3,32.55,0,steady
O0004048,S0043482,C03283,2025-12-24T12:00:00,email,mobile,home,crm_lifecycle,control,178.29,14.26,164.03,49.41,0,steady
O0004049,S0043486,C03285,2025-08-02T15:00:00,organic,tablet,apparel,seo,treatment,206.65,29.96,176.68,49.77,0,new_or_low
O0004050,S0043493,C03286,2025-12-15T19:00:00,email,tablet,home,crm_lifecycle,control,113.05,16.96,96.09,22.87,0,deal_seeker
O0004051,S0043506,C03287,2025-09-25T13:00:00,paid_search,desktop,electronics,always_on_search,treatment,507.6,93.91,413.7,114.97,0,deal_seeker
O0004052,S0043511,C03288,2025-10-10T19:00:00,social,desktop,electronics,summer_social,control,257.99,20.64,237.35,78.07,0,steady
O0004053,S0043537,C03289,2025-12-16T09:00:00,social,mobile,sports,summer_social,control,182.77,27.42,155.35,37.05,0,deal_seeker
O0004054,S0043539,C03290,2025-03-16T15:00:00,email,mobile,electronics,crm_lifecycle,control,535.87,26.79,509.07,205.81,0,champion
O0004055,S0043542,C03290,2025-03-07T21:00:00,email,tablet,home,crm_lifecycle,control,219.87,10.99,208.88,82.73,0,champion
O0004056,S0043543,C03290,2025-03-06T12:00:00,organic,mobile,electronics,seo,control,281.97,14.1,267.88,104.51,0,champion
O0004057,S0043551,C03290,2025-06-09T12:00:00,email,mobile,food,crm_lifecycle,control,245.33,12.27,233.06,89.89,0,champion
O0004058,S0043552,C03290,2025-07-23T16:00:00,social,desktop,home,summer_social,control,461.16,23.06,438.1,179.0,0,champion
O0004059,S0043553,C03290,2025-08-05T12:00:00,paid_search,mobile,food,always_on_search,control,232.12,11.61,220.51,84.61,0,champion
O0004060,S0043554,C03290,2025-08-12T09:00:00,direct,desktop,food,brand_direct,control,290.18,14.51,275.67,110.78,0,champion
O0004061,S0043562,C03290,2025-12-01T10:00:00,email,mobile,home,crm_lifecycle,control,269.34,13.47,255.88,99.47,0,champion
O0004062,S0043566,C03291,2025-06-06T11:00:00,email,mobile,beauty,crm_lifecycle,control,606.85,30.34,576.51,234.13,0,champion
O0004063,S0043571,C03291,2025-07-11T17:00:00,email,mobile,electronics,crm_lifecycle,control,402.21,20.11,382.1,152.48,0,champion
O0004064,S0043573,C03291,2025-08-02T14:00:00,affiliate,mobile,food,partner_cashback,control,397.33,27.81,369.52,147.2,0,champion
O0004065,S0043575,C03291,2025-10-21T20:00:00,organic,mobile,food,seo,control,256.7,12.84,243.87,94.42,0,champion
O0004066,S0043582,C03292,2025-07-26T21:00:00,email,desktop,apparel,crm_lifecycle,treatment,306.86,56.77,250.09,67.53,1,deal_seeker
O0004067,S0043587,C03292,2025-10-20T16:00:00,social,mobile,apparel,summer_social,treatment,254.79,47.14,207.65,52.22,0,deal_seeker
O0004068,S0043631,C03298,2025-07-18T21:00:00,organic,tablet,home,seo,treatment,175.1,25.39,149.71,41.41,0,new_or_low
O0004069,S0043634,C03298,2025-08-24T18:00:00,organic,mobile,home,seo,treatment,172.61,25.03,147.58,37.75,0,new_or_low
O0004070,S0043662,C03299,2025-10-26T22:00:00,paid_search,mobile,apparel,always_on_search,treatment,159.74,18.37,141.37,41.48,0,steady
O0004071,S0043670,C03300,2025-07-05T10:00:00,paid_search,mobile,food,always_on_search,treatment,246.61,28.36,218.25,68.39,0,steady
O0004072,S0043703,C03303,2025-05-02T20:00:00,organic,mobile,food,seo,control,349.43,17.47,331.96,131.42,0,champion
O0004073,S0043706,C03303,2025-05-04T11:00:00,organic,mobile,apparel,seo,control,358.24,17.91,340.33,134.94,0,champion
O0004074,S0043707,C03303,2025-06-15T10:00:00,social,mobile,sports,summer_social,control,308.55,15.43,293.12,115.11,0,champion
O0004075,S0043709,C03303,2025-06-17T22:00:00,organic,mobile,beauty,seo,control,302.58,15.13,287.45,112.73,0,champion
O0004076,S0043714,C03303,2025-10-08T16:00:00,affiliate,mobile,home,partner_cashback,control,397.15,27.8,369.35,147.13,0,champion
O0004077,S0043730,C03305,2025-08-20T18:00:00,affiliate,mobile,home,partner_cashback,control,292.39,29.24,263.15,84.1,0,steady
O0004078,S0043732,C03305,2025-09-23T09:00:00,paid_search,mobile,electronics,always_on_search,control,179.77,14.38,165.39,49.89,0,steady
O0004079,S0043734,C03305,2025-11-03T09:00:00,direct,mobile,apparel,brand_direct,control,214.25,17.14,197.11,60.99,0,steady
O0004080,S0043743,C03307,2025-08-08T21:00:00,direct,desktop,home,brand_direct,treatment,232.11,26.69,205.41,66.9,0,steady
O0004081,S0043762,C03308,2025-09-19T09:00:00,social,mobile,electronics,summer_social,control,359.78,28.78,330.99,107.85,0,steady
O0004082,S0043767,C03309,2025-08-10T21:00:00,social,mobile,electronics,summer_social,treatment,99.84,11.48,88.36,22.93,0,steady
O0004083,S0043772,C03309,2025-11-22T21:00:00,social,mobile,apparel,summer_social,treatment,269.81,31.03,238.78,75.57,0,steady
O0004084,S0043781,C03311,2025-01-11T11:00:00,direct,mobile,home,brand_direct,treatment,272.29,23.14,249.14,96.64,0,champion
O0004085,S0043784,C03311,2025-02-23T12:00:00,organic,tablet,sports,seo,treatment,549.1,46.67,502.43,206.02,0,champion
O0004086,S0043788,C03311,2025-03-02T11:00:00,direct,mobile,food,brand_direct,treatment,329.14,27.98,301.16,118.49,0,champion
O0004087,S0043791,C03311,2025-04-27T09:00:00,paid_search,mobile,beauty,always_on_search,treatment,278.04,23.63,254.4,98.85,0,champion
O0004088,S0043795,C03311,2025-04-14T15:00:00,paid_search,mobile,beauty,always_on_search,treatment,349.04,29.67,319.38,126.14,0,champion
O0004089,S0043803,C03311,2025-06-13T13:00:00,organic,mobile,food,seo,treatment,349.54,29.71,319.83,126.33,0,champion
O0004090,S0043809,C03311,2025-09-24T10:00:00,paid_search,desktop,home,always_on_search,treatment,271.7,23.09,248.61,99.42,0,champion
O0004091,S0043821,C03312,2025-06-02T20:00:00,email,mobile,electronics,crm_lifecycle,control,249.56,19.97,229.6,72.36,0,steady
O0004092,S0043844,C03314,2025-05-24T13:00:00,direct,desktop,beauty,brand_direct,treatment,121.67,13.99,107.68,32.69,0,steady
O0004093,S0043854,C03314,2025-12-27T15:00:00,organic,desktop,beauty,seo,treatment,324.12,37.27,286.84,95.39,0,steady
O0004094,S0043880,C03318,2025-08-09T20:00:00,paid_search,tablet,apparel,always_on_search,treatment,306.11,26.02,280.09,112.64,0,champion
O0004095,S0043885,C03318,2025-09-14T10:00:00,affiliate,mobile,apparel,partner_cashback,treatment,508.1,53.35,454.75,182.99,0,champion
O0004096,S0043893,C03320,2025-05-02T13:00:00,organic,mobile,electronics,seo,control,337.58,27.01,310.57,100.7,0,steady
O0004097,S0043900,C03320,2025-08-07T21:00:00,email,mobile,apparel,crm_lifecycle,control,132.6,10.61,121.99,34.7,0,steady
O0004098,S0043928,C03323,2025-10-05T12:00:00,social,desktop,electronics,summer_social,treatment,342.23,39.36,302.87,101.01,0,steady
O0004099,S0043939,C03324,2025-07-20T11:00:00,email,desktop,beauty,crm_lifecycle,control,122.22,9.78,112.44,34.36,0,steady
O0004100,S0043943,C03324,2025-11-01T08:00:00,paid_search,mobile,electronics,always_on_search,control,262.04,20.96,241.07,76.38,0,steady
O0004101,S0043954,C03325,2025-08-04T22:00:00,email,mobile,apparel,crm_lifecycle,treatment,223.64,25.72,197.92,61.27,0,steady
O0004102,S0043980,C03327,2025-08-24T14:00:00,affiliate,mobile,electronics,partner_cashback,control,217.44,21.74,195.7,60.49,0,steady
O0004103,S0043981,C03327,2025-08-15T16:00:00,paid_search,mobile,electronics,always_on_search,control,176.43,14.11,162.32,48.81,0,steady
O0004104,S0043989,C03329,2025-06-13T08:00:00,paid_search,mobile,food,always_on_search,treatment,454.22,38.61,415.61,166.56,0,champion
O0004105,S0043991,C03329,2025-09-15T19:00:00,direct,mobile,food,brand_direct,treatment,287.41,24.43,262.98,102.45,0,champion
O0004106,S0044000,C03330,2025-09-07T19:00:00,paid_search,mobile,electronics,always_on_search,control,390.95,19.55,371.4,147.99,0,champion
O0004107,S0044014,C03332,2025-09-06T12:00:00,organic,tablet,sports,seo,treatment,148.28,17.05,131.23,40.93,0,steady
O0004108,S0044044,C03334,2025-10-12T22:00:00,paid_search,tablet,apparel,always_on_search,treatment,343.0,29.15,313.84,126.81,0,champion
O0004109,S0044048,C03334,2025-10-17T09:00:00,affiliate,mobile,food,partner_cashback,treatment,405.66,42.59,363.07,144.49,1,champion
O0004110,S0044051,C03334,2025-11-09T17:00:00,paid_search,desktop,apparel,always_on_search,treatment,637.13,54.16,582.97,239.85,1,champion
O0004111,S0044089,C03338,2025-01-11T09:00:00,email,mobile,apparel,crm_lifecycle,control,182.34,14.59,167.75,50.71,0,steady
O0004112,S0044108,C03338,2025-11-12T09:00:00,organic,mobile,apparel,seo,control,369.55,29.56,339.98,110.99,0,steady
O0004113,S0044147,C03341,2025-10-22T17:00:00,email,desktop,home,crm_lifecycle,control,525.95,42.08,483.87,164.36,0,steady
O0004114,S0044154,C03341,2025-12-13T12:00:00,affiliate,desktop,electronics,partner_cashback,control,212.67,21.27,191.4,61.99,0,steady
O0004115,S0044156,C03342,2025-09-19T13:00:00,paid_search,mobile,home,always_on_search,treatment,183.17,21.07,162.11,48.74,0,steady
O0004116,S0044191,C03345,2025-08-19T11:00:00,affiliate,mobile,food,partner_cashback,control,82.0,13.94,68.06,11.74,0,deal_seeker
O0004117,S0044226,C03347,2025-12-16T16:00:00,direct,desktop,home,brand_direct,treatment,147.78,27.34,120.44,29.93,0,deal_seeker
O0004118,S0044235,C03348,2025-05-09T22:00:00,affiliate,desktop,food,partner_cashback,treatment,126.46,25.92,100.54,24.16,0,deal_seeker
O0004119,S0044241,C03348,2025-09-06T10:00:00,paid_search,desktop,beauty,always_on_search,treatment,259.98,48.1,211.88,56.45,0,deal_seeker
O0004120,S0044255,C03350,2025-12-14T09:00:00,organic,mobile,sports,seo,control,114.57,9.17,105.4,28.89,0,steady
O0004121,S0044270,C03352,2025-03-16T15:00:00,paid_search,mobile,beauty,always_on_search,control,278.65,22.29,256.36,81.73,0,steady
O0004122,S0044288,C03353,2025-07-16T22:00:00,affiliate,mobile,apparel,partner_cashback,control,239.92,23.99,215.93,67.57,0,steady
O0004123,S0044298,C03354,2025-08-09T11:00:00,organic,mobile,apparel,seo,control,164.05,24.61,139.44,32.44,0,deal_seeker
O0004124,S0044324,C03356,2025-12-25T16:00:00,direct,mobile,apparel,brand_direct,treatment,314.41,58.17,256.24,66.31,0,deal_seeker
O0004125,S0044335,C03358,2025-03-10T13:00:00,direct,mobile,electronics,brand_direct,control,281.28,22.5,258.77,82.57,0,steady
O0004126,S0044339,C03358,2025-03-18T16:00:00,direct,mobile,apparel,brand_direct,control,183.07,14.65,168.43,50.95,0,steady
O0004127,S0044351,C03359,2025-01-05T22:00:00,paid_search,mobile,beauty,always_on_search,control,673.2,33.66,639.54,260.61,0,champion
O0004128,S0044355,C03359,2025-02-10T12:00:00,social,mobile,sports,summer_social,control,541.2,27.06,514.14,207.94,0,champion
O0004129,S0044357,C03359,2025-03-09T21:00:00,email,desktop,apparel,crm_lifecycle,control,355.5,17.77,337.72,136.84,0,champion
O0004130,S0044362,C03359,2025-04-12T12:00:00,social,mobile,beauty,summer_social,control,679.47,33.97,645.49,263.11,0,champion
O0004131,S0044367,C03359,2025-06-04T18:00:00,affiliate,mobile,home,partner_cashback,control,216.1,15.13,200.98,76.41,0,champion
O0004132,S0044376,C03359,2025-11-12T14:00:00,organic,mobile,electronics,seo,control,423.84,21.19,402.65,161.11,0,champion
O0004133,S0044382,C03360,2025-04-10T09:00:00,social,mobile,beauty,summer_social,control,324.37,48.66,275.71,71.96,1,deal_seeker
O0004134,S0044392,C03360,2025-06-07T10:00:00,paid_search,mobile,food,always_on_search,control,239.77,35.97,203.81,51.1,0,deal_seeker
O0004135,S0044406,C03361,2025-09-01T11:00:00,email,mobile,home,crm_lifecycle,control,253.97,20.32,233.65,73.78,0,steady
O0004136,S0044414,C03362,2025-03-27T09:00:00,paid_search,mobile,food,always_on_search,control,177.24,8.86,168.38,62.72,0,champion
O0004137,S0044417,C03362,2025-03-12T18:00:00,email,tablet,home,crm_lifecycle,control,363.02,18.15,344.87,139.84,0,champion
O0004138,S0044419,C03362,2025-04-12T15:00:00,paid_search,desktop,apparel,always_on_search,control,335.51,16.78,318.73,128.87,0,champion
O0004139,S0044422,C03362,2025-06-22T21:00:00,organic,desktop,apparel,seo,control,422.33,21.12,401.22,163.51,0,champion
O0004140,S0044429,C03362,2025-07-26T19:00:00,paid_search,desktop,beauty,always_on_search,control,349.41,17.47,331.94,134.42,0,champion
O0004141,S0044438,C03362,2025-12-09T14:00:00,organic,tablet,sports,seo,control,302.8,15.14,287.66,115.82,0,champion
O0004142,S0044455,C03364,2025-09-27T08:00:00,paid_search,mobile,food,always_on_search,treatment,213.0,30.89,182.12,48.46,0,new_or_low
O0004143,S0044458,C03365,2025-05-05T11:00:00,social,mobile,apparel,summer_social,treatment,474.36,54.55,419.81,138.93,0,steady
O0004144,S0044464,C03365,2025-07-14T21:00:00,organic,mobile,apparel,seo,treatment,79.54,9.15,70.39,16.64,0,steady
O0004145,S0044468,C03365,2025-10-13T08:00:00,affiliate,desktop,apparel,partner_cashback,treatment,170.51,23.02,147.49,46.62,0,steady
O0004146,S0044494,C03367,2025-10-06T13:00:00,direct,tablet,food,brand_direct,control,268.13,13.41,254.72,101.98,0,champion
O0004147,S0044495,C03367,2025-11-27T17:00:00,email,desktop,apparel,crm_lifecycle,control,510.89,25.54,485.35,198.85,0,champion
O0004148,S0044496,C03367,2025-12-19T08:00:00,paid_search,tablet,sports,always_on_search,control,343.54,17.18,326.36,132.07,0,champion
O0004149,S0044506,C03368,2025-11-04T20:00:00,paid_search,desktop,sports,always_on_search,treatment,151.34,21.94,129.4,35.11,0,new_or_low
O0004150,S0044532,C03370,2025-12-23T19:00:00,social,mobile,food,summer_social,treatment,164.92,30.51,134.41,30.98,0,deal_seeker
O0004151,S0044565,C03374,2025-09-02T22:00:00,social,mobile,apparel,summer_social,treatment,282.07,32.44,249.63,79.37,0,steady
O0004152,S0044577,C03374,2025-11-21T13:00:00,organic,desktop,apparel,seo,treatment,262.02,30.13,231.89,76.16,0,steady
O0004153,S0044586,C03376,2025-06-19T17:00:00,affiliate,mobile,beauty,partner_cashback,control,378.85,26.52,352.33,139.98,0,champion
O0004154,S0044592,C03376,2025-08-25T13:00:00,paid_search,mobile,food,always_on_search,control,432.9,21.65,411.26,164.73,0,champion
O0004155,S0044600,C03376,2025-12-19T15:00:00,paid_search,desktop,beauty,always_on_search,control,316.82,15.84,300.98,121.41,0,champion
O0004156,S0044605,C03377,2025-08-08T20:00:00,social,mobile,apparel,summer_social,treatment,173.51,14.75,158.77,58.68,0,champion
O0004157,S0044609,C03377,2025-11-23T15:00:00,organic,mobile,apparel,seo,treatment,522.09,44.38,477.71,192.64,0,champion
O0004158,S0044614,C03377,2025-12-10T11:00:00,email,mobile,apparel,crm_lifecycle,treatment,448.08,38.09,409.99,164.2,0,champion
O0004159,S0044620,C03378,2025-07-12T15:00:00,organic,mobile,electronics,seo,control,439.03,21.95,417.08,167.17,0,champion
O0004160,S0044622,C03378,2025-07-22T17:00:00,email,mobile,home,crm_lifecycle,control,548.15,27.41,520.74,210.71,0,champion
O0004161,S0044626,C03378,2025-09-04T10:00:00,affiliate,mobile,beauty,partner_cashback,control,503.81,35.27,468.55,188.79,0,champion
O0004162,S0044630,C03378,2025-11-14T15:00:00,email,tablet,electronics,crm_lifecycle,control,418.53,20.93,397.61,161.99,0,champion
O0004163,S0044632,C03378,2025-12-27T10:00:00,affiliate,mobile,electronics,partner_cashback,control,360.93,25.27,335.66,132.98,0,champion
O0004164,S0044636,C03379,2025-08-14T19:00:00,affiliate,desktop,beauty,partner_cashback,treatment,212.92,43.65,169.27,44.09,0,deal_seeker
O0004165,S0044660,C03381,2025-03-18T21:00:00,social,desktop,food,summer_social,treatment,346.95,39.9,307.05,102.47,0,steady
O0004166,S0044665,C03381,2025-05-14T19:00:00,paid_search,mobile,beauty,always_on_search,treatment,231.8,26.66,205.14,63.8,0,steady
O0004167,S0044667,C03381,2025-06-18T11:00:00,email,mobile,electronics,crm_lifecycle,treatment,157.91,18.16,139.75,40.91,0,steady
O0004168,S0044669,C03381,2025-08-10T15:00:00,paid_search,desktop,food,always_on_search,treatment,152.43,17.53,134.9,42.22,1,steady
O0004169,S0044688,C03383,2025-02-05T16:00:00,paid_search,mobile,beauty,always_on_search,control,359.94,28.8,331.14,107.9,0,steady
O0004170,S0044692,C03383,2025-05-14T11:00:00,social,tablet,beauty,summer_social,control,173.82,13.91,159.92,50.97,0,steady
O0004171,S0044702,C03383,2025-12-10T19:00:00,organic,desktop,beauty,seo,control,240.13,19.21,220.92,72.32,0,steady
O0004172,S0044743,C03389,2025-04-27T10:00:00,paid_search,desktop,sports,always_on_search,treatment,221.85,41.04,180.81,47.44,0,deal_seeker
O0004173,S0044766,C03390,2025-09-23T09:00:00,affiliate,mobile,food,partner_cashback,treatment,182.67,24.66,158.01,47.3,0,steady
O0004174,S0044785,C03392,2025-08-18T21:00:00,paid_search,mobile,beauty,always_on_search,control,346.96,17.35,329.61,130.44,0,champion
O0004175,S0044789,C03392,2025-10-25T08:00:00,paid_search,mobile,beauty,always_on_search,control,273.34,13.67,259.67,101.06,0,champion
O0004176,S0044792,C03392,2025-10-06T12:00:00,email,mobile,electronics,crm_lifecycle,control,263.43,13.17,250.25,97.11,0,champion
O0004177,S0044798,C03392,2025-12-06T17:00:00,affiliate,desktop,food,partner_cashback,control,208.83,14.62,194.21,76.57,0,champion
O0004178,S0044817,C03394,2025-08-06T20:00:00,organic,mobile,food,seo,control,286.45,14.32,272.13,106.29,0,champion
O0004179,S0044820,C03394,2025-09-05T08:00:00,paid_search,mobile,food,always_on_search,control,294.68,14.73,279.94,109.58,0,champion
O0004180,S0044858,C03399,2025-06-04T16:00:00,organic,desktop,sports,seo,treatment,136.78,15.73,121.05,37.37,0,steady
O0004181,S0044865,C03399,2025-11-01T22:00:00,affiliate,desktop,apparel,partner_cashback,treatment,171.25,23.12,148.13,46.84,0,steady
O0004182,S0044874,C03400,2025-12-06T12:00:00,email,mobile,sports,crm_lifecycle,treatment,85.61,12.41,73.19,14.69,0,new_or_low
O0004183,S0044887,C03402,2025-05-09T21:00:00,paid_search,mobile,home,always_on_search,control,153.39,12.27,141.11,41.39,0,steady
O0004184,S0044899,C03402,2025-08-19T08:00:00,social,mobile,home,summer_social,control,288.83,23.11,265.72,85.0,0,steady
O0004185,S0044922,C03403,2025-10-23T13:00:00,paid_search,mobile,electronics,always_on_search,treatment,188.36,34.85,153.51,36.52,0,deal_seeker
O0004186,S0044934,C03404,2025-05-13T10:00:00,organic,desktop,apparel,seo,treatment,140.99,16.21,124.77,38.67,0,steady
O0004187,S0044938,C03404,2025-06-12T20:00:00,organic,mobile,apparel,seo,treatment,129.29,14.87,114.42,32.05,0,steady
O0004188,S0044953,C03405,2025-06-24T21:00:00,organic,mobile,electronics,seo,control,342.72,27.42,315.3,102.35,0,steady
O0004189,S0044961,C03406,2025-06-17T11:00:00,organic,desktop,home,seo,control,170.44,25.57,144.87,37.01,0,deal_seeker
O0004190,S0045020,C03409,2025-10-03T22:00:00,email,desktop,apparel,crm_lifecycle,control,229.15,34.37,194.78,51.49,0,deal_seeker
O0004191,S0045021,C03409,2025-11-03T15:00:00,email,desktop,beauty,crm_lifecycle,control,122.56,18.38,104.18,25.21,0,deal_seeker
O0004192,S0045025,C03409,2025-12-03T22:00:00,organic,mobile,home,seo,control,60.26,9.04,51.22,6.85,0,deal_seeker
O0004193,S0045031,C03410,2025-12-11T12:00:00,organic,mobile,sports,seo,treatment,200.45,23.05,177.4,54.09,0,steady
O0004194,S0045037,C03411,2025-07-01T15:00:00,email,mobile,electronics,crm_lifecycle,treatment,122.03,22.57,99.45,20.84,0,deal_seeker
O0004195,S0045038,C03411,2025-08-12T21:00:00,direct,desktop,electronics,brand_direct,treatment,111.68,20.66,91.02,21.4,0,deal_seeker
O0004196,S0045039,C03411,2025-08-13T20:00:00,organic,desktop,electronics,seo,treatment,163.06,30.17,132.89,33.54,0,deal_seeker
O0004197,S0045056,C03413,2025-03-24T10:00:00,affiliate,mobile,electronics,partner_cashback,treatment,270.76,28.43,242.33,93.78,0,champion
O0004198,S0045058,C03413,2025-03-04T08:00:00,affiliate,mobile,food,partner_cashback,treatment,356.14,37.39,318.75,125.87,0,champion
O0004199,S0045078,C03415,2025-03-20T17:00:00,paid_search,mobile,electronics,always_on_search,control,179.08,19.7,159.38,41.41,0,new_or_low
O0004200,S0045103,C03417,2025-02-03T10:00:00,social,desktop,apparel,summer_social,treatment,115.21,13.25,101.97,30.69,0,steady
O0004201,S0045124,C03418,2025-07-17T09:00:00,social,desktop,apparel,summer_social,control,351.24,17.56,333.67,135.14,0,champion
O0004202,S0045126,C03418,2025-08-23T11:00:00,paid_search,mobile,food,always_on_search,control,450.4,22.52,427.88,171.71,0,champion
O0004203,S0045128,C03418,2025-09-27T18:00:00,direct,mobile,electronics,brand_direct,control,139.44,6.97,132.47,47.64,0,champion
O0004204,S0045131,C03418,2025-11-26T18:00:00,email,tablet,electronics,crm_lifecycle,control,356.0,17.8,338.2,137.04,0,champion
O0004205,S0045134,C03418,2025-11-11T20:00:00,paid_search,mobile,electronics,always_on_search,control,229.57,11.48,218.1,83.6,0,champion
O0004206,S0045139,C03418,2025-12-05T22:00:00,social,mobile,electronics,summer_social,control,305.89,15.29,290.59,114.05,0,champion
O0004207,S0045169,C03420,2025-08-25T16:00:00,affiliate,mobile,sports,partner_cashback,treatment,97.8,20.05,77.75,14.55,0,deal_seeker
O0004208,S0045208,C03423,2025-08-21T14:00:00,email,mobile,food,crm_lifecycle,treatment,112.49,20.81,91.68,18.59,0,deal_seeker
O0004209,S0045215,C03423,2025-11-16T09:00:00,organic,mobile,apparel,seo,treatment,141.84,26.24,115.6,25.52,0,deal_seeker
O0004210,S0045224,C03426,2025-06-24T17:00:00,email,mobile,home,crm_lifecycle,control,163.96,24.59,139.36,32.42,0,deal_seeker
O0004211,S0045237,C03426,2025-11-11T13:00:00,direct,mobile,electronics,brand_direct,control,180.17,27.03,153.15,36.41,0,deal_seeker
O0004212,S0045244,C03427,2025-07-16T20:00:00,organic,mobile,sports,seo,treatment,206.26,23.72,182.54,55.89,0,steady
O0004213,S0045248,C03427,2025-08-23T17:00:00,paid_search,mobile,food,always_on_search,treatment,223.93,25.75,198.18,61.36,1,steady
O0004214,S0045274,C03428,2025-09-17T22:00:00,social,desktop,sports,summer_social,control,338.98,50.85,288.13,78.56,0,deal_seeker
O0004215,S0045284,C03429,2025-08-12T16:00:00,direct,desktop,beauty,brand_direct,control,118.03,9.44,108.58,33.0,0,steady
O0004216,S0045285,C03429,2025-08-10T22:00:00,direct,mobile,food,brand_direct,control,85.71,6.86,78.85,19.6,0,steady
O0004217,S0045300,C03430,2025-10-04T21:00:00,paid_search,mobile,electronics,always_on_search,control,200.88,16.07,184.81,56.68,0,steady
O0004218,S0045311,C03432,2025-09-18T12:00:00,social,mobile,apparel,summer_social,control,229.93,11.5,218.44,83.74,0,champion
O0004219,S0045315,C03432,2025-11-18T14:00:00,social,mobile,home,summer_social,control,387.29,19.36,367.93,146.53,0,champion
O0004220,S0045321,C03432,2025-11-16T19:00:00,paid_search,tablet,electronics,always_on_search,control,279.04,13.95,265.09,106.34,0,champion
O0004221,S0045328,C03433,2025-05-05T22:00:00,paid_search,desktop,food,always_on_search,control,247.36,19.79,227.57,74.65,0,steady
O0004222,S0045341,C03434,2025-02-17T08:00:00,social,mobile,beauty,summer_social,treatment,279.04,23.72,255.32,99.23,0,champion
O0004223,S0045344,C03434,2025-02-16T12:00:00,organic,desktop,sports,seo,treatment,340.01,28.9,311.11,125.67,0,champion
O0004224,S0045354,C03434,2025-04-09T09:00:00,organic,mobile,beauty,seo,treatment,621.02,52.79,568.23,230.66,0,champion
O0004225,S0045356,C03434,2025-05-21T16:00:00,social,mobile,beauty,summer_social,treatment,280.06,23.81,256.26,99.63,0,champion
O0004226,S0045360,C03434,2025-05-27T13:00:00,paid_search,mobile,beauty,always_on_search,treatment,418.13,35.54,382.59,152.69,0,champion
O0004227,S0045368,C03434,2025-08-23T08:00:00,social,mobile,beauty,summer_social,treatment,202.7,17.23,185.47,69.9,0,champion
O0004228,S0045370,C03434,2025-09-22T18:00:00,email,mobile,electronics,crm_lifecycle,treatment,357.48,30.39,327.1,129.38,0,champion
O0004229,S0045373,C03434,2025-10-07T15:00:00,paid_search,mobile,electronics,always_on_search,treatment,359.07,30.52,328.55,129.99,0,champion
O0004230,S0045392,C03436,2025-11-12T22:00:00,paid_search,mobile,apparel,always_on_search,control,224.29,17.94,206.35,64.22,0,steady
O0004231,S0045395,C03436,2025-11-23T20:00:00,affiliate,desktop,electronics,partner_cashback,control,112.1,11.21,100.89,30.31,0,steady
O0004232,S0045399,C03437,2025-07-24T19:00:00,social,mobile,beauty,summer_social,control,452.19,22.61,429.58,172.42,0,champion
O0004233,S0045408,C03437,2025-12-07T11:00:00,affiliate,mobile,beauty,partner_cashback,control,310.46,21.73,288.73,113.26,0,champion
O0004234,S0045415,C03438,2025-08-21T15:00:00,social,mobile,electronics,summer_social,treatment,279.81,32.18,247.64,78.67,0,steady
O0004235,S0045419,C03438,2025-11-22T09:00:00,paid_search,mobile,food,always_on_search,treatment,384.82,44.25,340.56,111.2,0,steady
O0004236,S0045436,C03439,2025-08-21T16:00:00,organic,mobile,sports,seo,control,189.77,28.47,161.31,38.78,0,deal_seeker
O0004237,S0045450,C03441,2025-10-07T18:00:00,paid_search,mobile,apparel,always_on_search,treatment,160.35,18.44,141.91,41.67,0,steady
O0004238,S0045459,C03442,2025-06-19T19:00:00,direct,desktop,sports,brand_direct,control,297.66,23.81,273.85,90.85,0,steady
O0004239,S0045470,C03443,2025-06-24T11:00:00,affiliate,mobile,food,partner_cashback,control,422.74,29.59,393.14,157.12,0,champion
O0004240,S0045472,C03443,2025-06-10T19:00:00,email,mobile,electronics,crm_lifecycle,control,311.28,15.56,295.72,116.2,0,champion
O0004241,S0045480,C03443,2025-07-09T19:00:00,paid_search,desktop,sports,always_on_search,control,259.95,13.0,246.95,98.72,0,champion
O0004242,S0045481,C03443,2025-07-04T10:00:00,social,mobile,food,summer_social,control,308.87,15.44,293.43,115.24,0,champion
O0004243,S0045494,C03443,2025-12-14T17:00:00,social,mobile,electronics,summer_social,control,339.09,16.95,322.14,127.3,0,champion
O0004244,S0045506,C03445,2025-05-05T21:00:00,paid_search,desktop,food,always_on_search,control,371.86,18.59,353.27,143.37,0,champion
O0004245,S0045508,C03445,2025-06-17T21:00:00,organic,desktop,food,seo,control,289.05,14.45,274.6,110.33,0,champion
O0004246,S0045518,C03445,2025-08-13T11:00:00,social,desktop,beauty,summer_social,control,255.14,12.76,242.38,96.8,0,champion
O0004247,S0045524,C03445,2025-10-04T18:00:00,social,mobile,food,summer_social,control,273.08,13.65,259.43,100.96,0,champion
O0004248,S0045527,C03445,2025-11-13T22:00:00,social,mobile,food,summer_social,control,431.07,21.55,409.52,164.0,0,champion
O0004249,S0045530,C03445,2025-12-27T22:00:00,paid_search,mobile,beauty,always_on_search,control,220.73,11.04,209.69,80.07,0,champion
O0004250,S0045533,C03446,2025-10-08T21:00:00,affiliate,desktop,home,partner_cashback,treatment,245.13,25.74,219.39,87.14,0,champion
O0004251,S0045534,C03446,2025-10-16T15:00:00,organic,mobile,sports,seo,treatment,345.98,29.41,316.57,124.96,0,champion
O0004252,S0045539,C03446,2025-11-11T22:00:00,organic,mobile,sports,seo,treatment,305.36,25.96,279.41,109.35,0,champion
O0004253,S0045541,C03446,2025-11-01T09:00:00,direct,mobile,beauty,brand_direct,treatment,340.83,28.97,311.86,122.98,0,champion
O0004254,S0045542,C03446,2025-12-04T22:00:00,paid_search,mobile,food,always_on_search,treatment,243.18,20.67,222.51,85.45,0,champion
O0004255,S0045545,C03447,2025-05-17T16:00:00,paid_search,mobile,beauty,always_on_search,control,403.44,20.17,383.27,152.97,0,champion
O0004256,S0045552,C03447,2025-07-08T11:00:00,social,mobile,home,summer_social,control,340.38,17.02,323.36,127.81,0,champion
O0004257,S0045553,C03447,2025-07-02T16:00:00,paid_search,mobile,food,always_on_search,control,343.29,17.16,326.13,128.97,0,champion
O0004258,S0045555,C03447,2025-09-08T15:00:00,paid_search,desktop,home,always_on_search,control,324.95,16.25,308.71,124.66,0,champion
O0004259,S0045559,C03447,2025-10-20T22:00:00,email,desktop,beauty,crm_lifecycle,control,276.49,13.82,262.67,105.32,1,champion
O0004260,S0045573,C03448,2025-05-19T20:00:00,email,mobile,sports,crm_lifecycle,treatment,122.1,22.59,99.51,20.86,0,deal_seeker
O0004261,S0045584,C03448,2025-11-14T13:00:00,paid_search,mobile,beauty,always_on_search,treatment,217.45,40.23,177.22,43.39,0,deal_seeker
O0004262,S0045598,C03449,2025-05-09T13:00:00,social,mobile,home,summer_social,control,247.21,19.78,227.43,71.6,0,steady
O0004263,S0045615,C03450,2025-11-01T20:00:00,social,mobile,electronics,summer_social,treatment,165.19,23.95,141.24,35.78,0,new_or_low
O0004264,S0045621,C03451,2025-10-24T17:00:00,paid_search,desktop,food,always_on_search,treatment,203.21,37.59,165.62,43.03,0,deal_seeker
O0004265,S0045643,C03453,2025-03-05T16:00:00,direct,mobile,sports,brand_direct,control,287.6,23.01,264.59,84.61,0,steady
O0004266,S0045659,C03454,2025-09-07T10:00:00,paid_search,mobile,electronics,always_on_search,treatment,507.26,93.84,413.41,111.89,0,deal_seeker
O0004267,S0045665,C03454,2025-12-04T22:00:00,affiliate,mobile,food,partner_cashback,treatment,346.13,70.96,275.18,71.8,0,deal_seeker
O0004268,S0045689,C03457,2025-08-03T10:00:00,organic,tablet,food,seo,treatment,165.19,19.0,146.19,46.17,0,steady
O0004269,S0045699,C03458,2025-12-07T08:00:00,organic,mobile,sports,seo,treatment,398.23,33.85,364.38,145.04,0,champion
O0004270,S0045701,C03459,2025-10-03T10:00:00,email,tablet,apparel,crm_lifecycle,treatment,156.44,17.99,138.45,43.46,0,steady
O0004271,S0045721,C03461,2025-10-19T19:00:00,paid_search,mobile,apparel,always_on_search,treatment,295.16,25.09,270.07,105.43,0,champion
O0004272,S0045739,C03463,2025-06-13T10:00:00,social,mobile,apparel,summer_social,control,357.65,28.61,329.03,107.16,0,steady
O0004273,S0045749,C03464,2025-05-01T19:00:00,direct,mobile,sports,brand_direct,treatment,216.38,40.03,176.35,43.14,0,deal_seeker
O0004274,S0045780,C03465,2025-10-27T18:00:00,organic,mobile,home,seo,control,301.17,24.09,277.07,88.98,0,steady
O0004275,S0045783,C03465,2025-10-08T18:00:00,direct,mobile,electronics,brand_direct,control,166.74,13.34,153.4,45.69,0,steady
O0004276,S0045786,C03466,2025-04-21T16:00:00,paid_search,desktop,home,always_on_search,treatment,164.47,18.91,145.56,45.95,0,steady
O0004277,S0045794,C03466,2025-05-10T09:00:00,direct,mobile,apparel,brand_direct,treatment,180.96,20.81,160.15,48.05,0,steady
O0004278,S0045808,C03466,2025-12-24T20:00:00,email,mobile,apparel,crm_lifecycle,treatment,230.71,26.53,204.17,63.46,0,steady
O0004279,S0045820,C03467,2025-07-27T19:00:00,paid_search,mobile,home,always_on_search,treatment,246.35,28.33,218.02,68.31,1,steady
O0004280,S0045822,C03467,2025-08-17T08:00:00,email,mobile,electronics,crm_lifecycle,treatment,332.17,38.2,293.97,94.89,0,steady
O0004281,S0045848,C03470,2025-03-17T20:00:00,organic,desktop,beauty,seo,control,413.81,20.69,393.12,160.11,0,champion
O0004282,S0045858,C03470,2025-04-13T21:00:00,affiliate,desktop,electronics,partner_cashback,control,252.76,17.69,235.07,93.73,0,champion
O0004283,S0045861,C03470,2025-05-02T17:00:00,paid_search,mobile,food,always_on_search,control,374.23,18.71,355.51,141.32,0,champion
O0004284,S0045864,C03470,2025-06-22T13:00:00,paid_search,desktop,electronics,always_on_search,control,428.68,21.43,407.24,166.04,0,champion
O0004285,S0045870,C03470,2025-07-19T21:00:00,direct,mobile,electronics,brand_direct,control,711.97,35.6,676.37,276.08,0,champion
O0004286,S0045871,C03470,2025-07-16T22:00:00,social,mobile,sports,summer_social,control,312.59,15.63,296.96,116.72,0,champion
O0004287,S0045874,C03470,2025-09-15T22:00:00,organic,mobile,electronics,seo,control,201.94,10.1,191.85,72.58,0,champion
O0004288,S0045911,C03473,2025-01-11T13:00:00,email,mobile,food,crm_lifecycle,control,249.48,12.47,237.0,91.54,0,champion
O0004289,S0045914,C03473,2025-01-21T08:00:00,paid_search,desktop,food,always_on_search,control,101.7,5.09,96.62,35.58,0,champion
O0004290,S0045915,C03473,2025-02-27T19:00:00,organic,mobile,food,seo,control,664.83,33.24,631.59,257.27,0,champion
O0004291,S0045916,C03473,2025-02-24T16:00:00,social,mobile,food,summer_social,control,408.56,20.43,388.13,155.01,0,champion
O0004292,S0045931,C03473,2025-08-20T22:00:00,email,mobile,home,crm_lifecycle,control,246.16,12.31,233.85,90.22,0,champion
O0004293,S0045932,C03473,2025-08-13T10:00:00,paid_search,desktop,sports,always_on_search,control,257.57,12.88,244.69,97.77,0,champion
O0004294,S0045936,C03473,2025-09-18T20:00:00,organic,mobile,food,seo,control,393.42,19.67,373.75,148.97,0,champion
O0004295,S0045938,C03473,2025-10-09T17:00:00,paid_search,mobile,food,always_on_search,control,239.33,11.97,227.36,87.49,0,champion
O0004296,S0045940,C03473,2025-11-06T08:00:00,email,tablet,apparel,crm_lifecycle,control,482.79,24.14,458.65,187.63,0,champion
O0004297,S0045951,C03474,2025-06-09T13:00:00,email,mobile,electronics,crm_lifecycle,treatment,162.44,18.68,143.76,42.31,0,steady
O0004298,S0045960,C03476,2025-08-12T09:00:00,direct,mobile,sports,brand_direct,treatment,131.51,15.12,116.39,32.73,0,steady
O0004299,S0045964,C03476,2025-12-17T09:00:00,paid_search,mobile,home,always_on_search,treatment,203.22,23.37,179.85,54.95,0,steady
O0004300,S0045973,C03478,2025-07-08T14:00:00,social,mobile,home,summer_social,treatment,253.29,29.13,224.16,70.46,0,steady
O0004301,S0045997,C03479,2025-05-05T12:00:00,email,mobile,electronics,crm_lifecycle,control,177.01,26.55,150.46,35.63,0,deal_seeker
O0004302,S0046003,C03479,2025-07-06T08:00:00,affiliate,mobile,beauty,partner_cashback,control,153.09,26.03,127.06,28.85,0,deal_seeker
O0004303,S0046017,C03480,2025-04-14T15:00:00,paid_search,desktop,beauty,always_on_search,treatment,280.09,32.21,247.88,81.76,0,steady
O0004304,S0046032,C03480,2025-10-27T15:00:00,paid_search,mobile,apparel,always_on_search,treatment,344.32,39.6,304.72,98.65,0,steady
O0004305,S0046065,C03483,2025-01-17T14:00:00,email,mobile,sports,crm_lifecycle,treatment,152.25,28.17,124.08,27.98,0,deal_seeker
O0004306,S0046070,C03483,2025-04-25T17:00:00,email,mobile,sports,crm_lifecycle,treatment,173.25,32.05,141.2,32.95,0,deal_seeker
O0004307,S0046075,C03483,2025-06-03T22:00:00,social,mobile,food,summer_social,treatment,278.05,51.44,226.61,57.72,0,deal_seeker
O0004308,S0046076,C03483,2025-08-18T09:00:00,affiliate,desktop,food,partner_cashback,treatment,102.49,21.01,81.48,18.63,0,deal_seeker
O0004309,S0046102,C03485,2025-04-12T12:00:00,affiliate,mobile,beauty,partner_cashback,treatment,207.04,27.95,179.09,54.68,0,steady
O0004310,S0046111,C03485,2025-08-18T08:00:00,email,desktop,beauty,crm_lifecycle,treatment,355.54,40.89,314.65,105.13,0,steady
O0004311,S0046118,C03486,2025-04-05T16:00:00,organic,mobile,beauty,seo,control,267.28,21.38,245.9,78.07,0,steady
O0004312,S0046134,C03487,2025-11-13T14:00:00,social,desktop,home,summer_social,control,412.37,61.86,350.51,96.65,1,deal_seeker
O0004313,S0046142,C03488,2025-12-15T08:00:00,social,mobile,home,summer_social,control,247.16,37.07,210.09,52.93,0,deal_seeker
O0004314,S0046147,C03489,2025-08-24T08:00:00,direct,mobile,apparel,brand_direct,control,105.24,15.79,89.45,17.94,0,deal_seeker
O0004315,S0046199,C03493,2025-11-01T16:00:00,email,tablet,apparel,crm_lifecycle,treatment,197.6,36.56,161.04,41.7,1,deal_seeker
O0004316,S0046206,C03494,2025-09-12T19:00:00,affiliate,tablet,sports,partner_cashback,treatment,252.33,26.5,225.84,89.85,0,champion
O0004317,S0046208,C03494,2025-09-27T17:00:00,direct,mobile,apparel,brand_direct,treatment,324.63,27.59,297.04,116.76,0,champion
O0004318,S0046209,C03494,2025-09-16T18:00:00,affiliate,mobile,beauty,partner_cashback,treatment,215.21,22.6,192.61,72.9,0,champion
O0004319,S0046212,C03494,2025-10-14T11:00:00,social,tablet,electronics,summer_social,treatment,387.31,32.92,354.39,143.84,0,champion
O0004320,S0046215,C03494,2025-11-03T12:00:00,social,desktop,food,summer_social,treatment,272.75,23.18,249.56,99.82,0,champion
O0004321,S0046226,C03495,2025-05-17T09:00:00,paid_search,mobile,home,always_on_search,treatment,211.45,39.12,172.33,41.98,0,deal_seeker
O0004322,S0046240,C03496,2025-05-16T10:00:00,paid_search,desktop,apparel,always_on_search,control,345.53,27.64,317.89,106.26,0,steady
O0004323,S0046262,C03498,2025-05-17T08:00:00,affiliate,mobile,electronics,partner_cashback,control,132.26,22.48,109.78,23.84,1,deal_seeker
O0004324,S0046263,C03498,2025-05-05T15:00:00,email,desktop,sports,crm_lifecycle,control,297.69,44.65,253.03,68.38,0,deal_seeker
O0004325,S0046298,C03501,2025-03-23T11:00:00,affiliate,desktop,beauty,partner_cashback,treatment,104.27,14.08,90.19,26.57,0,steady
O0004326,S0046303,C03501,2025-05-01T17:00:00,social,mobile,beauty,summer_social,treatment,260.49,29.96,230.53,72.69,0,steady
O0004327,S0046315,C03501,2025-11-25T20:00:00,direct,desktop,sports,brand_direct,treatment,240.52,27.66,212.86,69.5,0,steady
O0004328,S0046325,C03503,2025-05-24T14:00:00,affiliate,mobile,electronics,partner_cashback,control,192.24,32.68,159.56,38.27,0,deal_seeker
O0004329,S0046326,C03503,2025-05-26T10:00:00,organic,mobile,apparel,seo,control,148.41,22.26,126.15,28.58,0,deal_seeker
O0004330,S0046329,C03503,2025-05-09T19:00:00,organic,desktop,apparel,seo,control,229.02,34.35,194.67,51.45,0,deal_seeker
O0004331,S0046365,C03505,2025-12-12T13:00:00,social,desktop,apparel,summer_social,treatment,196.91,36.43,160.48,41.54,0,deal_seeker
O0004332,S0046366,C03505,2025-12-16T11:00:00,email,mobile,electronics,crm_lifecycle,treatment,212.54,39.32,173.22,42.23,0,deal_seeker
O0004333,S0046372,C03506,2025-12-23T19:00:00,paid_search,mobile,electronics,always_on_search,treatment,508.62,58.49,450.13,149.55,0,steady
O0004334,S0046382,C03508,2025-04-27T22:00:00,paid_search,mobile,electronics,always_on_search,treatment,219.72,25.27,194.45,60.06,0,steady
O0004335,S0046390,C03508,2025-07-26T08:00:00,social,desktop,home,summer_social,treatment,242.69,27.91,214.78,70.17,1,steady
O0004336,S0046397,C03509,2025-08-11T09:00:00,organic,tablet,apparel,seo,treatment,379.08,32.22,346.86,140.68,0,champion
O0004337,S0046401,C03509,2025-08-25T09:00:00,social,tablet,home,summer_social,treatment,499.68,42.47,457.21,187.03,0,champion
O0004338,S0046403,C03509,2025-09-03T18:00:00,organic,mobile,food,seo,treatment,527.72,44.86,482.86,194.8,0,champion
O0004339,S0046404,C03509,2025-09-24T11:00:00,email,mobile,beauty,crm_lifecycle,treatment,465.06,39.53,425.53,170.72,0,champion
O0004340,S0046411,C03509,2025-11-15T15:00:00,organic,mobile,beauty,seo,treatment,517.6,44.0,473.6,190.91,0,champion
O0004341,S0046441,C03511,2025-11-13T22:00:00,affiliate,mobile,electronics,partner_cashback,control,185.37,18.54,166.84,50.39,0,steady
O0004342,S0046465,C03514,2025-09-07T15:00:00,social,desktop,sports,summer_social,treatment,112.12,12.89,99.23,29.73,0,steady
O0004343,S0046471,C03514,2025-12-23T20:00:00,social,mobile,apparel,summer_social,treatment,448.23,51.55,396.69,130.84,0,steady
O0004344,S0046486,C03515,2025-08-04T08:00:00,social,mobile,electronics,summer_social,treatment,183.93,34.03,149.91,35.47,0,deal_seeker
O0004345,S0046490,C03515,2025-09-06T11:00:00,organic,mobile,beauty,seo,treatment,338.24,62.57,275.67,71.94,0,deal_seeker
O0004346,S0046498,C03516,2025-02-20T09:00:00,organic,mobile,beauty,seo,treatment,355.82,40.92,314.9,102.21,0,steady
O0004347,S0046520,C03518,2025-04-25T15:00:00,organic,desktop,sports,seo,control,146.76,22.01,124.75,31.18,0,deal_seeker
O0004348,S0046537,C03519,2025-09-12T12:00:00,paid_search,desktop,beauty,always_on_search,control,261.63,20.93,240.7,79.24,0,steady
O0004349,S0046554,C03520,2025-10-06T13:00:00,paid_search,mobile,apparel,always_on_search,control,411.73,32.94,378.79,124.58,0,steady
O0004350,S0046569,C03522,2025-12-15T14:00:00,organic,mobile,beauty,seo,treatment,172.94,31.99,140.94,32.87,0,deal_seeker
O0004351,S0046623,C03527,2025-07-13T08:00:00,paid_search,tablet,food,always_on_search,treatment,160.26,18.43,141.83,44.64,0,steady
O0004352,S0046642,C03528,2025-12-20T10:00:00,email,mobile,apparel,crm_lifecycle,treatment,135.88,25.14,110.74,24.11,0,deal_seeker
O0004353,S0046647,C03530,2025-09-11T20:00:00,social,desktop,electronics,summer_social,treatment,213.82,24.59,189.23,61.23,0,steady
O0004354,S0046649,C03530,2025-09-03T17:00:00,direct,mobile,home,brand_direct,treatment,490.87,56.45,434.42,144.05,0,steady
O0004355,S0046653,C03530,2025-11-05T17:00:00,affiliate,mobile,home,partner_cashback,treatment,274.6,37.07,237.53,75.13,0,steady
O0004356,S0046658,C03530,2025-12-05T19:00:00,organic,mobile,electronics,seo,treatment,337.52,38.81,298.7,96.55,0,steady
O0004357,S0046670,C03532,2025-10-02T22:00:00,organic,mobile,home,seo,control,487.48,24.37,463.11,186.51,0,champion
O0004358,S0046704,C03535,2025-03-02T15:00:00,email,mobile,apparel,crm_lifecycle,treatment,297.45,55.03,242.42,62.3,0,deal_seeker
O0004359,S0046717,C03536,2025-10-10T11:00:00,organic,mobile,home,seo,treatment,355.42,30.21,325.21,128.59,0,champion
O0004360,S0046720,C03536,2025-10-12T21:00:00,paid_search,mobile,electronics,always_on_search,treatment,322.55,27.42,295.13,115.96,0,champion
O0004361,S0046724,C03536,2025-11-08T21:00:00,organic,mobile,sports,seo,treatment,273.2,23.22,249.98,96.99,0,champion
O0004362,S0046727,C03536,2025-11-12T19:00:00,paid_search,mobile,sports,always_on_search,treatment,233.86,19.88,213.98,81.87,0,champion
O0004363,S0046728,C03536,2025-12-10T18:00:00,social,mobile,apparel,summer_social,treatment,421.26,35.81,385.45,153.89,0,champion
O0004364,S0046730,C03536,2025-12-15T10:00:00,email,mobile,beauty,crm_lifecycle,treatment,558.68,47.49,511.2,206.7,0,champion
O0004365,S0046759,C03539,2025-09-25T17:00:00,social,mobile,beauty,summer_social,control,394.67,19.73,374.93,149.47,0,champion
O0004366,S0046767,C03539,2025-11-01T17:00:00,organic,desktop,beauty,seo,control,218.6,10.93,207.67,82.22,0,champion
O0004367,S0046776,C03540,2025-06-26T12:00:00,email,tablet,apparel,crm_lifecycle,control,246.83,19.75,227.08,74.48,0,steady
O0004368,S0046786,C03541,2025-05-16T10:00:00,social,mobile,beauty,summer_social,treatment,193.36,35.77,157.59,37.7,0,deal_seeker
O0004369,S0046818,C03542,2025-12-01T09:00:00,email,mobile,beauty,crm_lifecycle,control,151.34,16.65,134.69,33.75,0,new_or_low
O0004370,S0046819,C03543,2025-01-12T08:00:00,direct,mobile,electronics,brand_direct,treatment,88.89,12.89,76.0,15.56,0,new_or_low
O0004371,S0046832,C03544,2025-01-22T16:00:00,organic,mobile,food,seo,treatment,188.16,34.81,153.35,36.47,0,deal_seeker
O0004372,S0046839,C03544,2025-02-26T17:00:00,email,mobile,electronics,crm_lifecycle,treatment,326.48,60.4,266.08,69.16,0,deal_seeker
O0004373,S0046844,C03544,2025-04-06T18:00:00,email,desktop,sports,crm_lifecycle,treatment,89.91,16.63,73.27,16.25,0,deal_seeker
O0004374,S0046852,C03544,2025-08-14T09:00:00,email,mobile,apparel,crm_lifecycle,treatment,161.51,29.88,131.63,30.17,0,deal_seeker
O0004375,S0046858,C03544,2025-12-17T17:00:00,social,mobile,electronics,summer_social,treatment,173.37,32.07,141.3,32.98,0,deal_seeker
O0004376,S0046865,C03546,2025-08-09T09:00:00,paid_search,mobile,beauty,always_on_search,treatment,134.57,24.9,109.68,23.81,0,deal_seeker
O0004377,S0046882,C03547,2025-08-12T09:00:00,paid_search,mobile,sports,always_on_search,control,139.32,20.9,118.42,26.34,0,deal_seeker
O0004378,S0046887,C03547,2025-10-03T08:00:00,affiliate,desktop,food,partner_cashback,control,324.96,55.24,269.72,73.22,0,deal_seeker
O0004379,S0046916,C03550,2025-10-11T21:00:00,direct,mobile,electronics,brand_direct,control,163.81,13.1,150.7,44.75,0,steady
O0004380,S0046925,C03551,2025-12-25T13:00:00,email,mobile,food,crm_lifecycle,control,206.64,16.53,190.11,58.54,0,steady
O0004381,S0046948,C03553,2025-07-07T19:00:00,organic,mobile,sports,seo,control,197.97,29.7,168.28,40.8,0,deal_seeker
O0004382,S0046954,C03553,2025-11-13T17:00:00,organic,mobile,sports,seo,control,333.01,49.95,283.06,74.09,0,deal_seeker
O0004383,S0046959,C03554,2025-03-06T08:00:00,social,mobile,apparel,summer_social,treatment,339.05,28.82,310.23,122.3,0,champion
O0004384,S0046961,C03554,2025-03-23T10:00:00,paid_search,mobile,food,always_on_search,treatment,348.01,29.58,318.43,125.74,0,champion
O0004385,S0046963,C03554,2025-03-24T10:00:00,email,mobile,beauty,crm_lifecycle,treatment,304.01,25.84,278.17,108.83,0,champion
O0004386,S0046964,C03554,2025-04-21T10:00:00,affiliate,mobile,beauty,partner_cashback,treatment,662.67,69.58,593.09,241.1,0,champion
O0004387,S0046967,C03554,2025-04-17T10:00:00,direct,mobile,apparel,brand_direct,treatment,212.63,18.07,194.56,73.71,0,champion
O0004388,S0046970,C03554,2025-05-04T17:00:00,organic,mobile,apparel,seo,treatment,309.83,26.34,283.5,111.07,0,champion
O0004389,S0046973,C03554,2025-06-14T19:00:00,social,mobile,apparel,summer_social,treatment,372.89,31.7,341.19,135.3,0,champion
O0004390,S0046983,C03554,2025-08-11T08:00:00,paid_search,mobile,apparel,always_on_search,treatment,246.54,20.96,225.58,86.74,0,champion
O0004391,S0046985,C03554,2025-09-02T20:00:00,affiliate,desktop,apparel,partner_cashback,treatment,279.34,29.33,250.01,100.0,0,champion
O0004392,S0046988,C03554,2025-10-26T13:00:00,paid_search,mobile,apparel,always_on_search,treatment,275.51,23.42,252.09,97.88,0,champion
O0004393,S0046989,C03554,2025-11-04T15:00:00,organic,desktop,food,seo,treatment,301.87,25.66,276.21,111.01,0,champion
O0004394,S0046990,C03554,2025-11-17T08:00:00,organic,mobile,home,seo,treatment,350.03,29.75,320.28,126.52,0,champion
O0004395,S0046994,C03554,2025-12-04T14:00:00,social,desktop,apparel,summer_social,treatment,377.13,32.06,345.07,139.93,0,champion
O0004396,S0046995,C03554,2025-12-01T09:00:00,paid_search,desktop,apparel,always_on_search,treatment,474.92,40.37,434.55,177.51,0,champion
O0004397,S0047028,C03557,2025-10-03T21:00:00,organic,mobile,food,seo,treatment,236.72,27.22,209.5,65.32,0,steady
O0004398,S0047038,C03558,2025-08-09T18:00:00,organic,mobile,electronics,seo,treatment,157.88,29.21,128.67,29.32,0,deal_seeker
O0004399,S0047039,C03558,2025-09-07T14:00:00,paid_search,mobile,electronics,always_on_search,treatment,567.58,105.0,462.58,126.15,0,deal_seeker
O0004400,S0047046,C03559,2025-05-24T09:00:00,affiliate,mobile,electronics,partner_cashback,treatment,159.53,21.54,137.99,40.3,0,steady
O0004401,S0047106,C03563,2025-08-07T15:00:00,paid_search,desktop,home,always_on_search,treatment,293.75,33.78,259.96,85.99,0,steady
O0004402,S0047114,C03564,2025-06-09T13:00:00,email,mobile,electronics,crm_lifecycle,control,472.54,70.88,401.66,108.48,1,deal_seeker
O0004403,S0047133,C03565,2025-12-05T16:00:00,organic,mobile,apparel,seo,control,125.77,18.86,106.9,23.0,0,deal_seeker
O0004404,S0047135,C03566,2025-04-05T17:00:00,organic,mobile,beauty,seo,control,348.62,27.89,320.73,104.25,0,steady
O0004405,S0047147,C03566,2025-11-09T15:00:00,organic,mobile,home,seo,control,174.36,13.95,160.41,48.14,0,steady
O0004406,S0047156,C03567,2025-12-15T15:00:00,direct,mobile,electronics,brand_direct,treatment,170.05,31.46,138.59,32.19,0,deal_seeker
O0004407,S0047186,C03570,2025-07-02T11:00:00,paid_search,mobile,food,always_on_search,treatment,381.12,70.51,310.62,82.08,0,deal_seeker
O0004408,S0047194,C03570,2025-11-01T10:00:00,social,mobile,apparel,summer_social,treatment,232.17,42.95,189.22,46.87,1,deal_seeker
O0004409,S0047199,C03571,2025-08-01T11:00:00,social,mobile,beauty,summer_social,treatment,189.73,35.1,154.63,36.84,0,deal_seeker
O0004410,S0047220,C03573,2025-07-16T21:00:00,social,mobile,food,summer_social,treatment,348.54,29.63,318.91,125.94,0,champion
O0004411,S0047221,C03573,2025-07-25T10:00:00,paid_search,desktop,food,always_on_search,treatment,412.26,35.04,377.22,153.43,0,champion
O0004412,S0047225,C03573,2025-09-06T19:00:00,email,mobile,food,crm_lifecycle,treatment,291.21,24.75,266.46,103.91,1,champion
O0004413,S0047248,C03575,2025-10-20T12:00:00,affiliate,mobile,apparel,partner_cashback,control,208.98,20.9,188.08,57.83,0,steady
O0004414,S0047257,C03576,2025-11-26T16:00:00,email,desktop,home,crm_lifecycle,control,443.19,22.16,421.03,171.83,0,champion
O0004415,S0047260,C03577,2025-03-07T14:00:00,email,desktop,electronics,crm_lifecycle,control,244.69,36.7,207.99,55.32,0,deal_seeker
O0004416,S0047262,C03577,2025-05-25T14:00:00,organic,desktop,sports,seo,control,101.11,15.17,85.95,19.92,0,deal_seeker
O0004417,S0047279,C03578,2025-07-19T19:00:00,direct,desktop,beauty,brand_direct,control,218.08,17.45,200.63,65.22,0,steady
O0004418,S0047298,C03579,2025-03-24T10:00:00,paid_search,desktop,electronics,always_on_search,control,179.05,26.86,152.19,39.14,0,deal_seeker
O0004419,S0047322,C03580,2025-09-05T18:00:00,social,desktop,electronics,summer_social,treatment,118.16,13.59,104.57,31.6,0,steady
O0004420,S0047345,C03582,2025-10-11T08:00:00,social,mobile,home,summer_social,control,657.19,98.58,558.61,154.0,0,deal_seeker
O0004421,S0047371,C03585,2025-11-20T11:00:00,organic,mobile,food,seo,control,461.21,23.06,438.15,176.02,1,champion
O0004422,S0047373,C03585,2025-11-24T09:00:00,paid_search,mobile,home,always_on_search,control,565.5,28.27,537.22,217.63,0,champion
O0004423,S0047376,C03586,2025-10-20T13:00:00,social,mobile,home,summer_social,control,268.79,40.32,228.47,58.26,0,deal_seeker
O0004424,S0047393,C03588,2025-05-20T19:00:00,organic,mobile,beauty,seo,treatment,267.01,30.71,236.3,74.71,0,steady
O0004425,S0047397,C03588,2025-06-05T18:00:00,organic,mobile,apparel,seo,treatment,158.71,18.25,140.46,41.16,0,steady
O0004426,S0047399,C03588,2025-08-24T08:00:00,organic,mobile,electronics,seo,treatment,193.58,22.26,171.32,51.96,0,steady
O0004427,S0047417,C03589,2025-06-13T20:00:00,social,tablet,electronics,summer_social,treatment,252.56,29.04,223.51,73.23,0,steady
O0004428,S0047436,C03590,2025-03-19T15:00:00,affiliate,tablet,sports,partner_cashback,treatment,120.26,16.23,104.02,31.41,0,steady
O0004429,S0047447,C03590,2025-07-01T16:00:00,paid_search,mobile,food,always_on_search,treatment,98.3,11.3,86.99,22.45,0,steady
O0004430,S0047465,C03591,2025-08-12T15:00:00,email,mobile,apparel,crm_lifecycle,treatment,228.84,26.32,202.52,62.88,0,steady
O0004431,S0047484,C03593,2025-04-22T14:00:00,direct,mobile,sports,brand_direct,control,78.56,11.78,66.78,11.37,0,deal_seeker
O0004432,S0047492,C03593,2025-09-16T21:00:00,social,desktop,apparel,summer_social,control,201.88,30.28,171.6,44.76,0,deal_seeker
O0004433,S0047499,C03593,2025-12-19T13:00:00,organic,mobile,home,seo,control,189.41,28.41,161.0,38.69,0,deal_seeker
O0004434,S0047502,C03594,2025-09-16T21:00:00,organic,mobile,electronics,seo,treatment,327.58,27.84,299.73,117.89,0,champion
O0004435,S0047503,C03594,2025-09-15T10:00:00,direct,mobile,apparel,brand_direct,treatment,171.04,14.54,156.5,57.73,0,champion
O0004436,S0047506,C03594,2025-10-13T11:00:00,email,mobile,beauty,crm_lifecycle,treatment,345.34,29.35,315.99,124.72,0,champion
O0004437,S0047520,C03595,2025-09-01T09:00:00,paid_search,mobile,electronics,always_on_search,treatment,285.9,32.88,253.02,80.56,0,steady
O0004438,S0047524,C03595,2025-10-08T11:00:00,social,mobile,apparel,summer_social,treatment,179.67,20.66,159.01,47.65,0,steady
O0004439,S0047525,C03595,2025-12-16T18:00:00,direct,mobile,beauty,brand_direct,treatment,193.44,22.25,171.19,51.92,0,steady
O0004440,S0047534,C03597,2025-09-19T22:00:00,organic,desktop,food,seo,control,573.09,45.85,527.25,179.54,0,steady
O0004441,S0047551,C03599,2025-09-13T16:00:00,organic,tablet,sports,seo,control,121.65,13.38,108.27,28.56,0,new_or_low
O0004442,S0047556,C03600,2025-05-22T13:00:00,paid_search,desktop,food,always_on_search,treatment,383.96,44.16,339.81,113.93,0,steady
O0004443,S0047558,C03600,2025-05-18T09:00:00,social,mobile,food,summer_social,treatment,176.97,20.35,156.62,46.82,0,steady
O0004444,S0047559,C03600,2025-05-26T13:00:00,social,desktop,food,summer_social,treatment,148.82,17.11,131.7,41.1,0,steady
O0004445,S0047560,C03600,2025-06-06T19:00:00,paid_search,mobile,food,always_on_search,treatment,435.49,50.08,385.41,126.89,0,steady
O0004446,S0047567,C03600,2025-10-27T22:00:00,organic,desktop,home,seo,treatment,251.1,28.88,222.22,72.78,0,steady
