customer_id,recency_days,frequency,monetary,gross_margin,coupon_spend,return_rate,r_score,f_score,m_score,rfm_score,segment
C00877,2,15,5229.24,2091.29,493.46000000000004,0.0,5,5,5,15,Champions
C02239,19,10,4148.13,1668.22,385.34000000000003,0.1,5,5,5,15,Champions
C01010,10,9,3770.39,1520.57,224.22,0.1111111111111111,5,5,5,15,Champions
C02515,7,12,3601.86,1425.79,351.2,0.0,5,5,5,15,Champions
C00405,6,9,3563.49,1436.6499999999999,196.15,0.0,5,5,5,15,Champions
C02095,3,10,3346.94,1331.71,310.92,0.0,5,5,5,15,Champions
C02257,12,10,3231.11,1289.09,178.07999999999998,0.1,5,5,5,15,Champions
C00416,10,9,3176.42,1283.1,167.17,0.0,5,5,5,15,Champions
C02343,6,9,3102.69,1243.1299999999999,294.63,0.0,5,5,5,15,Champions
C02274,5,7,3086.57,1240.35,183.75,0.0,5,5,5,15,Champions
C01969,17,9,2967.64,1183.41,275.67,0.1111111111111111,5,5,5,15,Champions
C02795,9,7,2901.2799999999997,1174.54,152.71,0.14285714285714285,5,5,5,15,Champions
C00207,15,9,2894.2,1158.56,281.53,0.1111111111111111,5,5,5,15,Champions
C01885,4,7,2890.4700000000003,1161.0,159.79,0.0,5,5,5,15,Champions
C01774,21,8,2862.89,1141.4099999999999,277.4,0.0,5,5,5,15,Champions
C00277,6,7,2779.64,1114.45,146.29,0.0,5,5,5,15,Champions
C00755,7,6,2765.32,1116.42,169.3,0.0,5,5,5,15,Champions
C01767,17,8,2765.0299999999997,1097.32,159.65,0.0,5,5,5,15,Champions
C02703,3,8,2695.0099999999998,1076.91,258.35,0.0,5,5,5,15,Champions
C01144,16,7,2688.14,1082.03,249.72,0.14285714285714285,5,5,5,15,Champions
C00271,5,9,2670.07,1067.43,248.03,0.0,5,5,5,15,Champions
C03006,16,9,2662.47,1052.24,263.93,0.0,5,5,5,15,Champions
C01194,20,7,2595.52,1043.12,241.11,0.0,5,5,5,15,Champions
C01342,21,8,2573.01,1022.6700000000001,261.15,0.0,5,5,5,15,Champions
C02547,9,8,2563.0,1024.46,142.51,0.0,5,5,5,15,Champions
C01436,3,8,2556.02,1018.53,252.87,0.125,5,5,5,15,Champions
C00815,22,8,2521.87,998.17,154.41,0.0,5,5,5,15,Champions
C01228,19,7,2477.18,990.42,130.38,0.2857142857142857,5,5,5,15,Champions
C01720,21,7,2449.42,975.76,136.79999999999998,0.0,5,5,5,15,Champions
C01923,10,7,2293.9700000000003,910.46,127.3,0.0,5,5,5,15,Champions
C02129,14,8,2278.65,905.0300000000001,216.64,0.0,5,5,5,15,Champions
C00679,22,7,2277.05,909.36,126.32,0.2857142857142857,5,5,5,15,Champions
C01556,6,8,2254.46,885.89,217.19,0.0,5,5,5,15,Champions
C01992,1,5,2164.8199999999997,878.23,201.1,0.2,5,5,5,15,Champions
C01122,15,5,2155.62,874.36,200.24,0.0,5,5,5,15,Champions
C03378,1,5,2139.64,861.64,130.83,0.0,5,5,5,15,Champions
C01404,9,7,2125.9,839.8699999999999,119.09,0.14285714285714285,5,5,5,15,Champions
C02103,23,7,2105.11,831.14,208.14,0.0,5,5,5,15,Champions
C00680,1,6,2097.67,836.02,194.87,0.0,5,5,5,15,Champions
C03244,2,5,2089.96,837.79,194.14,0.0,5,5,5,15,Champions
C01570,7,6,2064.48,825.0799999999999,191.78,0.0,5,5,5,15,Champions
C01438,2,5,2021.34,817.96,187.76999999999998,0.0,5,5,5,15,Champions
C03242,17,6,2004.74,806.0,105.5,0.0,5,5,5,15,Champions
C03536,13,6,1980.9499999999998,784.0,184.03,0.0,5,5,5,15,Champions
C01731,10,5,1970.24,796.5,194.56,0.0,5,5,5,15,Champions
C01248,9,5,1953.46,789.45,102.81,0.0,5,5,5,15,Champions
C01443,11,6,1923.62,765.9200000000001,101.24000000000001,0.0,5,5,5,15,Champions
C02260,14,6,1920.16,764.46,193.46,0.0,5,5,5,15,Champions
C03013,9,5,1887.65,761.8,107.78,0.0,5,5,5,15,Champions
C03362,19,6,1852.8000000000002,745.18,97.52,0.0,5,5,5,15,Champions
C00836,6,5,1843.53,743.29,171.26,0.0,5,5,5,15,Champions
C02058,13,6,1806.3500000000001,716.67,95.08,0.0,5,5,5,15,Champions
C02323,7,5,1790.3700000000001,717.96,102.49000000000001,0.0,5,5,5,15,Champions
C03445,1,6,1748.8899999999999,695.53,92.03999999999999,0.0,5,5,5,15,Champions
C02225,8,5,1746.33,699.46,170.75,0.0,5,5,5,15,Champions
C00756,22,5,1727.72,688.6400000000001,95.26,0.0,5,5,5,15,Champions
C01078,10,4,1674.77,677.41,88.14,0.0,5,5,5,15,Champions
C02168,5,5,1653.65,654.53,87.03,0.0,5,5,5,15,Champions
C01578,1,5,1651.45,656.62,163.52,0.2,5,5,5,15,Champions
C03208,20,5,1648.15,655.21,153.1,0.0,5,5,5,15,Champions
C02579,4,6,1635.74,648.01,86.08,0.0,5,5,5,15,Champions
C01037,13,6,1618.35,637.71,85.17,0.0,5,5,5,15,Champions
C02880,6,4,1594.86,640.8399999999999,148.15,0.0,5,5,5,15,Champions
C02457,22,4,1585.37,633.86,147.27,0.0,5,5,5,15,Champions
C03443,14,5,1551.38,614.58,90.53999999999999,0.0,5,5,5,15,Champions
C00582,1,5,1547.59,615.99,143.76,0.0,5,5,5,15,Champions
C03238,8,4,1487.12,595.5799999999999,149.57999999999998,0.0,5,5,5,15,Champions
C02324,11,6,1484.32,578.4,137.89,0.0,5,5,5,15,Champions
C01027,14,6,1465.1999999999998,385.90999999999997,258.56,0.0,5,5,5,15,Champions
C01586,14,4,1453.2,581.35,76.48,0.0,5,5,5,15,Champions
C00487,5,5,1399.53,556.81,73.66,0.0,5,5,5,15,Champions
C01876,8,4,1394.47,556.68,129.54,0.0,5,5,5,15,Champions
C00676,1,5,1389.53,543.6,129.07999999999998,0.0,5,5,5,15,Champions
C02100,6,4,1386.2,553.21,72.94999999999999,0.0,5,5,5,15,Champions
C01069,2,5,1364.29,539.01,126.73,0.0,5,5,5,15,Champions
C01598,18,5,1318.1599999999999,516.62,69.37,0.0,5,5,5,15,Champions
C00303,4,4,1299.33,519.72,68.39,0.0,5,5,5,15,Champions
C01076,10,4,1283.79,507.19000000000005,119.25,0.0,5,5,5,15,Champions
C02521,18,3,1256.16,503.59000000000003,82.93,0.3333333333333333,5,5,5,15,Champions
C00372,23,4,1243.25,490.17,72.09,0.0,5,5,5,15,Champions
C01931,19,4,1237.34,493.68,72.92,0.0,5,5,5,15,Champions
C03078,23,3,1236.81,498.45,124.69999999999999,0.0,5,5,5,15,Champions
C01209,10,4,1220.75,398.25,106.15,0.0,5,5,5,15,Champions
C00460,6,5,1203.72,474.56000000000006,111.83,0.2,5,5,5,15,Champions
C03261,19,4,1200.68,475.29,120.37,0.0,5,5,5,15,Champions
C01084,10,4,1192.51,468.85999999999996,67.91,0.25,5,5,5,15,Champions
C00835,23,5,1162.82,454.39,108.00999999999999,0.0,5,5,5,15,Champions
C01785,21,4,1147.22,452.83,106.58,0.0,5,5,5,15,Champions
C01751,6,4,1138.41,452.13,105.75,0.0,5,5,5,15,Champions
C02705,17,3,1116.22,444.81999999999994,58.75,0.0,5,5,5,15,Champions
C00500,7,4,1115.49,364.41999999999996,101.9,0.0,5,5,5,15,Champions
C00176,17,4,1109.17,436.84000000000003,103.04,0.0,5,5,5,15,Champions
C02370,14,3,1100.85,367.3,143.05,0.0,5,5,5,15,Champions
C03101,5,5,1100.03,282.0,261.11,0.0,5,5,5,15,Champions
C00520,10,4,1090.01,425.8,107.82000000000001,0.0,5,5,5,15,Champions
C00521,23,6,1074.83,272.71,194.48,0.0,5,5,5,15,Champions
C03367,9,3,1066.43,432.9,56.129999999999995,0.0,5,5,5,15,Champions
C03376,9,3,1064.57,426.12,64.00999999999999,0.0,5,5,5,15,Champions
C03377,18,3,1046.47,415.52,97.22,0.0,5,5,5,15,Champions
C02338,8,4,1040.13,404.85,96.61,0.0,5,5,5,15,Champions
C03392,22,4,1033.74,405.18,58.81,0.0,5,5,5,15,Champions
C01487,17,4,1014.38,394.03000000000003,53.4,0.0,5,5,5,15,Champions
C00279,6,4,1004.09,328.43,137.09,0.25,5,5,5,15,Champions
C00778,19,4,975.0699999999999,253.77,233.16000000000003,0.0,5,5,5,15,Champions
C00399,16,4,926.4200000000001,242.64999999999998,210.29000000000002,0.0,5,5,5,15,Champions
C02868,10,4,897.7,345.04,83.39,0.0,5,5,5,15,Champions
C02758,15,4,891.4000000000001,348.39,46.93,0.0,5,5,5,15,Champions
C03181,3,4,889.73,229.03,213.76999999999998,0.0,5,5,5,15,Champions
C01645,12,4,886.38,346.28,87.24,0.0,5,5,5,15,Champions
C01437,4,5,881.12,271.40999999999997,80.23,0.2,5,5,5,15,Champions
C02654,22,3,852.86,277.5,74.16,0.0,5,5,5,15,Champions
C02480,21,3,838.64,269.52,80.4,0.0,5,5,5,15,Champions
C03193,7,3,833.69,329.15,43.88,0.0,5,5,5,15,Champions
C00327,22,4,825.85,257.03999999999996,107.31,0.0,5,5,5,15,Champions
C00983,13,4,819.17,205.56,185.95,0.0,5,5,5,15,Champions
C02516,7,4,800.08,254.04,103.96,0.0,5,5,5,15,Champions
C02740,20,5,781.0699999999999,192.51,180.42000000000002,0.0,5,5,5,15,Champions
C00215,52,12,4490.18,1807.8899999999999,430.0,0.0,4,5,5,14,Champions
C03554,24,14,4422.96,1757.6399999999999,431.48,0.0,4,5,5,14,Champions
C02482,24,9,3847.33,1552.86,357.40999999999997,0.1111111111111111,4,5,5,14,Champions
C01018,24,10,3569.25,1428.0900000000001,187.85999999999999,0.0,4,5,5,14,Champions
C00905,45,10,3428.76,1366.08,186.45999999999998,0.1,4,5,5,14,Champions
C02678,35,9,3087.79,1236.88,162.51,0.1111111111111111,4,5,5,14,Champions
C02156,49,8,3056.41,1228.69,283.93,0.125,4,5,5,14,Champions
C02114,50,9,2961.11,1180.67,281.36,0.0,4,5,5,14,Champions
C03473,52,9,2891.64,1151.48,152.20000000000002,0.0,4,5,5,14,Champions
C02237,42,8,2829.46,1136.38,148.92,0.0,4,5,5,14,Champions
C03359,46,6,2740.52,1106.02,148.78,0.0,4,5,5,14,Champions
C03124,44,7,2648.17,1065.22,246.01,0.0,4,5,5,14,Champions
C00702,33,8,2637.2,1043.63,245.0,0.0,4,5,5,14,Champions
C01100,24,8,2512.17,1006.13,243.93,0.0,4,5,5,14,Champions
C02591,35,7,2441.11,978.28,128.47,0.0,4,5,5,14,Champions
C03290,27,8,2409.05,956.8,126.8,0.0,4,5,5,14,Champions
C02140,24,8,2391.34,943.37,125.85,0.0,4,5,5,14,Champions
C00866,38,6,2334.4300000000003,941.46,122.85000000000001,0.0,4,5,5,14,Champions
C00911,50,7,2290.75,918.12,120.57,0.0,4,5,5,14,Champions
C02352,42,8,2251.83,884.75,218.34,0.0,4,5,5,14,Champions
C01199,40,8,2249.91,889.97,229.03,0.0,4,5,5,14,Champions
C02897,27,7,2248.52,894.39,221.69,0.0,4,5,5,14,Champions
C03509,43,5,2186.06,884.14,203.07999999999998,0.0,4,5,5,14,Champions
C01071,36,6,2114.75,843.2,117.68,0.0,4,5,5,14,Champions
C02026,41,6,2100.73,840.31,119.28,0.0,4,5,5,14,Champions
C00248,43,6,2064.11,824.9200000000001,108.64,0.0,4,5,5,14,Champions
C01561,41,5,2039.98,822.79,189.5,0.0,4,5,5,14,Champions
C02768,43,6,2028.6,813.01,188.44,0.0,4,5,5,14,Champions
C01768,53,6,2010.91,805.58,186.8,0.16666666666666666,4,5,5,14,Champions
C02171,34,7,1973.49,775.86,187.98,0.0,4,5,5,14,Champions
C01421,38,5,1933.79,778.2,101.77,0.2,4,5,5,14,Champions
C01368,40,6,1881.3300000000002,751.16,183.19,0.0,4,5,5,14,Champions
C00544,42,5,1853.3500000000001,744.4100000000001,97.53999999999999,0.0,4,5,5,14,Champions
C01085,33,6,1852.43,739.02,172.09,0.0,4,5,5,14,Champions
C01108,37,5,1831.17,729.08,170.1,0.0,4,5,5,14,Champions
C01704,27,6,1784.63,710.54,108.6,0.0,4,5,5,14,Champions
C01420,31,7,1770.99,693.81,164.51,0.0,4,5,5,14,Champions
C01195,37,5,1763.39,709.61,172.29,0.0,4,5,5,14,Champions
C03418,23,6,1740.9099999999999,689.18,91.62,0.0,4,5,5,14,Champions
C00587,44,5,1735.9099999999999,692.09,161.26,0.0,4,5,5,14,Champions
C01497,51,6,1731.72,688.32,95.77000000000001,0.0,4,5,5,14,Champions
C00168,45,5,1680.8,671.9300000000001,88.45,0.0,4,5,5,14,Champions
C01728,27,5,1672.44,671.4200000000001,155.36,0.0,4,5,5,14,Champions
C02780,31,5,1617.81,648.48,90.4,0.0,4,5,5,14,Champions
C02805,44,5,1614.89,641.25,85.0,0.0,4,5,5,14,Champions
C01965,45,5,1571.65,623.1,146.0,0.0,4,5,5,14,Champions
C01495,37,4,1563.3,627.5799999999999,88.11,0.0,4,5,5,14,Champions
C00149,27,5,1514.35,602.03,84.94,0.0,4,5,5,14,Champions
C00490,36,5,1512.31,601.1800000000001,140.49,0.0,4,5,5,14,Champions
C02164,24,5,1510.8600000000001,597.56,140.35,0.0,4,5,5,14,Champions
C02750,49,4,1492.36,597.8,91.81,0.0,4,5,5,14,Champions
C01002,33,5,1481.87,582.38,78.00999999999999,0.0,4,5,5,14,Champions
C02904,25,5,1457.76,572.27,135.42000000000002,0.0,4,5,5,14,Champions
C01918,32,5,1433.76,562.1800000000001,133.19,0.0,4,5,5,14,Champions
C00838,24,4,1394.4,556.65,73.39,0.0,4,5,5,14,Champions
C03149,40,5,1376.4099999999999,450.75,191.17,0.0,4,5,5,14,Champions
C00691,2,3,1372.47,558.4300000000001,72.24,0.0,5,4,5,14,Champions
C03446,24,5,1349.74,529.88,130.75,0.0,4,5,5,14,Champions
C00720,26,4,1346.88,533.69,79.45,0.0,4,5,5,14,Champions
C01745,14,3,1306.28,530.64,68.75,0.0,5,4,5,14,Champions
C01725,55,5,1304.23,510.78,72.65,0.0,4,5,5,14,Champions
C02027,25,4,1287.2,508.62,119.59,0.0,4,5,5,14,Champions
C03334,49,3,1259.88,511.15,125.9,0.6666666666666666,4,5,5,14,Champions
C00644,6,3,1238.1,496.01,65.16,0.0,5,4,5,14,Champions
C01892,9,3,1218.85,487.92,113.22,0.0,5,4,5,14,Champions
C02439,51,4,1200.7,475.3,119.82,0.0,4,5,5,14,Champions
C02222,5,3,1164.26,468.0,108.15,0.0,5,4,5,14,Champions
C02550,52,3,1162.42,473.21000000000004,61.18,0.0,4,5,5,14,Champions
C03530,23,4,1159.88,376.96,156.92000000000002,0.0,4,5,5,14,Champions
C02420,33,4,1159.22,376.72,164.28,0.25,4,5,5,14,Champions
C02054,51,5,1156.25,364.69,158.53,0.0,4,5,5,14,Champions
C02511,26,3,1151.87,465.78999999999996,60.629999999999995,0.0,4,5,5,14,Champions
C00278,27,4,1144.1799999999998,454.55,65.45,0.0,4,5,5,14,Champions
C03246,52,4,1139.62,449.64,105.87,0.0,4,5,5,14,Champions
C01644,11,3,1138.26,457.07,105.74000000000001,0.0,5,4,5,14,Champions
C01963,14,3,1132.7099999999998,454.75,105.22,0.0,5,4,5,14,Champions
C02255,36,4,1120.04,444.41999999999996,58.95,0.0,4,5,5,14,Champions
C01181,34,4,1094.76,433.81,57.61,0.0,4,5,5,14,Champions
C02433,45,3,1094.2,438.57,119.77000000000001,0.0,4,5,5,14,Champions
C03214,37,4,1089.3899999999999,355.28000000000003,141.56,0.0,4,5,5,14,Champions
C00422,43,4,1078.21,351.37,140.1,0.0,4,5,5,14,Champions
C01844,2,3,1059.67,421.06,98.44,0.0,5,4,5,14,Champions
C02509,37,3,1025.32,406.63,53.96,0.0,4,5,5,14,Champions
C02152,18,3,1023.56,405.9,53.879999999999995,0.0,5,4,5,14,Champions
C02327,48,4,1023.31,397.79,95.07,0.0,4,5,5,14,Champions
C03165,23,2,1011.88,411.99,53.26,0.0,5,4,5,14,Champions
C00700,12,3,1007.81,271.27,177.85,0.0,5,4,5,14,Champions
C02215,6,3,995.62,397.16999999999996,52.41,0.0,5,4,5,14,Champions
C00357,50,4,986.08,322.13,134.26999999999998,0.0,4,5,5,14,Champions
C00196,40,5,983.55,307.24,85.52,0.2,4,5,5,14,Champions
C01602,3,3,962.1300000000001,380.1,50.64,0.0,5,4,5,14,Champions
C00967,27,4,960.6899999999999,316.24,131.07999999999998,0.0,4,5,5,14,Champions
C02871,32,3,958.1,311.33,91.06,0.0,4,5,5,14,Champions
C03231,23,3,946.3699999999999,307.23,122.97999999999999,0.0,4,5,5,14,Champions
C01855,18,3,930.03,366.61,86.39,0.0,5,4,5,14,Champions
C01522,10,3,920.81,368.74,85.54,0.0,5,4,5,14,Champions
C01276,50,4,920.25,234.88,162.39999999999998,0.0,4,5,5,14,Champions
C02425,55,3,916.92,367.1,48.260000000000005,0.3333333333333333,4,5,5,14,Champions
C01973,2,3,913.06,359.49,48.06,0.0,5,4,5,14,Champions
C00096,24,6,912.34,222.57,160.99,0.16666666666666666,4,5,5,14,Champions
C02262,23,3,892.3399999999999,350.79,51.79,0.0,5,4,5,14,Champions
C02990,4,2,866.61,350.97,80.5,0.0,5,4,5,14,Champions
C01627,14,3,860.4300000000001,343.38,79.93,0.0,5,4,5,14,Champions
C02700,42,3,855.5999999999999,341.34999999999997,79.47999999999999,0.0,4,5,5,14,Champions
C03432,40,3,851.46,336.61,44.81,0.0,4,5,5,14,Champions
C00725,32,5,846.38,208.45,198.02,0.2,4,5,5,14,Champions
C01511,2,3,844.33,330.62,44.44,0.0,5,4,5,14,Champions
C02329,7,3,843.97,330.46000000000004,51.28,0.0,5,4,5,14,Champions
C02757,16,2,817.8699999999999,273.26,71.12,0.0,5,4,5,14,Champions
C02828,27,4,807.85,205.28,149.68,0.0,4,5,5,14,Champions
C01190,4,3,802.74,259.95,104.32,0.0,5,4,5,14,Champions
C02877,37,4,801.55,257.54,69.7,0.25,4,5,5,14,Champions
C01940,14,2,798.03,215.43,181.14,0.0,5,4,5,14,Champions
C01197,7,3,797.6600000000001,258.18,107.99000000000001,0.3333333333333333,5,4,5,14,Champions
C00085,1,3,780.7,303.9,41.089999999999996,0.0,5,4,5,14,Champions
C02557,22,3,774.5600000000001,307.32,71.96000000000001,0.0,5,5,4,14,Champions
C03106,9,5,772.01,242.21,102.89,0.0,5,5,4,14,Champions
C03544,11,5,765.63,185.03,173.79,0.0,5,5,4,14,Champions
C00991,21,4,751.84,234.15,65.38,0.0,5,5,4,14,Champions
C01150,19,4,716.23,178.71,126.39,0.0,5,5,4,14,Champions
C03383,18,3,711.98,231.19,61.92,0.0,5,5,4,14,Champions
C01612,22,4,683.22,169.14,155.09,0.25,5,5,4,14,Champions
C00601,13,4,677.98,170.6,119.63999999999999,0.0,5,5,4,14,Champions
C02806,15,3,669.07,210.18,58.18,0.0,5,5,4,14,Champions
C02452,5,4,668.96,167.99,158.89,0.5,5,5,4,14,Champions
C03017,16,3,625.23,200.82999999999998,93.22999999999999,0.0,5,5,4,14,Champions
C01869,17,4,606.73,183.36,52.76,0.0,5,5,4,14,Champions
C03595,12,3,583.22,180.13,75.79,0.0,5,5,4,14,Champions
C02646,3,3,563.19,176.12,73.18,0.3333333333333333,5,5,4,14,Champions
C01569,10,4,559.21,133.16,131.28,0.0,5,5,4,14,Champions
C01372,12,4,546.81,129.57999999999998,96.49000000000001,0.0,5,5,4,14,Champions
C03466,4,3,509.88,157.46,66.25,0.0,5,5,4,14,Champions
C03065,8,3,484.67999999999995,148.64,42.14,0.0,5,5,4,14,Champions
C00901,4,4,427.12,91.86,75.38,0.5,5,5,4,14,Champions
C01363,66,8,3192.65,1288.91,296.59000000000003,0.0,3,5,5,13,Loyal High Value
C00126,67,10,2930.13,1162.6599999999999,290.25,0.0,3,5,5,13,Loyal High Value
C00114,67,8,2890.67,1159.08,152.16,0.125,3,5,5,13,Loyal High Value
C03034,57,8,2830.1,1136.6599999999999,284.01,0.0,3,5,5,13,Loyal High Value
C00381,83,7,2653.2200000000003,1064.33,264.62,0.14285714285714285,3,5,5,13,Loyal High Value
C03434,82,8,2614.63,1037.15,242.89999999999998,0.0,3,5,5,13,Loyal High Value
C00874,96,7,2605.34,1047.25,152.44,0.14285714285714285,3,5,5,13,Loyal High Value
C01272,95,7,2545.29,1018.99,140.04,0.0,3,5,5,13,Loyal High Value
C01207,74,6,2401.3,966.55,126.4,0.0,3,5,5,13,Loyal High Value
C00505,100,7,2388.1,947.01,221.84,0.0,3,5,5,13,Loyal High Value
C01468,97,8,2376.67,943.2,220.79,0.0,3,5,5,13,Loyal High Value
C01864,96,6,2302.05,921.88,133.74,0.0,3,5,5,13,Loyal High Value
C02616,73,5,2254.3900000000003,909.86,209.42000000000002,0.0,3,5,5,13,Loyal High Value
C00067,68,4,2207.75,898.25,124.75999999999999,0.0,3,5,5,13,Loyal High Value
C03311,95,7,2194.95,871.89,203.89000000000001,0.0,3,5,5,13,Loyal High Value
C00368,86,7,2127.66,843.62,111.98,0.0,3,5,5,13,Loyal High Value
C01156,64,8,2107.01,829.95,200.41,0.0,3,5,5,13,Loyal High Value
C01217,92,6,2082.99,832.86,115.03,0.0,3,5,5,13,Loyal High Value
C02348,56,6,2082.43,835.62,193.46,0.0,3,5,5,13,Loyal High Value
C00600,65,6,1947.9099999999999,779.13,188.82,0.0,3,5,5,13,Loyal High Value
C03081,99,5,1865.67,746.5799999999999,103.79,0.0,3,5,5,13,Loyal High Value
C02429,92,6,1835.15,728.76,105.87,0.0,3,5,5,13,Loyal High Value
C02341,69,6,1747.19,688.83,169.53,0.0,3,5,5,13,Loyal High Value
C00156,63,6,1714.04,680.9100000000001,165.41,0.0,3,5,5,13,Loyal High Value
C00143,66,5,1661.09,663.65,97.80000000000001,0.4,3,5,5,13,Loyal High Value
C03303,81,5,1622.21,641.3299999999999,93.74000000000001,0.0,3,5,5,13,Loyal High Value
C03447,69,5,1604.1399999999999,639.73,84.42,0.2,3,5,5,13,Loyal High Value
C03074,95,5,1596.6,639.56,148.32,0.0,3,5,5,13,Loyal High Value
C01273,97,5,1580.85,623.97,146.86,0.0,3,5,5,13,Loyal High Value
C03291,68,4,1572.0,628.23,91.1,0.0,3,5,5,13,Loyal High Value
C01912,71,5,1567.88,624.5,145.65,0.0,3,5,5,13,Loyal High Value
C02556,82,6,1563.46,617.65,150.78,0.0,3,5,5,13,Loyal High Value
C01848,63,4,1522.69,610.53,141.45,0.0,3,5,5,13,Loyal High Value
C03226,65,4,1481.09,599.05,137.59,0.0,3,5,5,13,Loyal High Value
C01308,66,5,1474.08,588.11,77.59,0.0,3,5,5,13,Loyal High Value
C02614,75,4,1442.44,576.83,139.53,0.0,3,5,5,13,Loyal High Value
C02664,76,4,1398.05,564.19,87.82,0.0,3,5,5,13,Loyal High Value
C02568,62,4,1373.6100000000001,550.92,134.26,0.0,3,5,5,13,Loyal High Value
C03494,55,5,1319.44,523.1700000000001,132.79,0.0,3,5,5,13,Loyal High Value
C03048,98,5,1287.19,509.62,119.58000000000001,0.0,3,5,5,13,Loyal High Value
C02487,101,4,1256.0900000000001,495.56,124.64,0.0,3,5,5,13,Loyal High Value
C02861,94,4,1239.8,494.71000000000004,65.25,0.0,3,5,5,13,Loyal High Value
C03600,62,5,1235.76,401.52,160.57999999999998,0.0,3,5,5,13,Loyal High Value
C02319,68,4,1203.96,476.65999999999997,63.37,0.0,3,5,5,13,Loyal High Value
C02072,76,4,1176.54,465.16,109.28999999999999,0.0,3,5,5,13,Loyal High Value
C00944,76,4,1132.55,443.68,105.22,0.0,3,5,5,13,Loyal High Value
C00159,92,5,1131.9,362.16,104.8,0.0,3,5,5,13,Loyal High Value
C01739,98,4,1131.38,452.17,111.68,0.25,3,5,5,13,Loyal High Value
C00102,101,5,1125.7,435.79,104.58,0.2,3,5,5,13,Loyal High Value
C00026,72,4,1114.77,358.16999999999996,99.76,0.0,3,5,5,13,Loyal High Value
C01873,43,3,1111.73,445.92999999999995,103.28,0.0,4,4,5,13,Champions
C01651,33,3,1110.24,442.28999999999996,58.44,0.3333333333333333,4,4,5,13,Champions
C02811,79,3,1100.08,438.03,69.6,0.0,3,5,5,13,Loyal High Value
C02907,83,3,1097.47,445.93,62.849999999999994,0.0,3,5,5,13,Loyal High Value
C02361,53,3,1079.34,432.32000000000005,100.25999999999999,0.0,4,4,5,13,Champions
C01255,35,3,1071.07,428.84999999999997,99.5,0.0,4,4,5,13,Champions
C00715,56,4,1057.75,415.25,61.79,0.0,3,5,5,13,Loyal High Value
C03099,68,4,1051.56,415.65,97.69,0.0,3,5,5,13,Loyal High Value
C00552,98,4,1050.3,415.12,97.56,0.25,3,5,5,13,Loyal High Value
C00353,11,2,1041.91,424.61,96.78999999999999,0.0,5,3,5,13,Core Customers
C01413,13,2,1040.4099999999999,420.97,107.82,0.0,5,3,5,13,Core Customers
C00147,72,4,1013.25,396.56,94.13,0.0,3,5,5,13,Loyal High Value
C01564,80,6,989.63,245.0,224.64000000000001,0.16666666666666666,3,5,5,13,Loyal High Value
C02084,65,4,975.5699999999999,377.72999999999996,99.15,0.0,3,5,5,13,Loyal High Value
C03585,34,2,975.37,393.65,51.33,0.5,4,4,5,13,Champions
C02691,33,2,974.57,396.32,90.53,0.0,4,4,5,13,Champions
C02144,35,3,965.7399999999999,256.06,170.43,0.3333333333333333,4,4,5,13,Champions
C01519,41,3,954.11,379.72,88.63,0.0,4,4,5,13,Champions
C03173,78,5,946.6800000000001,243.54000000000002,172.44,0.0,3,5,5,13,Loyal High Value
C02773,70,3,936.52,372.33000000000004,49.28,0.0,3,5,5,13,Loyal High Value
C01028,26,3,931.33,370.16,49.02,0.0,4,4,5,13,Champions
C02030,46,3,924.4300000000001,299.54,125.32000000000001,0.0,4,4,5,13,Champions
C02649,56,4,905.1600000000001,290.81,117.62,0.25,3,5,5,13,Loyal High Value
C01225,49,3,904.94,292.74,117.59,0.0,4,4,5,13,Champions
C01714,40,3,901.12,354.47,93.42999999999999,0.0,4,4,5,13,Champions
C02236,62,4,869.8,275.42,75.63,0.0,3,5,5,13,Loyal High Value
C01101,73,5,866.98,220.43,206.0,0.0,3,5,5,13,Loyal High Value
C02101,67,4,858.4,277.44,119.9,0.25,3,5,5,13,Loyal High Value
C01179,22,2,842.3399999999999,337.78,44.33,0.0,5,3,5,13,Core Customers
C01393,15,2,836.57,335.36,44.03,0.0,5,3,5,13,Core Customers
C03025,56,3,823.71,327.96000000000004,76.52000000000001,0.3333333333333333,3,5,5,13,Loyal High Value
C01460,16,2,822.61,329.49,76.41999999999999,0.0,5,3,5,13,Core Customers
C00231,53,3,818.78,325.89000000000004,80.51,0.0,4,4,5,13,Champions
C02162,44,3,813.8,263.82,105.75,0.3333333333333333,4,4,5,13,Champions
C01202,42,3,799.02,258.65999999999997,103.82,0.3333333333333333,4,4,5,13,Champions
C00511,11,2,798.71,263.54999999999995,88.74000000000001,0.0,5,3,5,13,Core Customers
C02462,48,2,792.55,316.87,41.71,0.0,4,4,5,13,Champions
C01686,19,2,783.0,217.08,177.74,0.0,5,3,5,13,Core Customers
C01743,70,6,782.78,182.01,177.68,0.16666666666666666,3,5,5,13,Loyal High Value
C00059,19,2,781.54,315.24,41.13,0.0,5,3,5,13,Core Customers
C02151,50,3,778.87,207.87,176.8,0.6666666666666666,4,4,5,13,Champions
C02127,14,2,769.51,310.19,71.49,1.0,5,4,4,13,Champions
C01152,39,4,766.06,196.16,135.18,0.25,4,5,4,13,Champions
C00421,2,3,765.17,300.37,40.27,0.0,5,4,4,13,Champions
C02947,36,3,749.3,244.25,97.36999999999999,0.0,4,5,4,13,Champions
C01230,13,3,742.5600000000001,290.88,68.97,0.3333333333333333,5,4,4,13,Champions
C02677,35,3,739.3000000000001,234.76,96.06,0.0,4,5,4,13,Champions
C03108,36,3,738.64,237.53,64.23,0.0,4,5,4,13,Champions
C00662,31,4,729.4,188.53,165.58,0.0,4,5,4,13,Champions
C02350,8,2,729.04,290.2,79.37,0.0,5,4,4,13,Champions
C01904,6,2,721.8299999999999,287.17,37.99,0.0,5,4,4,13,Champions
C03437,21,2,718.31,285.68,44.34,0.0,5,4,4,13,Champions
C02747,34,4,700.8399999999999,174.25,169.32999999999998,0.0,4,5,4,13,Champions
C00186,27,4,698.4,173.53,123.25999999999999,0.25,4,5,4,13,Champions
C01021,14,3,677.46,213.11,61.81,0.0,5,4,4,13,Champions
C02819,19,2,675.3199999999999,220.37,58.72,0.0,5,4,4,13,Champions
C03341,15,2,675.27,226.35000000000002,63.349999999999994,0.0,5,4,4,13,Champions
C01562,1,3,669.98,173.3,118.22999999999999,0.0,5,4,4,13,Champions
C00250,17,3,667.33,212.57,86.72,0.0,5,4,4,13,Champions
C01155,37,4,626.73,152.76,110.60000000000001,0.25,4,5,4,13,Champions
C03305,55,3,625.65,194.98,60.76,0.0,4,5,4,13,Champions
C02052,31,4,618.61,150.4,109.16999999999999,0.0,4,5,4,13,Champions
C00982,47,4,603.57,155.03,137.01,0.25,4,5,4,13,Champions
C02472,50,3,602.7,153.79,136.81,0.0,4,5,4,13,Champions
C02615,11,2,599.82,235.93,55.72,0.0,5,4,4,13,Champions
C02629,1,2,592.81,194.48000000000002,51.55,0.0,5,4,4,13,Champions
C01216,8,3,591.05,182.86,56.36,0.6666666666666666,5,4,4,13,Champions
C02177,38,4,558.38,132.93,102.16,0.0,4,5,4,13,Champions
C00015,3,3,555.58,170.45,76.37,0.0,5,4,4,13,Champions
C03200,2,2,554.84,217.03,29.200000000000003,0.0,5,4,4,13,Champions
C02036,14,2,552.82,177.49,71.84,0.0,5,4,4,13,Champions
C02686,19,2,551.5600000000001,146.95,125.19999999999999,0.0,5,4,4,13,Champions
C02882,8,2,539.53,143.46,101.22,0.0,5,4,4,13,Champions
C00132,15,3,537.99,132.01999999999998,94.95,0.0,5,4,4,13,Champions
C00324,12,3,534.24,133.93,121.26,0.3333333333333333,5,4,4,13,Champions
C00697,5,3,534.21,136.92,94.27,0.0,5,4,4,13,Champions
C03501,33,3,533.58,168.76,71.7,0.0,4,5,4,13,Champions
C02377,16,2,532.4300000000001,173.35000000000002,46.3,0.0,5,4,4,13,Champions
C00199,2,3,528.5699999999999,161.0,45.97,0.0,5,4,4,13,Champions
C02554,13,2,515.91,164.57,51.650000000000006,0.0,5,4,4,13,Champions
C03514,5,2,495.92,160.57,64.44,0.0,5,4,4,13,Champions
C01698,18,3,490.48,121.24,86.56,0.3333333333333333,5,4,4,13,Champions
C01823,10,2,477.4,154.07999999999998,41.510000000000005,0.0,5,4,4,13,Champions
C02793,24,4,477.11,112.36,108.31,0.0,4,5,4,13,Champions
C02774,24,3,469.79,115.24,106.63,0.0,4,5,4,13,Champions
C02014,14,3,468.25,142.89,40.71,0.0,5,4,4,13,Champions
C00417,2,3,458.32,111.91,80.88,0.0,5,4,4,13,Champions
C00234,22,3,439.32000000000005,109.4,77.53,0.0,5,4,4,13,Champions
C02282,3,2,438.14,140.35,38.099999999999994,0.0,5,4,4,13,Champions
C02296,14,2,421.52,131.53,54.78,0.0,5,4,4,13,Champions
C03132,12,2,417.73,130.21,54.29,0.0,5,4,4,13,Champions
C03249,8,2,411.96000000000004,128.18,35.82,0.0,5,4,4,13,Champions
C03123,45,3,410.72,101.1,72.48,0.0,4,5,4,13,Champions
C03593,9,3,399.38,94.82,70.47,0.0,5,5,3,13,Core Customers
C01524,1,4,396.13,88.88,89.91999999999999,0.0,5,5,3,13,Core Customers
C02977,2,3,385.04,93.66,87.4,0.0,5,5,3,13,Core Customers
C02729,7,3,383.2,110.12,36.92,0.0,5,5,3,13,Core Customers
C03020,15,3,346.98,82.62,61.230000000000004,0.3333333333333333,5,5,3,13,Core Customers
C00907,148,11,3840.74,1534.12,202.15,0.0,2,5,5,12,Loyal High Value
C03183,112,8,3111.19,1251.71,289.01,0.0,2,5,5,12,Loyal High Value
C00404,124,9,2948.9500000000003,1172.56,280.44,0.2222222222222222,2,5,5,12,Loyal High Value
C03470,104,7,2556.12,1026.58,139.85,0.0,2,5,5,12,Loyal High Value
C02683,104,7,2507.17,1003.01,244.24,0.0,2,5,5,12,Loyal High Value
C01200,136,8,2400.4300000000003,947.18,138.59,0.0,2,5,5,12,Loyal High Value
C01048,108,8,2333.83,928.21,216.8,0.125,2,5,5,12,Loyal High Value
C02489,103,6,2239.98,904.79,124.50999999999999,0.16666666666666666,2,5,5,12,Loyal High Value
C01159,145,7,2206.96,870.9200000000001,214.17000000000002,0.0,2,5,5,12,Loyal High Value
C00106,102,7,2200.87,874.35,115.83,0.0,2,5,5,12,Loyal High Value
C03001,101,7,2187.13,871.5999999999999,121.31,0.0,2,5,5,12,Loyal High Value
C02908,123,7,2183.0,869.87,202.79999999999998,0.0,2,5,5,12,Loyal High Value
C02954,136,5,2134.31,856.41,112.33,0.0,2,5,5,12,Loyal High Value
C02528,117,6,1985.94,789.0899999999999,104.52,0.0,2,5,5,12,Loyal High Value
C02582,146,6,1798.89,707.54,181.37,0.0,2,5,5,12,Loyal High Value
C01339,126,5,1641.59,649.46,92.39,0.0,2,5,5,12,Loyal High Value
C00713,102,5,1584.02,634.29,147.15,0.0,2,5,5,12,Loyal High Value
C03279,104,4,1529.56,613.41,80.5,0.0,2,5,5,12,Loyal High Value
C02744,154,5,1430.1399999999999,463.55,131.31,0.0,2,5,5,12,Loyal High Value
C01480,136,4,1430.1100000000001,571.65,132.85,0.0,2,5,5,12,Loyal High Value
C02574,127,4,1427.79,576.67,75.14,0.0,2,5,5,12,Loyal High Value
C01699,107,5,1416.99,561.13,137.31,0.0,2,5,5,12,Loyal High Value
C02914,101,3,1413.36,572.61,74.39,0.0,2,5,5,12,Loyal High Value
C00452,75,3,1385.02,566.7,72.89,0.0,3,4,5,12,Loyal High Value
C01825,112,5,1355.79,529.42,130.44,0.0,2,5,5,12,Loyal High Value
C02719,127,5,1183.27,459.97,62.29,0.0,2,5,5,12,Loyal High Value
C03071,104,3,1168.61,469.82000000000005,61.5,0.0,2,5,5,12,Loyal High Value
C00825,71,3,1098.47,446.36,57.82,0.0,3,4,5,12,Loyal High Value
C01709,147,6,1083.94,275.35,193.84,0.3333333333333333,2,5,5,12,Loyal High Value
C02441,166,4,1073.74,352.81,139.53,0.0,2,5,5,12,Loyal High Value
C02870,102,4,1046.73,337.36,136.0,0.0,2,5,5,12,Loyal High Value
C01657,69,3,994.0799999999999,396.51,52.32,0.0,3,4,5,12,Loyal High Value
C00433,72,3,983.99,392.28,51.790000000000006,0.0,3,4,5,12,Loyal High Value
C02693,106,3,983.9599999999999,395.26,91.41,0.3333333333333333,2,5,5,12,Loyal High Value
C01406,62,3,976.53,389.14,101.68,0.0,3,4,5,12,Loyal High Value
C02958,139,4,975.27,315.33,126.74,0.0,2,5,5,12,Loyal High Value
C03573,113,3,962.59,383.28,89.41999999999999,0.3333333333333333,2,5,5,12,Loyal High Value
C02712,127,4,953.85,304.85,82.94,0.0,2,5,5,12,Loyal High Value
C01669,56,3,949.89,311.47,89.89,0.0,3,4,5,12,Loyal High Value
C00974,40,2,900.6,362.26,95.95,0.0,4,3,5,12,Core Customers
C03080,108,4,899.95,345.98,53.2,0.0,2,5,5,12,Loyal High Value
C01416,132,4,884.3100000000001,280.51,123.7,0.0,2,5,5,12,Loyal High Value
C00957,161,5,852.32,213.17000000000002,150.42000000000002,0.0,2,5,5,12,Loyal High Value
C02176,96,3,848.65,273.04,73.80000000000001,0.3333333333333333,3,4,5,12,Loyal High Value
C02068,159,5,840.01,203.61,190.68,0.0,2,5,5,12,Loyal High Value
C01540,76,3,833.3100000000001,325.98,85.22,0.0,3,4,5,12,Loyal High Value
C03274,106,3,814.1199999999999,317.92,42.85,0.0,2,5,5,12,Loyal High Value
C00142,136,4,814.09,255.93,105.78999999999999,0.0,2,5,5,12,Loyal High Value
C00772,167,4,799.6,202.89000000000001,148.88,0.0,2,5,5,12,Loyal High Value
C03381,140,4,786.84,249.39999999999998,102.25,0.25,2,5,5,12,Loyal High Value
C03263,82,2,781.88,318.39,72.63,0.0,3,4,5,12,Loyal High Value
C01466,49,2,781.6800000000001,312.31,49.120000000000005,0.0,4,3,5,12,Core Customers
C02592,71,2,780.22,263.07,67.85,0.0,3,4,5,12,Loyal High Value
C03594,76,3,772.22,300.34000000000003,71.73,0.0,3,5,4,12,Loyal High Value
C03138,24,2,771.5699999999999,314.06,71.68,0.0,4,4,4,12,Champions
C02147,32,2,764.1800000000001,307.96000000000004,70.99000000000001,0.0,4,4,4,12,Champions
C02047,37,3,755.35,198.04000000000002,171.46,0.0,4,4,4,12,Champions
C00499,7,2,738.49,294.15999999999997,68.6,0.0,5,3,4,12,Core Customers
C03243,51,2,732.71,243.45,63.72,0.0,4,4,4,12,Champions
C02216,35,2,728.49,292.97,38.339999999999996,0.0,4,4,4,12,Champions
C00537,46,3,717.3299999999999,190.01999999999998,170.54,0.0,4,4,4,12,Champions
C02622,32,2,711.37,285.77,66.08,0.0,4,4,4,12,Champions
C03022,62,3,706.55,223.29,61.43,0.0,3,5,4,12,Loyal High Value
C02906,32,2,697.21,279.82,64.77,0.0,4,4,4,12,Champions
C00646,93,4,690.64,168.28,126.44,0.0,3,5,4,12,Loyal High Value
C03454,24,2,688.59,183.69,164.8,0.0,4,4,4,12,Champions
C01498,23,2,686.66,227.34,89.23,0.0,5,3,4,12,Core Customers
C02767,27,2,677.83,221.24,67.36,0.0,4,4,4,12,Champions
C00224,88,4,674.51,169.60000000000002,153.11,0.0,3,5,4,12,Loyal High Value
C03154,48,2,663.49,262.67,61.629999999999995,0.0,4,4,4,12,Champions
C03365,76,3,637.69,202.19,86.72,0.0,3,5,4,12,Loyal High Value
C03205,35,2,637.2,213.02,82.8,0.0,4,4,4,12,Champions
C01990,55,2,629.66,248.46,40.4,0.0,4,4,4,12,Champions
C02198,94,4,627.81,153.07,142.51,0.25,3,5,4,12,Loyal High Value
C02179,32,2,626.5799999999999,206.29999999999998,81.41,0.0,4,4,4,12,Champions
C00941,35,3,621.61,156.26999999999998,109.7,0.0,4,4,4,12,Champions
C00166,22,2,610.15,240.27,32.11,0.0,5,3,4,12,Core Customers
C03438,36,2,588.2,189.87,76.43,0.0,4,4,4,12,Champions
C01265,10,2,577.59,229.59,53.66,0.0,5,3,4,12,Core Customers
C00245,17,2,574.29,228.2,30.229999999999997,0.0,5,3,4,12,Core Customers
C02339,48,3,565.78,180.01999999999998,49.2,0.3333333333333333,4,4,4,12,Champions
C00670,2,2,560.99,180.33999999999997,48.78,0.0,5,3,4,12,Core Customers
C02340,33,2,552.37,177.33,71.78,0.0,4,4,4,12,Champions
C02817,43,2,544.9200000000001,158.93,67.35,0.0,4,4,4,12,Champions
C02764,37,2,544.06,215.5,50.54,0.0,4,4,4,12,Champions
C01835,43,2,542.56,211.87,28.549999999999997,0.0,4,4,4,12,Champions
C02963,36,2,541.95,214.61,50.349999999999994,0.5,4,4,4,12,Champions
C02497,34,2,538.79,175.57,46.849999999999994,0.0,4,4,4,12,Champions
C01382,24,3,537.6500000000001,131.92000000000002,122.04,0.0,4,4,4,12,Champions
C01906,53,2,537.54,139.88,94.86,0.0,4,4,4,12,Champions
C02473,41,2,534.93,171.23000000000002,69.51,0.0,4,4,4,12,Champions
C02794,26,2,525.1800000000001,139.3,126.93,0.0,4,4,4,12,Champions
C02721,85,4,517.27,124.02000000000001,125.31,0.0,3,5,4,12,Loyal High Value
C00109,35,3,508.4,129.43,115.41,0.0,4,4,4,12,Champions
C03338,46,2,507.73,161.7,44.15,0.0,4,4,4,12,Champions
C03110,39,2,499.19,161.72,49.44,0.0,4,4,4,12,Champions
C00488,8,2,497.81000000000006,158.24,64.69,0.0,5,3,4,12,Core Customers
C00423,7,2,492.85999999999996,129.93,111.87,0.0,5,3,4,12,Core Customers
C02041,41,2,492.30000000000007,129.76,111.75,0.0,4,4,4,12,Champions
C00630,31,3,488.34,152.92,42.46,0.0,4,4,4,12,Champions
C00133,88,4,486.67,109.13,118.25,0.0,3,5,4,12,Loyal High Value
C03374,37,2,481.52,155.53,62.56999999999999,0.0,4,4,4,12,Champions
C03566,49,2,481.14,152.39,41.84,0.0,4,4,4,12,Champions
C01790,26,2,478.99,154.65,62.239999999999995,0.0,4,4,4,12,Champions
C01946,42,2,477.13,128.37,84.19999999999999,0.0,4,4,4,12,Champions
C01718,17,2,468.6,148.01,60.89,0.0,5,3,4,12,Core Customers
C01032,20,2,468.39,125.83000000000001,106.32000000000001,0.0,5,3,4,12,Core Customers
C01759,31,2,468.36,150.93,40.730000000000004,0.0,4,4,4,12,Champions
C01735,55,2,462.15000000000003,148.75,40.19,0.0,4,4,4,12,Champions
C01531,17,2,459.51,144.82999999999998,59.71,0.0,5,3,4,12,Core Customers
C01769,40,2,453.63,142.76999999999998,58.94,0.0,4,4,4,12,Champions
C03553,45,2,451.34000000000003,114.89,79.65,0.0,4,4,4,12,Champions
C03506,5,1,450.13,149.55,58.49,0.0,5,3,4,12,Core Customers
C00839,55,3,443.88,110.73,100.75,0.0,4,4,4,12,Champions
C03280,53,2,441.64,115.08,77.93,0.0,4,4,4,12,Champions
C02630,42,2,437.88,140.26,38.08,0.0,4,4,4,12,Champions
C01149,20,2,437.64,137.17000000000002,63.21,0.0,5,3,4,12,Core Customers
C01905,55,3,427.54,102.99,75.44999999999999,0.0,4,4,4,12,Champions
C02776,87,3,423.95,104.95,96.23,0.3333333333333333,3,5,4,12,Loyal High Value
C02203,50,3,420.5,126.17,54.64,0.0,4,4,4,12,Champions
C00799,5,2,417.26,130.04,54.22,0.0,5,3,4,12,Core Customers
C01408,22,2,417.05,129.97,36.269999999999996,0.5,5,3,4,12,Core Customers
C02997,93,3,415.87,96.61,94.41,0.0,3,5,4,12,Loyal High Value
C00115,9,2,415.0,132.25,53.92,0.0,5,3,4,12,Core Customers
C00916,9,2,412.46000000000004,128.35999999999999,53.59,0.0,5,3,4,12,Core Customers
C02363,44,3,409.79999999999995,100.85000000000001,93.02,0.3333333333333333,4,4,4,12,Champions
C02601,9,2,408.90999999999997,130.12,53.129999999999995,0.0,5,4,3,12,Core Customers
C01910,22,2,400.84,155.36,21.1,0.0,5,4,3,12,Core Customers
C01833,10,2,399.53999999999996,126.84,34.74,0.0,5,4,3,12,Core Customers
C03227,3,2,395.95,125.58,51.45,0.0,5,4,3,12,Core Customers
C03314,1,2,394.52,128.07999999999998,51.260000000000005,0.0,5,4,3,12,Core Customers
C02641,27,3,392.74,95.89,89.16,0.0,4,5,3,12,Core Customers
C02846,5,2,388.13,125.85,54.42,0.0,5,4,3,12,Core Customers
C02271,23,3,387.08000000000004,91.25,87.87,0.0,5,4,3,12,Core Customers
C02890,11,2,373.08000000000004,114.58,32.44,0.0,5,4,3,12,Core Customers
C02542,20,2,370.61,97.47,65.4,0.0,5,4,3,12,Core Customers
C03409,25,3,350.18,83.55,61.78999999999999,0.0,4,5,3,12,Core Customers
C02121,16,2,345.2,107.82,30.02,0.0,5,4,3,12,Core Customers
C02417,19,2,342.8,103.97999999999999,44.54,0.0,5,4,3,12,Core Customers
C03505,12,2,333.7,83.77,75.75,0.0,5,4,3,12,Core Customers
C02911,1,2,329.19,99.22,46.93,0.0,5,4,3,12,Core Customers
C02585,8,2,320.16,99.06,27.84,0.0,5,4,3,12,Core Customers
C00515,19,3,317.51,71.08,56.03,0.3333333333333333,5,4,3,12,Core Customers
C03058,22,2,303.0,74.87,57.29,0.0,5,4,3,12,Core Customers
C03476,11,2,296.24,87.68,38.49,0.0,5,4,3,12,Core Customers
C02470,9,2,295.97,69.83,67.19,0.0,5,4,3,12,Core Customers
C01832,18,2,283.61,66.25,58.09,0.0,5,4,3,12,Core Customers
C03212,24,3,275.5,61.41,34.05,0.0,4,5,3,12,Core Customers
C03145,17,2,268.56,61.88,60.959999999999994,0.0,5,4,3,12,Core Customers
C03251,8,2,265.26,79.84,23.06,0.0,5,4,3,12,Core Customers
C00320,175,6,2377.8,962.67,125.15,0.0,1,5,5,11,Loyal High Value
C00355,227,6,1882.25,745.55,99.06,0.0,1,5,5,11,Loyal High Value
C02368,177,4,1534.1100000000001,618.3399999999999,153.59,0.0,1,5,5,11,Loyal High Value
C00927,156,3,1516.44,612.9,140.86,0.0,2,4,5,11,Loyal High Value
C00297,190,5,1481.92,588.4,77.99,0.0,1,5,5,11,Loyal High Value
C01563,112,3,1257.9,504.32,66.2,0.3333333333333333,2,4,5,11,Loyal High Value
C02204,221,4,1231.54,488.25,120.81,0.0,1,5,5,11,Loyal High Value
C02792,174,5,1105.09,355.77,149.96,0.0,1,5,5,11,Loyal High Value
C02946,190,3,1045.05,344.77,135.8,0.0,1,5,5,11,Loyal High Value
C02322,105,3,1029.72,414.48,54.19,0.0,2,4,5,11,Loyal High Value
C01442,123,3,1026.79,413.26,101.29,0.0,2,4,5,11,Loyal High Value
C02197,138,3,1019.35,404.12,53.65,0.0,2,4,5,11,Loyal High Value
C01506,70,2,992.69,403.92999999999995,52.25,0.0,3,3,5,11,Core Customers
C00152,306,5,921.5699999999999,288.55,91.68,0.0,1,5,5,11,Loyal High Value
C00419,137,3,880.0999999999999,348.64,53.95,0.0,2,4,5,11,Loyal High Value
C01527,101,2,880.02,292.01,76.53,0.0,3,3,5,11,Core Customers
C02869,102,2,861.98,346.03,45.370000000000005,0.0,2,4,5,11,Loyal High Value
C00064,162,3,855.4,335.27,79.46,0.0,2,4,5,11,Loyal High Value
C02763,171,4,829.69,220.62,153.17,0.25,1,5,5,11,Loyal High Value
C01362,209,4,802.8000000000001,203.81,187.99,0.0,1,5,5,11,Loyal High Value
C01560,62,3,777.54,305.56,78.9,0.0,3,4,4,11,Loyal High Value
C03094,159,3,754.76,292.99,76.12,0.0,2,5,4,11,Loyal High Value
C00569,69,3,747.56,201.79000000000002,172.54,0.3333333333333333,3,4,4,11,Loyal High Value
C00743,126,4,734.29,186.95,138.23,0.0,2,5,4,11,Loyal High Value
C02754,82,2,724.56,291.31,67.31,0.0,3,4,4,11,Loyal High Value
C00863,77,3,719.54,281.20000000000005,77.75,0.0,3,4,4,11,Loyal High Value
C02648,80,2,712.31,233.31,92.56,0.0,3,4,4,11,Loyal High Value
C00070,40,2,702.4300000000001,232.85,61.09,0.0,4,3,4,11,Core Customers
C03038,70,2,692.16,274.71000000000004,36.43,0.0,3,4,4,11,Loyal High Value
C03215,99,2,691.46,277.40999999999997,36.39,0.5,3,4,4,11,Loyal High Value
C01521,24,2,689.4200000000001,276.56,72.1,0.5,4,3,4,11,Core Customers
C00963,36,2,688.24,279.06,63.93,0.0,4,3,4,11,Core Customers
C00409,25,2,668.7,264.85,35.2,0.5,4,3,4,11,Core Customers
C02970,64,2,666.03,220.11,57.92,0.0,3,4,4,11,Loyal High Value
C02504,165,3,659.8,206.93,63.17,0.0,2,5,4,11,Loyal High Value
C00728,97,3,648.63,167.1,147.23000000000002,0.0,3,4,4,11,Loyal High Value
C02379,81,2,645.66,209.98000000000002,83.9,0.0,3,4,4,11,Loyal High Value
C00343,71,3,645.0,204.76,95.43,0.0,3,4,4,11,Loyal High Value
C00484,92,3,641.37,203.48,83.34,0.0,3,4,4,11,Loyal High Value
C03085,148,3,629.27,161.49,152.59,0.0,2,5,4,11,Loyal High Value
C02141,82,3,620.76,196.26999999999998,92.72,0.3333333333333333,3,4,4,11,Loyal High Value
C00216,81,3,619.08,195.69,56.75,0.0,3,4,4,11,Loyal High Value
C00027,35,2,613.35,201.67000000000002,79.7,0.0,4,3,4,11,Core Customers
C02738,77,2,609.3199999999999,239.92000000000002,35.66,0.0,3,4,4,11,Loyal High Value
C00935,77,3,608.99,192.14,52.96,0.0,3,4,4,11,Loyal High Value
C02150,65,3,605.03,190.76,78.61,0.0,3,4,4,11,Loyal High Value
C00448,71,3,593.5,186.72,55.19,0.0,3,4,4,11,Loyal High Value
C03097,115,3,589.83,182.44,51.3,0.0,2,5,4,11,Loyal High Value
C02181,66,3,582.8599999999999,145.03,132.3,0.0,3,4,4,11,Loyal High Value
C03539,57,2,582.6,231.69,30.66,0.0,3,4,4,11,Loyal High Value
C00130,40,2,581.95,158.76999999999998,132.10000000000002,0.0,4,3,4,11,Core Customers
C01559,56,3,580.63,147.38,131.8,0.0,3,4,4,11,Loyal High Value
C03483,132,4,573.37,137.28,132.67,0.0,2,5,4,11,Loyal High Value
C01482,26,2,571.56,227.06,59.620000000000005,0.0,4,3,4,11,Core Customers
C02619,125,3,556.6,173.81,48.400000000000006,0.0,2,5,4,11,Loyal High Value
C01476,95,3,554.31,173.01,48.2,0.0,3,4,4,11,Loyal High Value
C00037,97,3,553.76,136.59,125.7,0.3333333333333333,3,4,4,11,Loyal High Value
C03480,62,2,552.6,180.41000000000003,71.81,0.0,3,4,4,11,Loyal High Value
C01215,55,2,552.34,215.98000000000002,29.07,0.0,4,3,4,11,Core Customers
C01058,82,3,548.25,143.99,124.45,0.3333333333333333,3,4,4,11,Loyal High Value
C03588,126,3,548.08,167.82999999999998,71.22,0.0,2,5,4,11,Loyal High Value
C03040,124,3,541.4,136.0,95.53999999999999,0.0,2,5,4,11,Loyal High Value
C01740,73,2,540.82,173.29,47.019999999999996,0.0,3,4,4,11,Loyal High Value
C01079,45,2,540.61,173.21,79.34,0.0,4,3,4,11,Core Customers
C01764,97,2,527.7,205.64,49.019999999999996,0.0,3,4,4,11,Loyal High Value
C02617,82,2,524.09,173.43,68.11,0.0,3,4,4,11,Loyal High Value
C02276,69,3,522.65,133.57,118.63,0.3333333333333333,3,4,4,11,Loyal High Value
C01647,76,3,521.1700000000001,161.4,67.72,0.0,3,4,4,11,Loyal High Value
C01441,24,2,519.41,202.16000000000003,48.25,0.0,4,3,4,11,Core Customers
C01722,44,2,518.03,134.23,117.59,0.0,4,3,4,11,Core Customers
C00043,25,2,513.98,163.9,52.22,0.0,4,3,4,11,Core Customers
C01937,64,2,507.71000000000004,164.7,65.98,0.0,3,4,4,11,Loyal High Value
C00088,114,4,500.95,113.27,113.72,0.0,2,5,4,11,Loyal High Value
C03570,57,2,499.84000000000003,128.95,113.46000000000001,0.5,3,4,4,11,Loyal High Value
C00099,83,3,495.45,152.41,67.5,0.3333333333333333,3,4,4,11,Loyal High Value
C00292,36,2,494.89,157.21,48.22,0.0,4,3,4,11,Core Customers
C01550,35,2,491.34999999999997,155.97,63.839999999999996,0.0,4,3,4,11,Core Customers
C00872,103,4,490.9,116.37,114.34,0.25,2,5,4,11,Loyal High Value
C02935,126,3,488.59000000000003,150.0,63.5,0.0,2,5,4,11,Loyal High Value
C02105,87,3,488.51,149.98,42.480000000000004,0.0,3,4,4,11,Loyal High Value
C00575,95,3,484.51,148.57999999999998,62.95,0.0,3,4,4,11,Loyal High Value
C01577,39,2,480.1,123.23,84.72,0.0,4,3,4,11,Core Customers
C01417,44,2,477.65999999999997,154.18,62.06999999999999,0.0,4,3,4,11,Core Customers
C01234,88,3,476.19,120.09,84.03,0.0,3,4,4,11,Loyal High Value
C01471,54,2,476.18,122.09,84.03999999999999,0.0,4,3,4,11,Core Customers
C02948,86,2,471.79,149.13,41.03,0.0,3,4,4,11,Loyal High Value
C02825,124,3,470.61,143.72,61.15,0.3333333333333333,2,5,4,11,Loyal High Value
C02972,148,3,468.6,146.01,60.89,0.0,2,5,4,11,Loyal High Value
C00235,55,2,465.91999999999996,147.07,60.53999999999999,0.0,4,3,4,11,Core Customers
C00393,54,2,464.7,121.76,82.0,0.5,4,3,4,11,Core Customers
C01237,38,2,464.64,149.63,40.4,0.0,4,3,4,11,Core Customers
C00385,101,3,463.40000000000003,141.2,62.74,0.0,3,4,4,11,Loyal High Value
C02238,99,2,460.88,177.57,24.259999999999998,0.0,3,4,4,11,Loyal High Value
C01370,27,2,459.81,147.93,65.50999999999999,0.0,4,3,4,11,Core Customers
C03292,69,2,457.74,119.75,103.91,0.5,3,4,4,11,Loyal High Value
C01307,32,2,453.29999999999995,145.66,39.42,0.0,4,3,4,11,Core Customers
C02432,71,2,450.3,141.61,39.16,0.0,3,4,4,11,Loyal High Value
C00338,31,2,448.60999999999996,144.01,58.300000000000004,0.0,4,3,4,11,Core Customers
C00346,39,2,447.94000000000005,113.89999999999999,79.05,0.0,4,3,4,11,Core Customers
C01580,26,2,447.81,143.73,58.19,0.0,4,3,4,11,Core Customers
C02142,68,2,442.62,138.92000000000002,42.11,0.0,3,4,4,11,Loyal High Value
C02401,87,2,442.28999999999996,115.26,109.75,0.5,3,4,4,11,Loyal High Value
C02310,72,2,441.77,141.61,57.400000000000006,0.0,3,4,4,11,Loyal High Value
C02527,81,2,441.64,118.07000000000001,100.25,0.0,3,4,4,11,Loyal High Value
C00792,37,2,441.57,144.55,38.39,0.0,4,3,4,11,Core Customers
C02995,118,3,440.03,103.6,77.65,0.0,2,5,4,11,Loyal High Value
C02201,56,2,438.6,168.21,44.739999999999995,0.0,3,4,4,11,Loyal High Value
C03465,62,2,430.47,134.67000000000002,37.43,0.0,3,4,4,11,Loyal High Value
C02190,69,2,427.84000000000003,114.07000000000001,75.5,0.0,3,4,4,11,Loyal High Value
C01726,80,2,425.53000000000003,107.4,75.09,0.0,3,4,4,11,Loyal High Value
C03576,32,1,421.03,171.83,22.16,0.0,4,3,4,11,Core Customers
C01205,36,2,417.74,136.21,54.28,0.0,4,3,4,11,Core Customers
C00734,24,2,417.45,159.32999999999998,21.98,0.0,4,3,4,11,Core Customers
C00504,43,2,412.89,131.51999999999998,35.9,0.0,4,3,4,11,Core Customers
C02623,66,2,411.27,127.94,53.44,0.0,3,4,4,11,Loyal High Value
C00781,65,3,409.23,97.68,92.89,0.3333333333333333,3,4,4,11,Loyal High Value
C00950,13,2,407.40999999999997,129.59,35.43,0.5,5,3,3,11,Core Customers
C03092,43,2,406.97999999999996,102.03,80.94999999999999,0.0,4,4,3,11,Core Customers
C02045,33,2,404.83000000000004,107.4,97.92,0.0,4,4,3,11,Core Customers
C02231,48,2,400.25,100.08,70.64,0.0,4,4,3,11,Core Customers
C01274,1,2,399.58,126.85,34.74,0.0,5,3,3,11,Core Customers
C00631,1,2,396.74,125.86,51.55,0.0,5,3,3,11,Core Customers
C03009,22,1,396.63,158.59,36.85,0.0,5,3,3,11,Core Customers
C02301,31,2,396.57,125.80000000000001,51.53,0.0,4,4,3,11,Core Customers
C00847,20,2,395.79,125.53,51.43,0.0,5,3,3,11,Core Customers
C01742,31,2,395.15999999999997,98.59,69.73,0.0,4,4,3,11,Core Customers
C03055,49,2,394.51,98.39999999999999,89.55,0.0,4,4,3,11,Core Customers
C00470,4,2,393.22,124.63,34.19,0.0,5,3,3,11,Core Customers
C02102,40,2,392.98,97.96000000000001,92.67,0.0,4,4,3,11,Core Customers
C01295,16,2,391.29,100.47,94.39,0.0,5,3,3,11,Core Customers
C01734,46,3,391.18,89.44999999999999,88.78999999999999,0.0,4,4,3,11,Core Customers
C00082,18,2,389.85,97.06,88.5,0.0,5,3,3,11,Core Customers
C01448,48,3,388.4,94.64,68.53999999999999,0.0,4,4,3,11,Core Customers
C00370,3,2,375.62,118.47,53.91,0.0,5,3,3,11,Core Customers
C01089,18,2,375.57,115.46000000000001,32.66,0.0,5,3,3,11,Core Customers
C02351,34,2,375.39,118.38999999999999,48.78,0.0,4,4,3,11,Core Customers
C00161,19,2,372.92,92.14,89.78999999999999,0.0,5,3,3,11,Core Customers
C03458,21,1,364.38,145.04,33.85,0.0,5,3,3,11,Core Customers
C01954,50,2,363.9,95.53,64.22,0.5,4,4,3,11,Core Customers
C02566,35,2,363.73,114.3,31.630000000000003,0.0,4,4,3,11,Core Customers
C03178,36,2,356.28,108.69999999999999,30.979999999999997,0.0,4,4,3,11,Core Customers
C02360,40,2,354.78999999999996,86.89,80.53999999999999,0.0,4,4,3,11,Core Customers
C00648,10,2,348.41,105.95,45.28,0.0,5,3,3,11,Core Customers
C03240,24,2,341.45000000000005,89.02000000000001,77.50999999999999,0.0,4,4,3,11,Core Customers
C01537,5,2,340.03,106.01,48.66,0.0,5,3,3,11,Core Customers
C00738,21,2,334.73,81.07,75.98,0.5,5,3,3,11,Core Customers
C03309,36,2,327.14,98.5,42.510000000000005,0.0,4,4,3,11,Core Customers
C00937,8,2,321.65,102.58000000000001,27.97,0.0,5,3,3,11,Core Customers
C01065,10,2,310.39,80.00999999999999,70.45,0.0,5,3,3,11,Core Customers
C03436,35,2,307.24,94.53,29.150000000000002,0.0,4,4,3,11,Core Customers
C02522,50,2,307.16,94.51,28.73,0.0,4,4,3,11,Core Customers
C03217,9,1,304.98,101.74,39.63,0.0,5,3,3,11,Core Customers
C03003,3,1,303.78,101.32,47.41,0.0,5,3,3,11,Core Customers
C00961,11,2,296.96000000000004,73.12,67.41,0.0,5,3,3,11,Core Customers
C00946,17,2,294.19,92.97,38.22,0.0,5,3,3,11,Core Customers
C03426,47,2,292.51,68.83,51.620000000000005,0.0,4,4,3,11,Core Customers
C03005,40,2,289.65999999999997,71.0,51.120000000000005,0.0,4,4,3,11,Core Customers
C00586,7,2,288.94,73.78999999999999,65.59,0.0,5,3,3,11,Core Customers
C03448,44,2,276.73,64.25,62.81999999999999,0.0,4,4,3,11,Core Customers
C03004,3,1,275.08,88.28,23.92,0.0,5,3,3,11,Core Customers
C01713,19,2,273.73,63.38,48.31,0.0,5,3,3,11,Core Customers
C03266,11,1,273.06,106.69,14.37,0.0,5,3,3,11,Core Customers
C03030,44,2,272.02,65.89,61.75,0.0,4,4,3,11,Core Customers
C01090,5,2,270.88,62.56,61.49,0.0,5,3,3,11,Core Customers
C03225,40,2,268.2,61.77,47.33,0.0,4,4,3,11,Core Customers
C00855,10,2,265.83,77.03999999999999,34.54,0.0,5,3,3,11,Core Customers
C02062,23,2,249.49,71.32,32.42,0.0,5,4,2,11,Core Customers
C03127,9,2,247.55,73.64,32.16,0.0,5,4,2,11,Core Customers
C02163,11,2,231.42000000000002,57.11,40.84,0.0,5,4,2,11,Core Customers
C02707,23,2,199.07999999999998,51.71,37.14,0.0,5,4,2,11,Core Customers
C02117,178,3,1214.28,489.01,112.81,0.0,1,4,5,10,Loyal High Value
C02221,196,3,1198.67,485.42999999999995,63.09,0.0,1,4,5,10,Loyal High Value
C01051,258,3,1111.1100000000001,445.67,58.480000000000004,0.0,1,4,5,10,Loyal High Value
C00475,173,3,995.79,327.53,129.39,0.0,1,4,5,10,Loyal High Value
C01613,239,3,905.71,295.99,78.76,0.0,1,4,5,10,Loyal High Value
C00650,176,3,900.5699999999999,357.24,83.67,0.0,1,4,5,10,Loyal High Value
C00249,123,2,897.21,363.82,47.230000000000004,0.0,2,3,5,10,At Risk
C00640,134,2,871.79,292.12,128.08,0.0,2,3,5,10,At Risk
C01684,299,3,828.44,268.96,107.64,0.0,1,4,5,10,Loyal High Value
C00103,169,4,750.6600000000001,191.7,132.47,0.0,1,5,4,10,Loyal High Value
C01067,79,2,747.0,245.45000000000002,76.35,0.0,3,3,4,10,Core Customers
C03318,105,2,734.8399999999999,295.63,79.37,0.0,2,4,4,10,Loyal High Value
C00378,78,2,724.7,237.65,100.20000000000002,0.0,3,3,4,10,Core Customers
C00400,216,4,708.8299999999999,173.57,125.07999999999998,0.0,1,5,4,10,Loyal High Value
C01201,110,3,686.92,216.42000000000002,59.730000000000004,0.0,2,4,4,10,Loyal High Value
C02001,131,3,681.75,179.71,120.3,0.0,2,4,4,10,Loyal High Value
C03329,104,2,678.59,269.01,63.04,0.0,2,4,4,10,Loyal High Value
C00219,123,3,664.9300000000001,168.82999999999998,150.93,0.6666666666666666,2,4,4,10,Loyal High Value
C02565,270,3,637.8,205.23000000000002,55.46,0.0,1,5,4,10,Loyal High Value
C03229,123,2,637.46,213.11,55.43,0.0,2,4,4,10,Loyal High Value
C02059,123,3,634.3199999999999,162.95,143.99,0.0,2,4,4,10,Loyal High Value
C02098,112,2,633.95,208.88,82.37,0.0,2,4,4,10,Loyal High Value
C02116,137,3,624.16,197.45,57.5,0.0,2,4,4,10,Loyal High Value
C01868,106,3,624.15,194.45,54.269999999999996,0.0,2,4,4,10,Loyal High Value
C00467,66,2,623.42,208.2,81.01,0.0,3,3,4,10,Core Customers
C00003,83,2,620.86,204.29999999999998,53.980000000000004,0.0,3,3,4,10,Core Customers
C01068,63,2,617.45,243.34,32.49,0.0,3,3,4,10,Core Customers
C00538,96,2,607.9300000000001,239.32999999999998,56.480000000000004,0.0,3,3,4,10,Core Customers
C00444,111,3,601.8299999999999,189.65,57.76,0.0,2,4,4,10,Loyal High Value
C00616,84,2,598.7,157.62,135.9,0.0,3,3,4,10,Core Customers
C03558,112,2,591.25,155.47,134.21,0.0,2,4,4,10,Loyal High Value
C00169,84,2,588.8299999999999,231.31,59.43,0.0,3,3,4,10,Core Customers
C02872,110,2,586.55,192.29000000000002,76.22,0.0,2,4,4,10,Loyal High Value
C03121,170,3,584.32,183.51,50.81,0.3333333333333333,1,5,4,10,Loyal High Value
C00268,70,2,583.3699999999999,229.01,54.2,0.0,3,3,4,10,Core Customers
C00379,142,3,568.19,177.86,77.46000000000001,0.0,2,4,4,10,Loyal High Value
C02167,137,2,558.91,218.73999999999998,60.52,0.5,2,4,4,10,Loyal High Value
C03582,78,1,558.61,154.0,98.58,0.0,3,3,4,10,Core Customers
C00427,73,2,555.94,181.57999999999998,72.24,0.0,3,3,4,10,Core Customers
C03394,114,2,552.0699999999999,215.87,29.05,0.0,2,4,4,10,Loyal High Value
C02365,142,2,548.77,179.07,71.3,0.0,2,4,4,10,Loyal High Value
C02493,102,2,548.26,175.89,47.67,0.0,2,4,4,10,Loyal High Value
C01351,115,3,544.49,166.57999999999998,50.16,0.0,2,4,4,10,Loyal High Value
C00817,138,3,530.5,135.85000000000002,120.41,0.0,2,4,4,10,Loyal High Value
C00411,80,2,530.17,175.56,50.379999999999995,0.0,3,3,4,10,Core Customers
C03597,100,1,527.25,179.54,45.85,0.0,3,3,4,10,Core Customers
C02975,284,3,524.31,134.04,92.53,0.0,1,5,4,10,Loyal High Value
C03177,102,2,520.79,138.03,125.55000000000001,0.5,2,4,4,10,Loyal High Value
C02595,199,3,516.72,125.85,96.7,0.0,1,5,4,10,Loyal High Value
C03467,133,2,511.99,163.2,66.53,0.5,2,4,4,10,Loyal High Value
C01783,137,2,509.44,165.3,73.0,0.0,2,4,4,10,Loyal High Value
C02507,185,4,509.1,115.64,119.48,0.0,1,5,4,10,Loyal High Value
C00450,94,2,508.75,131.54,115.49000000000001,0.0,3,3,4,10,Core Customers
C00980,62,2,498.27,131.5,87.93,0.0,3,3,4,10,Core Customers
C03485,132,2,493.74,159.81,68.84,0.0,2,4,4,10,Loyal High Value
C02281,49,1,480.59,193.85,44.65,0.0,4,2,4,10,New Potential
C03503,216,3,480.38,118.30000000000001,89.29,0.0,1,5,4,10,Loyal High Value
C01107,95,2,479.21000000000004,151.73000000000002,48.19,0.0,3,3,4,10,Core Customers
C01583,72,2,476.08,122.06,84.02,0.0,3,3,4,10,Core Customers
C01787,109,3,474.62,122.64,107.72999999999999,0.0,2,4,4,10,Loyal High Value
C02844,198,3,470.77,143.76999999999998,61.18,0.0,1,5,4,10,Loyal High Value
C00394,93,2,466.65,147.33,60.64,0.0,3,3,4,10,Core Customers
C03532,87,1,463.11,186.51,24.37,0.0,3,3,4,10,Core Customers
C03135,107,2,461.99,148.7,40.17,0.0,2,4,4,10,Loyal High Value
C01884,137,2,458.77,147.57,47.71,0.5,2,4,4,10,Loyal High Value
C02859,35,1,452.94,185.23,34.09,0.0,4,2,4,10,New Potential
C00800,95,2,451.79999999999995,145.12,58.7,0.0,3,3,4,10,Core Customers
C00220,78,2,447.83,140.74,38.94,0.0,3,3,4,10,Core Customers
C00999,77,2,446.87,140.41,58.06999999999999,0.0,3,3,4,10,Core Customers
C00656,111,3,445.17,134.81,41.629999999999995,0.0,2,4,4,10,Loyal High Value
C03089,123,2,440.53,141.19,57.239999999999995,0.5,2,4,4,10,Loyal High Value
C02724,52,1,440.52,180.02,23.19,0.0,4,2,4,10,New Potential
C02597,103,2,437.82,140.23,38.07,0.0,2,4,4,10,Loyal High Value
C02633,108,2,437.11,139.98000000000002,38.01,0.0,2,4,4,10,Loyal High Value
C00699,75,2,436.63,113.62,99.12,0.0,3,3,4,10,Core Customers
C03320,143,2,432.56,135.4,37.620000000000005,0.0,2,4,4,10,Loyal High Value
C00626,142,3,428.63,106.28999999999999,75.64,0.3333333333333333,2,4,4,10,Loyal High Value
C01023,83,2,427.65999999999997,133.68,37.19,0.0,3,3,4,10,Core Customers
C00237,13,1,425.86,141.05,47.32,0.0,5,1,4,10,New Potential
C03515,113,2,425.58000000000004,107.41,96.6,0.0,2,4,4,10,Loyal High Value
C02438,126,2,423.78999999999996,132.32,42.77,0.0,2,4,4,10,Loyal High Value
C02325,116,2,421.44,137.51,54.760000000000005,0.0,2,4,4,10,Loyal High Value
C00598,82,2,419.45,133.81,54.51,0.0,3,3,4,10,Core Customers
C02416,53,1,419.29,113.6,73.99,0.0,4,2,4,10,New Potential
C03287,94,1,413.7,114.97,93.91,0.0,3,3,4,10,Core Customers
C03508,155,2,409.23,130.23000000000002,53.18,0.5,2,4,4,10,Loyal High Value
C02682,104,3,408.47999999999996,124.97,53.08,0.0,2,5,3,10,At Risk
C02314,79,2,407.4,129.59,41.36,0.0,3,4,3,10,Core Customers
C02536,142,3,391.19,92.44,88.79,0.0,2,5,3,10,At Risk
C03158,78,2,388.19,99.57,91.38,0.0,3,4,3,10,Core Customers
C03547,86,2,388.14000000000004,99.56,76.14,0.0,3,4,3,10,Core Customers
C02220,67,2,387.31,119.56,33.68,0.0,3,4,3,10,Core Customers
C03248,129,3,386.46,88.07000000000001,87.73,0.0,2,5,3,10,At Risk
C02313,95,2,380.26,94.28,86.32,0.0,3,4,3,10,Core Customers
C00455,26,2,378.42999999999995,119.45,54.03,0.0,4,3,3,10,Core Customers
C02015,67,2,369.82,116.44,32.16,0.0,3,4,3,10,Core Customers
C00776,47,2,361.0,91.69,63.71,0.0,4,3,3,10,Core Customers
C03095,88,2,357.84,87.78,88.74,0.0,3,4,3,10,Core Customers
C00255,41,2,356.77,90.47,80.99000000000001,0.0,4,3,3,10,Core Customers
C02647,100,2,356.11,108.64,35.04,0.0,3,4,3,10,Core Customers
C01887,5,1,354.53,94.81,80.48,0.0,5,2,3,10,New Potential
C03324,57,2,353.51,110.74,30.740000000000002,0.0,3,4,3,10,Core Customers
C02804,18,1,353.23,115.63,45.9,0.0,5,2,3,10,New Potential
C01922,87,3,352.40999999999997,81.19,66.94,0.0,3,4,3,10,Core Customers
C03487,45,1,350.51,96.65,61.86,1.0,4,3,3,10,Core Customers
C02949,81,2,350.14,85.53999999999999,61.790000000000006,0.0,3,4,3,10,Core Customers
C02978,25,1,345.59,137.15,32.1,0.0,4,3,3,10,Core Customers
C00893,40,2,341.59000000000003,106.56,44.39,0.0,4,3,3,10,Core Customers
C00661,44,2,340.39,85.71000000000001,77.27000000000001,0.0,4,3,3,10,Core Customers
C01802,22,1,338.93,110.63,44.04,1.0,5,2,3,10,New Potential
C02285,101,3,335.02,76.16,59.120000000000005,0.0,3,4,3,10,Core Customers
C01899,70,3,334.18,75.91,83.82,0.0,3,4,3,10,Core Customers
C01541,31,2,332.46000000000004,103.36000000000001,45.379999999999995,0.0,4,3,3,10,Core Customers
C03104,69,2,331.05,99.87,28.79,0.0,3,4,3,10,Core Customers
C02390,84,2,330.82,102.78999999999999,47.23,0.5,3,4,3,10,Core Customers
C00689,25,2,329.8,82.64,58.2,0.0,4,3,3,10,Core Customers
C03411,137,3,323.36,75.78,73.4,0.0,2,5,3,10,At Risk
C03267,46,1,322.55,91.99,39.87,0.0,4,3,3,10,Core Customers
C02657,78,2,320.25,96.08,41.620000000000005,0.0,3,4,3,10,Core Customers
C01917,101,2,319.94,101.98,46.17,0.0,3,4,3,10,Core Customers
C01379,50,2,312.27,96.28999999999999,40.58,0.0,4,3,3,10,Core Customers
C02318,66,2,311.27,74.27,70.66,0.0,3,4,3,10,Core Customers
C00056,48,2,298.77,73.64,55.45,0.0,4,3,3,10,Core Customers
C00895,26,2,297.98,73.42,72.46000000000001,0.0,4,3,3,10,Core Customers
C00609,49,2,292.68,71.88,66.44,0.0,4,3,3,10,Core Customers
C03170,57,2,290.42,71.23,56.56,0.0,3,4,3,10,Core Customers
C00746,27,2,290.34000000000003,74.19999999999999,65.91,0.0,4,3,3,10,Core Customers
C02835,88,2,287.4,70.34,65.24000000000001,0.0,3,4,3,10,Core Customers
C03252,24,1,287.29,112.66,33.7,0.0,4,3,3,10,Core Customers
C01284,31,2,287.12,84.5,24.97,0.0,4,3,3,10,Core Customers
C02099,87,2,286.58,67.11,50.58,0.0,3,4,3,10,Core Customers
C01836,2,1,286.09,92.13,24.88,0.0,5,2,3,10,New Potential
C03076,86,2,281.81,85.63000000000001,36.62,0.5,3,4,3,10,Core Customers
C02855,9,1,279.28,72.99,63.39,0.0,5,2,3,10,New Potential
C02827,10,1,278.73,89.56,36.22,1.0,5,2,3,10,New Potential
C02039,87,2,276.3,80.71000000000001,35.9,0.5,3,4,3,10,Core Customers
C02822,6,1,271.65,90.08,23.62,1.0,5,2,3,10,New Potential
C03399,57,2,269.18,84.21000000000001,38.85,0.0,3,4,3,10,Core Customers
C00619,47,2,267.2,80.52000000000001,27.11,0.0,4,3,3,10,Core Customers
C01070,32,2,266.14,61.18,60.410000000000004,0.0,4,3,3,10,Core Customers
C00564,3,2,257.45,58.66,63.709999999999994,0.0,5,3,2,10,Core Customers
C03356,3,1,256.24,66.31,58.17,0.0,5,3,2,10,Core Customers
C00213,18,2,255.19,73.32,33.16,0.0,5,3,2,10,Core Customers
C02245,32,2,255.08999999999997,66.08,43.26,0.0,4,4,2,10,Core Customers
C03041,7,1,254.04,65.67,44.83,0.0,5,3,2,10,Core Customers
C03036,25,2,239.93,53.580000000000005,42.35,0.0,4,4,2,10,Core Customers
C03237,21,1,234.04,73.92,30.41,0.0,5,3,2,10,Core Customers
C03159,10,1,231.91,73.17,20.17,0.0,5,3,2,10,Core Customers
C00577,53,3,222.37,49.480000000000004,50.47,0.0,4,4,2,10,Core Customers
C03273,17,1,218.1,83.6,11.48,0.0,5,3,2,10,Core Customers
C01319,8,2,218.01999999999998,53.230000000000004,38.47,0.0,5,3,2,10,Core Customers
C03157,9,1,216.14,54.68,49.06,0.0,5,3,2,10,Core Customers
C03047,19,1,213.94,66.88,27.8,0.0,5,3,2,10,Core Customers
C02710,37,2,210.26,44.97,47.730000000000004,0.5,4,4,2,10,Core Customers
C03488,13,1,210.09,52.93,37.07,0.0,5,3,2,10,Core Customers
C03423,42,2,207.28,44.11,47.05,0.0,4,4,2,10,Core Customers
C03012,14,1,200.92,65.32,17.47,0.0,5,3,2,10,Core Customers
C00628,22,2,200.87,45.239999999999995,49.1,0.0,5,3,2,10,Core Customers
C03551,3,1,190.11,58.54,16.53,0.0,5,3,2,10,Core Customers
C02944,3,1,177.97,54.29,15.48,0.0,5,3,2,10,Core Customers
C03410,17,1,177.4,54.09,23.05,0.0,5,3,2,10,Core Customers
C01411,235,3,776.46,247.75,100.89,0.0,1,4,4,9,Loyal High Value
C03201,208,2,759.23,302.88,39.96,0.0,1,4,4,9,Loyal High Value
C00744,105,2,756.8,301.86,39.84,0.0,2,3,4,9,At Risk
C02161,216,3,717.65,233.18,62.4,0.0,1,4,4,9,Loyal High Value
C03163,189,2,691.44,232.0,60.129999999999995,0.0,1,4,4,9,Loyal High Value
C01174,140,2,690.16,225.56,60.010000000000005,0.0,2,3,4,9,At Risk
C02517,180,2,680.5899999999999,222.20999999999998,102.25999999999999,0.0,1,4,4,9,Loyal High Value
C00253,132,2,679.23,272.28,74.47,0.0,2,3,4,9,At Risk
C01773,263,3,678.03,219.31,58.96,0.0,1,4,4,9,Loyal High Value
C00585,107,2,647.29,213.55,56.28,0.0,2,3,4,9,At Risk
C02130,216,3,644.1,201.44,56.019999999999996,0.0,1,4,4,9,Loyal High Value
C01805,270,2,609.0600000000001,197.17,79.15,0.0,1,4,4,9,Loyal High Value
C00807,118,2,608.69,160.52,107.41,0.0,2,3,4,9,At Risk
C02983,205,2,608.17,199.86,52.89,0.0,1,4,4,9,Loyal High Value
C01708,190,3,603.75,190.31,86.17999999999999,0.0,1,4,4,9,Loyal High Value
C00188,106,2,580.3299999999999,227.74,37.34,0.0,2,3,4,9,At Risk
C00678,128,2,577.99,189.29,50.26,0.0,2,3,4,9,At Risk
C01776,263,2,565.36,181.87,49.17,0.0,1,4,4,9,Loyal High Value
C01178,154,2,563.6099999999999,150.45,99.46000000000001,0.0,2,3,4,9,At Risk
C03413,279,2,561.08,219.65,65.82,0.0,1,4,4,9,Loyal High Value
C00688,154,2,556.4399999999999,181.75,81.6,0.0,2,3,4,9,At Risk
C00298,103,2,538.71,216.25,28.35,0.0,2,3,4,9,At Risk
C01189,169,3,538.2800000000001,132.1,101.81,0.3333333333333333,1,4,4,9,Loyal High Value
C02587,190,2,537.02,174.95999999999998,69.78,0.0,1,4,4,9,Loyal High Value
C01162,178,3,531.76,165.11,73.45,0.0,1,4,4,9,Loyal High Value
C01845,209,2,531.26,141.07,93.75999999999999,0.5,1,4,4,9,Loyal High Value
C01664,131,2,525.23,204.6,48.8,0.0,2,3,4,9,At Risk
C01677,137,2,518.0899999999999,171.33,80.86,0.0,2,3,4,9,At Risk
C00711,167,2,510.76,204.51,47.45,0.5,2,3,4,9,At Risk
C02651,82,1,510.37,140.01,90.06,0.0,3,2,4,9,Big Ticket One-Off
C01231,128,2,505.28,130.53,89.16,0.0,2,3,4,9,At Risk
C00079,102,2,503.16999999999996,198.32999999999998,52.19,0.0,2,3,4,9,At Risk
C02451,187,2,500.93,132.27,113.71000000000001,0.0,1,4,4,9,Loyal High Value
C02698,192,2,489.04,128.82,95.15,0.0,1,4,4,9,Loyal High Value
C02459,178,2,485.5,156.93,63.08,0.0,1,4,4,9,Loyal High Value
C00996,103,2,483.53999999999996,127.23,85.34,0.0,2,3,4,9,At Risk
C03360,204,2,479.52,123.06,84.63,0.5,1,4,4,9,Loyal High Value
C02247,198,3,472.94,116.16,107.36,0.0,1,4,4,9,Loyal High Value
C00258,112,2,469.05,132.39999999999998,57.97,0.0,2,3,4,9,At Risk
C03011,228,2,467.16,147.51,40.629999999999995,0.0,1,4,4,9,Loyal High Value
C01542,158,2,463.27,149.15,60.199999999999996,0.0,2,3,4,9,At Risk
C01184,221,3,462.94,110.26,105.09,0.0,1,4,4,9,Loyal High Value
C00287,158,2,446.40999999999997,113.46,87.58,0.0,2,3,4,9,At Risk
C02910,178,2,445.6,142.96,57.91,0.0,1,4,4,9,Loyal High Value
C00830,166,2,441.4,138.49,57.36,0.0,2,3,4,9,At Risk
C03358,285,2,427.2,133.51999999999998,37.15,0.0,1,4,4,9,Loyal High Value
C02925,77,1,423.27,169.77,22.28,0.0,3,2,4,9,Big Ticket One-Off
C00319,41,1,422.57,172.48,22.24,1.0,4,1,4,9,New Potential
C02293,219,2,421.72999999999996,112.3,74.42,0.0,1,4,4,9,Loyal High Value
C02746,193,2,421.1,131.38,36.62,0.0,1,4,4,9,Loyal High Value
C02708,199,2,411.67999999999995,131.09,53.5,0.0,1,4,4,9,Loyal High Value
C02153,36,1,408.56,134.99,35.53,1.0,4,2,3,9,New Potential
C03222,154,2,407.53999999999996,126.64000000000001,52.95,0.0,2,4,3,9,At Risk
C00978,6,1,407.53,137.63,35.44,0.0,5,1,3,9,New Potential
C03402,131,2,406.83000000000004,126.39,35.379999999999995,0.0,2,4,3,9,At Risk
C00881,56,2,399.97,123.99000000000001,62.43000000000001,0.5,3,3,3,9,Core Customers
C00791,62,2,399.89,151.95,21.049999999999997,0.0,3,3,3,9,Core Customers
C00274,57,2,399.87,102.96,90.77,0.0,3,3,3,9,Core Customers
C01712,44,1,398.64,131.52,51.8,0.0,4,2,3,9,New Potential
C00571,18,1,398.59,110.59,90.48,0.0,5,1,3,9,New Potential
C00203,69,2,396.84000000000003,125.89000000000001,51.56,0.0,3,3,3,9,Core Customers
C00909,77,2,395.51,122.42999999999999,51.39,0.0,3,3,3,9,Core Customers
C02650,140,2,394.24,98.33,101.66000000000001,0.0,2,4,3,9,At Risk
C02505,163,2,393.37,98.08000000000001,69.42,0.5,2,4,3,9,At Risk
C02976,141,2,392.07000000000005,100.7,69.19,0.0,2,4,3,9,At Risk
C02791,155,2,389.57,123.35,33.88,0.0,2,4,3,9,At Risk
C00732,98,2,389.56,99.97,68.74000000000001,0.0,3,3,3,9,Core Customers
C02529,132,2,387.11,122.49000000000001,56.07,0.5,2,4,3,9,At Risk
C01634,82,2,385.52,121.94,33.519999999999996,0.5,3,3,3,9,Core Customers
C03427,127,2,380.72,117.25,49.47,0.5,2,4,3,9,At Risk
C03046,88,1,380.23,125.08,59.34,0.0,3,3,3,9,Core Customers
C01279,7,1,379.41,151.35,35.25,0.0,5,1,3,9,New Potential
C03520,83,1,378.79,124.58,32.94,0.0,3,3,3,9,Core Customers
C01970,146,2,377.99,93.61,85.80000000000001,0.0,2,4,3,9,At Risk
C00345,6,1,375.83,100.99,66.32,0.0,5,1,3,9,New Potential
C01828,158,2,374.78,115.17,48.7,0.5,2,4,3,9,At Risk
C02849,142,2,373.15999999999997,95.22,65.85,0.0,2,4,3,9,At Risk
C00110,88,2,372.94,117.53,32.43,0.0,3,3,3,9,Core Customers
C02600,34,1,371.26,121.94,57.94,0.0,4,2,3,9,New Potential
C01582,141,3,369.9,83.27,71.68,0.0,2,4,3,9,At Risk
C01600,32,1,363.48,119.22,47.23,0.0,4,2,3,9,New Potential
C00930,100,2,361.23,113.43,35.81,0.0,3,3,3,9,Core Customers
C00382,23,1,360.4,99.52,81.81,0.0,5,1,3,9,New Potential
C03327,126,2,358.02,109.30000000000001,35.849999999999994,0.0,2,4,3,9,At Risk
C03137,124,2,357.21,115.02000000000001,46.42,0.5,2,4,3,9,At Risk
C02853,124,2,353.84000000000003,110.84,30.769999999999996,0.0,2,4,3,9,At Risk
C00870,78,2,350.82,85.74000000000001,79.63,0.0,3,3,3,9,Core Customers
C02569,109,2,346.28,87.42999999999999,61.11,0.0,2,4,3,9,At Risk
C02563,39,1,337.12,89.77,59.49,0.0,4,2,3,9,New Potential
C02138,51,1,335.53,132.92,31.17,0.0,4,2,3,9,New Potential
C03308,100,1,330.99,107.85,28.78,0.0,3,3,3,9,Core Customers
C02346,50,1,329.73,107.41,36.64,0.0,4,2,3,9,New Potential
C01510,49,1,326.48,129.12,30.33,0.0,4,2,3,9,New Potential
C02476,143,2,325.06,81.27,57.37,0.0,2,4,3,9,At Risk
C00229,56,2,324.91,78.22,73.75,0.0,3,3,3,9,Core Customers
C02599,110,2,319.51,95.82,27.78,0.0,2,4,3,9,At Risk
C01623,50,1,318.84,125.91,16.78,0.0,4,2,3,9,New Potential
C03348,113,2,312.42,80.61,74.02000000000001,0.0,2,4,3,9,At Risk
C03051,64,1,312.01,123.04,16.42,0.0,3,3,3,9,Core Customers
C00260,124,3,311.27,69.26,54.93000000000001,0.3333333333333333,2,4,3,9,At Risk
C01427,78,2,309.85,73.85,70.34,0.0,3,3,3,9,Core Customers
C01986,26,1,308.19,99.87,26.8,1.0,4,2,3,9,New Potential
C02495,131,2,304.94,90.72999999999999,39.620000000000005,0.0,2,4,3,9,At Risk
C03323,84,1,302.87,101.01,39.36,0.0,3,3,3,9,Core Customers
C00063,94,2,301.92,95.66999999999999,42.14,0.0,3,3,3,9,Core Customers
C03298,126,2,297.29,79.16,50.42,0.0,2,4,3,9,At Risk
C02741,34,1,296.85,95.9,38.57,0.0,4,2,3,9,New Potential
C00596,23,1,293.45,97.71,25.52,0.0,5,1,3,9,New Potential
C00403,9,1,292.11,94.24,37.96,0.0,5,1,3,9,New Potential
C00938,93,2,291.39,71.5,51.42,0.0,3,3,3,9,Core Customers
C02443,130,2,289.63,67.99,51.11,0.0,2,4,3,9,At Risk
C00073,74,2,288.97,70.8,51.0,0.0,3,3,3,9,Core Customers
C02940,53,1,288.57,75.68,50.92,0.0,4,2,3,9,New Potential
C02836,113,2,286.95,84.44,37.29,0.0,2,4,3,9,At Risk
C01093,101,2,281.73,88.6,41.1,0.0,3,3,3,9,Core Customers
C00025,10,1,278.26,89.39,24.2,0.0,5,1,3,9,New Potential
C00620,19,1,277.89,111.71,14.63,0.0,5,1,3,9,New Potential
C02785,42,1,276.08,91.63,35.88,0.0,4,2,3,9,New Potential
C00198,5,1,275.22,91.33,35.76,0.0,5,1,3,9,New Potential
C02934,45,1,275.0,91.25,23.91,0.0,4,2,3,9,New Potential
C00113,66,2,273.96999999999997,66.45,62.19,0.5,3,3,3,9,Core Customers
C01502,57,2,273.25,66.24000000000001,62.019999999999996,0.0,3,3,3,9,Core Customers
C02923,147,2,272.23,65.95,61.790000000000006,0.0,2,4,3,9,At Risk
C02371,166,2,270.73,62.510000000000005,47.77,0.0,2,4,3,9,At Risk
C03461,70,1,270.07,105.43,25.09,0.0,3,3,3,9,Core Customers
C01711,62,2,268.56,81.0,23.36,0.0,3,3,3,9,Core Customers
C02317,25,1,266.41,88.24,34.62,0.0,4,2,3,9,New Potential
C03019,110,2,265.57,64.02,60.28,0.0,2,4,3,9,At Risk
C01136,11,1,264.16,102.95,13.9,0.0,5,1,3,9,New Potential
C00578,17,1,263.05,105.48,13.84,0.0,5,1,3,9,New Potential
C01326,67,2,262.7,63.190000000000005,59.63,0.0,3,3,3,9,Core Customers
C01568,14,1,262.2,102.13,13.8,0.0,5,2,2,9,New Potential
C01672,10,1,261.49,67.83,46.14,0.0,5,2,2,9,New Potential
C02665,7,1,261.38,67.8,59.33,0.0,5,2,2,9,New Potential
C01798,84,2,258.93,62.09,45.7,0.0,3,4,2,9,Core Customers
C02434,15,1,252.28,65.16,44.52,0.0,5,2,2,9,New Potential
C02219,9,1,248.81,79.08,21.64,0.0,5,2,2,9,New Potential
C02092,93,2,248.39000000000001,56.04,47.61,0.0,3,4,2,9,Core Customers
C01610,21,1,247.51,63.78,43.68,1.0,5,2,2,9,New Potential
C02336,8,1,245.36,63.15,55.69,0.0,5,2,2,9,New Potential
C02046,12,1,244.05,77.42,21.22,0.0,5,2,2,9,New Potential
C02631,11,1,240.85,64.85,42.5,0.0,5,2,2,9,New Potential
C02892,22,1,240.81,76.28,31.29,0.0,5,2,2,9,New Potential
C01747,13,1,240.04,66.41,29.67,0.0,5,2,2,9,New Potential
C03028,74,2,238.63,57.97,40.46,0.0,3,4,2,9,Core Customers
C01469,21,1,231.73,66.84,39.3,0.0,5,2,2,9,New Potential
C03008,37,1,230.78,75.77,29.99,0.0,4,3,2,9,Core Customers
C01566,18,1,230.66,58.89,52.36,0.0,5,2,2,9,New Potential
C01800,13,1,227.28,62.46,38.54,0.0,5,2,2,9,New Potential
C02466,95,2,220.5,61.18000000000001,28.65,0.5,3,4,2,9,Core Customers
C01617,32,2,213.72,61.8,18.58,0.0,4,3,2,9,Core Customers
C01576,25,2,213.53,61.74,27.75,0.0,4,3,2,9,Core Customers
C03250,54,1,213.01,53.77,37.59,0.0,4,3,2,9,Core Customers
C01736,64,2,212.28,48.57,41.77,0.0,3,4,2,9,Core Customers
C01345,51,2,212.0,45.48,50.349999999999994,0.0,4,3,2,9,Core Customers
C01620,16,1,210.29,55.99,47.74,0.0,5,2,2,9,New Potential
C01715,13,1,208.56,52.48,36.8,0.0,5,2,2,9,New Potential
C01475,41,2,208.54000000000002,47.48,47.33,0.5,4,3,2,9,Core Customers
C02731,10,1,195.7,60.49,17.02,0.0,5,2,2,9,New Potential
C03160,46,1,192.64,54.72,32.67,0.0,4,3,2,9,Core Customers
C02500,1,1,192.11,47.71,39.35,0.0,5,2,2,9,New Potential
C03083,49,1,190.36,51.01,32.28,0.0,4,3,2,9,Core Customers
C03049,27,1,189.54,46.97,33.45,0.0,4,3,2,9,Core Customers
C02411,11,1,181.74,55.61,20.19,0.0,5,2,2,9,New Potential
C02581,101,2,181.41,36.61,34.56,0.0,3,4,2,9,Core Customers
C03511,45,1,166.84,50.39,18.54,0.0,4,3,2,9,Core Customers
C01947,5,1,166.62,53.32,14.49,1.0,5,2,2,9,New Potential
C02224,16,1,166.24,53.19,14.46,0.0,5,2,2,9,New Potential
C03283,4,1,164.03,49.41,14.26,0.0,5,3,1,9,Core Customers
C03289,12,1,155.35,37.05,27.42,0.0,5,3,1,9,Core Customers
C00526,14,2,148.93,30.19,28.59,0.0,5,3,1,9,Core Customers
C03147,21,1,148.03,46.81,23.1,0.0,5,3,1,9,Core Customers
C03522,13,1,140.94,32.87,31.99,0.0,5,3,1,9,Core Customers
C03567,13,1,138.59,32.19,31.46,0.0,5,3,1,9,Core Customers
C03112,14,1,135.41,34.27,30.74,0.0,5,3,1,9,Core Customers
C03370,5,1,134.41,30.98,30.51,0.0,5,3,1,9,Core Customers
C03347,12,1,120.44,29.93,27.34,0.0,5,3,1,9,Core Customers
C03528,8,1,110.74,24.11,25.14,0.0,5,3,1,9,Core Customers
C03282,5,1,107.3,32.55,13.94,0.0,5,3,1,9,Core Customers
C03350,14,1,105.4,28.89,9.17,0.0,5,3,1,9,Core Customers
C03286,13,1,96.09,22.87,16.96,0.0,5,3,1,9,Core Customers
C03061,22,1,76.54,15.73,12.98,0.0,5,3,1,9,Core Customers
C03400,22,1,73.19,14.69,12.41,0.0,5,3,1,9,Core Customers
C01214,92,1,623.72,256.96,32.83,0.0,3,1,4,8,Big Ticket One-Off
C01661,125,1,607.18,168.08,107.15,0.0,2,2,4,8,Big Ticket One-Off
C00442,196,2,602.51,197.88,87.33000000000001,0.0,1,3,4,8,At Risk
C02235,137,1,601.93,244.81,31.68,0.0,2,2,4,8,Big Ticket One-Off
C01338,335,2,591.44,191.01,76.85,0.0,1,3,4,8,At Risk
C01467,170,2,585.36,229.85,54.38,0.0,1,3,4,8,At Risk
C01455,189,2,542.27,211.76,28.54,0.0,1,3,4,8,At Risk
C00291,268,2,529.31,172.26,68.78,0.0,1,3,4,8,At Risk
C00976,197,2,508.09000000000003,164.82999999999998,44.18,0.0,1,3,4,8,At Risk
C00705,201,2,491.16,155.9,63.82000000000001,0.0,1,3,4,8,At Risk
C02097,107,1,469.89,159.46,61.06,0.0,2,2,4,8,Big Ticket One-Off
C01321,195,2,468.39,147.93,40.73,0.0,1,3,4,8,At Risk
C01384,67,1,465.96,155.09,51.77,0.0,3,1,4,8,Big Ticket One-Off
C00084,210,2,458.69,176.64,42.61,0.0,1,3,4,8,At Risk
C00212,175,2,455.58,116.12,103.41,0.0,1,3,4,8,At Risk
C01176,98,1,444.56,147.6,38.66,0.0,3,1,4,8,Big Ticket One-Off
C01636,277,2,437.89,140.26,56.9,0.0,1,3,4,8,At Risk
C00468,316,2,428.90999999999997,108.38999999999999,75.69,0.0,1,3,4,8,At Risk
C00223,246,2,428.78,108.34,97.33,0.0,1,3,4,8,At Risk
C01289,169,2,424.78,107.18,74.96,0.0,1,3,4,8,At Risk
C00426,194,2,422.1,131.74,54.85,0.0,1,3,4,8,At Risk
C01690,204,2,416.87,132.9,54.17,0.0,1,3,4,8,At Risk
C00331,250,2,410.95,130.82999999999998,35.730000000000004,0.0,1,3,4,8,At Risk
C01775,229,2,409.15999999999997,108.66,92.88,0.0,1,4,3,8,At Risk
C03164,136,1,408.61,110.5,92.75,0.0,2,3,3,8,At Risk
C00081,137,2,401.31,130.46,52.15,0.0,2,3,3,8,At Risk
C01280,55,1,394.64,109.45,89.58,0.0,4,1,3,8,New Potential
C01856,101,1,394.55,106.42,69.63,0.0,3,2,3,8,Core Customers
C02107,191,3,393.84,93.22,89.4,0.0,1,4,3,8,At Risk
C00782,292,3,392.22,92.74,76.84,0.3333333333333333,1,4,3,8,At Risk
C01229,139,2,391.14,97.43,69.03,0.0,2,3,3,8,At Risk
C01549,109,2,386.27,122.19,50.199999999999996,0.0,2,3,3,8,At Risk
C02829,98,1,382.12,125.74,42.46,0.0,3,2,3,8,Core Customers
C02775,93,1,381.29,128.45,33.16,0.0,3,2,3,8,Core Customers
C01204,146,2,378.47,96.75999999999999,93.88,0.0,2,3,3,8,At Risk
C02349,269,2,377.76,119.21000000000001,49.09,0.0,1,4,3,8,At Risk
C03330,112,1,371.4,147.99,19.55,0.0,2,3,3,8,At Risk
C00673,227,3,371.38,86.69,84.31,0.0,1,4,3,8,At Risk
C01535,192,3,371.21000000000004,89.65,65.50999999999999,0.0,1,4,3,8,At Risk
C03175,188,2,370.83000000000004,113.79,48.19,0.0,1,4,3,8,At Risk
C00125,123,2,370.04999999999995,113.52000000000001,48.08,0.0,2,3,3,8,At Risk
C02959,286,2,369.22,119.22999999999999,47.980000000000004,0.0,1,4,3,8,At Risk
C02503,186,2,367.33,112.56,31.94,0.0,1,4,3,8,At Risk
C01701,75,1,365.46,122.91,31.78,0.0,3,2,3,8,Core Customers
C02535,255,2,364.01,89.55999999999999,64.24,0.0,1,4,3,8,At Risk
C02967,220,2,362.87,89.22999999999999,64.03,0.0,1,4,3,8,At Risk
C03498,225,2,362.81,92.22,67.13,0.5,1,4,3,8,At Risk
C01863,63,1,362.12,121.74,31.49,0.0,3,2,3,8,Core Customers
C02083,206,2,361.59000000000003,110.56,46.989999999999995,0.0,1,4,3,8,At Risk
C00160,108,2,359.22,91.18,63.4,0.0,2,3,3,8,At Risk
C00257,49,1,349.77,114.42,45.45,0.0,4,1,3,8,New Potential
C01853,71,1,349.57,96.37,61.69,0.0,3,2,3,8,Core Customers
C02383,196,2,349.57,85.38,79.36,0.0,1,4,3,8,At Risk
C00317,128,2,349.28,109.25,30.369999999999997,0.0,2,3,3,8,At Risk
C00917,47,1,345.84,116.05,30.07,0.0,4,1,3,8,New Potential
C01258,37,1,343.43,112.2,29.86,0.0,4,1,3,8,New Potential
C00861,138,2,341.39,83.0,77.49000000000001,0.0,2,3,3,8,At Risk
C00862,128,2,340.97,82.88,77.4,0.0,2,3,3,8,At Risk
C01073,111,2,340.65999999999997,106.23,29.619999999999997,0.0,2,3,3,8,At Risk
C00053,131,2,339.03999999999996,105.66,47.68000000000001,0.0,2,3,3,8,At Risk
C01962,77,1,336.42,89.56,59.37,0.0,3,2,3,8,Core Customers
C02667,78,1,334.73,112.15,29.11,0.0,3,2,3,8,Core Customers
C00882,161,2,334.02,83.87,81.32,0.5,2,3,3,8,At Risk
C00356,118,2,333.39,83.67999999999999,65.74,0.0,2,3,3,8,At Risk
C00737,157,2,333.03,100.56,47.739999999999995,0.0,2,3,3,8,At Risk
C02230,63,1,330.97,107.84,43.01,0.0,3,2,3,8,Core Customers
C02778,196,2,330.07,82.72,58.25,0.0,1,4,3,8,At Risk
C01857,76,1,329.06,110.17,36.56,0.0,3,2,3,8,Core Customers
C00117,43,1,326.9,132.3,17.21,0.0,4,1,3,8,New Potential
C01957,172,2,325.78,98.03,42.33,0.0,1,4,3,8,At Risk
C00964,44,1,322.88,127.61,24.3,0.0,4,1,3,8,New Potential
C00428,43,1,321.48,127.02,29.86,0.0,4,1,3,8,New Potential
C01396,38,1,318.67,84.41,72.34,0.0,4,1,3,8,New Potential
C00531,129,2,318.04,76.22999999999999,72.19,0.0,2,3,3,8,At Risk
C02431,68,1,317.14,106.0,41.21,0.0,3,2,3,8,Core Customers
C02449,87,1,316.81,86.88,55.91,0.0,3,2,3,8,Core Customers
C03059,125,1,311.89,101.16,40.53,0.0,2,3,3,8,At Risk
C01889,75,1,311.7,122.91,16.41,0.0,3,2,3,8,Core Customers
C00821,36,1,309.9,100.46,40.27,0.0,4,1,3,8,New Potential
C01951,63,1,309.9,100.46,34.43,0.0,3,2,3,8,Core Customers
C00205,111,2,309.40999999999997,73.72999999999999,70.23,0.0,2,3,3,8,At Risk
C01060,43,1,304.99,98.75,39.63,0.0,4,1,3,8,New Potential
C00146,160,2,304.47,90.57,26.47,0.0,2,3,3,8,At Risk
C00055,140,2,300.81,89.28,26.16,0.0,2,3,3,8,At Risk
C01515,56,1,299.33,99.77,38.9,0.0,3,2,3,8,Core Customers
C00880,52,1,298.19,96.37,25.93,1.0,4,1,3,8,New Potential
C02422,56,1,294.59,118.73,15.5,0.0,3,2,3,8,Core Customers
C03577,217,2,293.94,75.24000000000001,51.870000000000005,0.0,1,4,3,8,At Risk
C02265,95,1,289.66,93.38,37.64,0.0,3,2,3,8,Core Customers
C03428,102,1,288.13,78.56,50.85,0.0,2,3,3,8,At Risk
C00602,165,2,284.12,69.4,64.49,0.0,2,3,3,8,At Risk
C03018,105,1,281.34,76.59,63.86,0.0,2,3,3,8,At Risk
C00868,39,1,278.66,89.53,36.21,0.0,4,1,3,8,New Potential
C01380,39,1,277.82,108.69,14.62,0.0,4,1,3,8,New Potential
C03479,175,2,277.52,64.48,52.58,0.0,1,4,3,8,At Risk
C00283,39,1,276.68,108.21,25.7,0.0,4,1,3,8,New Potential
C00432,54,1,272.99,106.66,25.36,0.0,4,1,3,8,New Potential
C02524,82,1,271.13,70.63,47.85,0.0,3,2,3,8,Core Customers
C01943,172,2,270.26,81.59,35.11,0.0,1,4,3,8,At Risk
C00898,146,2,269.40999999999997,62.13,47.540000000000006,0.0,2,3,3,8,At Risk
C01317,52,1,266.69,85.34,34.65,0.0,4,1,3,8,New Potential
C00541,32,1,265.42,68.97,46.84,0.0,4,1,3,8,New Potential
C01015,54,1,264.37,87.53,34.35,0.0,4,1,3,8,New Potential
C01464,67,1,263.75,84.31,22.93,0.0,3,2,3,8,Core Customers
C01792,51,1,261.41,83.49,29.05,0.0,4,2,2,8,New Potential
C01171,74,2,250.13,56.54,44.150000000000006,0.0,3,3,2,8,Core Customers
C02697,157,2,247.51999999999998,61.78,59.129999999999995,0.5,2,4,2,8,At Risk
C00396,67,2,246.55,58.5,55.96,0.0,3,3,2,8,Core Customers
C01933,24,1,245.12,66.09,43.26,0.0,4,2,2,8,New Potential
C03042,67,1,243.25,67.41,41.25,0.0,3,3,2,8,Core Customers
C00933,16,1,240.85,79.3,31.3,0.0,5,1,2,8,New Potential
C01252,8,1,240.69,79.24,20.93,0.0,5,1,2,8,New Potential
C01503,52,1,240.54,76.19,20.92,0.0,4,2,2,8,New Potential
C00998,2,1,239.86,75.95,31.17,0.0,5,1,2,8,New Potential
C01989,52,1,238.64,78.52,20.75,0.0,4,2,2,8,New Potential
C03288,79,1,237.35,78.07,20.64,0.0,3,3,2,8,Core Customers
C01730,31,1,233.82,59.81,47.89,0.0,4,2,2,8,New Potential
C03245,57,1,231.88,76.16,30.13,0.0,3,3,2,8,Core Customers
C00827,73,2,231.14999999999998,67.91,32.29,0.0,3,3,2,8,Core Customers
C00945,17,1,228.71,88.06,12.04,0.0,5,1,2,8,New Potential
C03586,69,1,228.47,58.26,40.32,0.0,3,3,2,8,Core Customers
C03184,56,1,222.01,72.7,19.31,0.0,3,3,2,8,Core Customers
C00436,3,1,214.7,67.14,23.86,0.0,5,1,2,8,New Potential
C00097,56,2,213.73000000000002,45.989999999999995,37.72,0.0,3,3,2,8,Core Customers
C02539,40,1,212.77,53.7,48.3,0.0,4,2,2,8,New Potential
C03262,99,1,212.15,53.52,37.44,0.0,3,3,2,8,Core Customers
C01109,16,1,211.02,56.2,37.24,0.0,5,1,2,8,New Potential
C02676,31,1,210.45,57.24,26.01,0.0,4,2,2,8,New Potential
C03557,86,1,209.5,65.32,27.22,0.0,3,3,2,8,Core Customers
C00264,13,1,205.96,55.85,25.46,0.0,5,1,2,8,New Potential
C02644,24,1,204.67,77.96,19.01,0.0,4,2,2,8,New Potential
C01433,19,1,201.63,50.47,41.3,0.0,5,1,2,8,New Potential
C00127,66,2,200.72,42.209999999999994,35.42,0.0,3,3,2,8,Core Customers
C00301,3,1,199.9,52.97,45.38,0.0,5,1,2,8,New Potential
C02842,31,1,198.43,64.45,17.26,0.0,4,2,2,8,New Potential
C02841,41,1,194.38,48.37,34.3,1.0,4,2,2,8,New Potential
C02802,46,1,189.96,58.49,16.52,0.0,4,2,2,8,New Potential
C00730,4,1,188.89,46.78,33.33,0.0,5,1,2,8,New Potential
C03575,69,1,188.08,57.83,20.9,0.0,3,3,2,8,Core Customers
C02965,67,1,187.78,46.46,42.63,0.0,3,3,2,8,Core Customers
C03429,138,2,187.43,52.6,16.3,0.0,2,4,2,8,At Risk
C00785,4,1,187.11,57.49,16.27,0.0,5,1,2,8,New Potential
C03218,71,1,187.01,46.23,33.0,0.0,3,3,2,8,Core Customers
C03430,85,1,184.81,56.68,16.07,0.0,3,3,2,8,Core Customers
C01180,11,1,184.49,59.57,28.79,1.0,5,1,2,8,New Potential
C00701,17,1,182.12,58.74,20.24,0.0,5,1,2,8,New Potential
C03364,92,1,182.12,48.46,30.89,0.0,3,3,2,8,Core Customers
C02463,33,1,180.72,47.41,41.02,0.0,4,2,2,8,New Potential
C00878,12,1,175.57,42.92,39.85,0.0,5,1,2,8,New Potential
C02580,33,1,175.2,42.81,30.92,0.0,4,2,2,8,New Potential
C01996,51,1,172.36,41.98,30.42,0.0,4,2,2,8,New Potential
C02862,35,1,172.29,52.3,26.89,0.0,4,2,2,8,New Potential
C00548,16,1,170.4,54.64,26.59,0.0,5,1,2,8,New Potential
C01822,51,1,169.85,51.45,22.07,0.0,4,2,2,8,New Potential
C01268,21,1,169.79,54.42,22.06,0.0,5,1,2,8,New Potential
C01880,47,1,168.37,40.83,29.71,0.0,4,2,2,8,New Potential
C01324,101,2,168.07,32.75,29.659999999999997,0.0,3,3,2,8,Core Customers
C01140,21,1,167.77,50.72,21.8,1.0,5,1,2,8,New Potential
C02159,45,1,166.36,53.22,18.48,0.0,4,2,2,8,New Potential
C02815,44,1,165.84,50.04,14.42,0.0,4,2,2,8,New Potential
C03451,65,1,165.62,43.03,37.59,0.0,3,3,2,8,Core Customers
C01881,21,1,163.94,49.38,14.26,0.0,5,2,1,8,New Potential
C01949,10,1,162.67,42.43,27.59,0.0,5,2,1,8,New Potential
C02856,6,1,162.46,48.86,14.13,0.0,5,2,1,8,New Potential
C01791,9,1,160.71,38.6,28.36,0.0,5,2,1,8,New Potential
C03131,26,1,160.54,38.56,36.44,0.0,4,3,1,8,Core Customers
C01920,20,1,159.42,47.8,13.86,0.0,5,2,1,8,New Potential
C02748,18,1,157.0,40.53,27.71,0.0,5,2,1,8,New Potential
C02863,12,1,153.01,48.55,13.3,0.0,5,2,1,8,New Potential
C02031,57,2,152.01,28.09,34.5,0.0,3,4,1,8,Core Customers
C03542,27,1,134.69,33.75,16.65,0.0,4,3,1,8,Core Customers
C01591,22,1,131.37,30.1,29.82,0.0,5,2,1,8,New Potential
C03368,54,1,129.4,35.11,21.94,0.0,4,3,1,8,Core Customers
C02263,9,1,128.43,29.24,29.15,0.0,5,2,1,8,New Potential
C03206,45,1,127.14,34.41,21.56,0.0,4,3,1,8,Core Customers
C02007,11,1,125.66,35.98,16.33,0.0,5,2,1,8,New Potential
C01849,7,1,124.03,27.97,28.15,0.0,5,2,1,8,New Potential
C02602,23,1,123.0,27.67,21.71,0.0,5,2,1,8,New Potential
C03133,31,1,119.03,28.9,14.71,1.0,4,3,1,8,Core Customers
C02973,45,1,118.12,36.34,13.12,0.0,4,3,1,8,Core Customers
C03148,36,1,117.52,26.08,26.68,0.0,4,3,1,8,Core Customers
C03565,23,1,106.9,23.0,18.86,0.0,4,3,1,8,Core Customers
C02635,18,1,104.35,28.52,9.07,0.0,5,2,1,8,New Potential
C01585,18,1,101.4,23.43,12.53,0.0,5,2,1,8,New Potential
C01597,16,1,99.46,20.84,17.55,0.0,5,2,1,8,New Potential
C02603,18,1,92.61,24.41,8.05,0.0,5,2,1,8,New Potential
C01978,18,1,62.44,11.36,7.72,0.0,5,2,1,8,New Potential
C02575,23,1,55.08,7.97,12.5,0.0,5,2,1,8,New Potential
C00629,163,1,593.54,179.0,73.36,0.0,2,1,4,7,Big Ticket One-Off
C02490,224,1,553.65,224.53,41.67,0.0,1,2,4,7,Big Ticket One-Off
C02024,234,1,546.0,186.1,47.48,0.0,1,2,4,7,Big Ticket One-Off
C02128,193,1,537.07,147.75,121.91,0.0,1,2,4,7,Big Ticket One-Off
C00560,108,1,457.79,152.23,39.81,0.0,2,1,4,7,Big Ticket One-Off
C01840,174,1,457.14,152.0,39.75,0.0,1,2,4,7,Big Ticket One-Off
C02051,174,1,453.99,182.68,23.89,0.0,1,2,4,7,Big Ticket One-Off
C02139,232,1,436.0,147.6,37.91,0.0,1,2,4,7,Big Ticket One-Off
C01587,172,1,433.45,117.7,76.49,0.0,1,2,4,7,Big Ticket One-Off
C01491,278,2,406.15999999999997,101.78999999999999,71.67,0.0,1,3,3,7,At Risk
C02814,157,1,402.42,161.02,21.18,0.0,2,2,3,7,Cold Low Activity
C03564,202,1,401.66,108.48,70.88,1.0,1,3,3,7,At Risk
C00349,199,2,386.22,122.17999999999999,33.59,0.0,1,3,3,7,At Risk
C01907,147,1,384.36,129.53,33.42,0.0,2,2,3,7,Cold Low Activity
C02530,133,1,384.35,153.43,20.23,0.0,2,2,3,7,Cold Low Activity
C01247,191,2,373.95,117.88,48.599999999999994,0.0,1,3,3,7,At Risk
C01676,191,2,371.89,117.16999999999999,32.33,0.0,1,3,3,7,At Risk
C01553,144,1,369.79,121.43,32.16,0.0,2,2,3,7,Cold Low Activity
C01599,283,2,368.48,115.97,47.88,0.0,1,3,3,7,At Risk
C01431,101,1,361.75,143.93,33.6,0.0,3,1,3,7,Core Customers
C01033,64,1,358.01,145.36,33.26,0.0,3,1,3,7,Core Customers
C00509,80,1,357.53,117.14,31.09,0.0,3,1,3,7,Core Customers
C02372,112,1,344.77,115.67,44.8,0.0,2,2,3,7,Cold Low Activity
C01163,64,1,344.7,136.77,32.02,0.0,3,1,3,7,Core Customers
C01213,62,1,342.35,94.28,77.71,0.0,3,1,3,7,Core Customers
C01706,125,1,341.45,114.51,44.37,0.0,2,2,3,7,Cold Low Activity
C01452,237,2,337.85,81.97,76.69,0.0,1,3,3,7,At Risk
C01607,115,1,331.1,107.88,36.79,0.0,2,2,3,7,Cold Low Activity
C01257,68,1,329.76,107.42,36.64,0.0,3,1,3,7,Core Customers
C03463,198,1,329.03,107.16,28.61,0.0,1,3,3,7,At Risk
C00300,233,2,325.41,78.36999999999999,73.86,0.0,1,3,3,7,At Risk
C02232,146,1,319.83,106.94,27.81,0.0,2,2,3,7,Cold Low Activity
C01439,70,1,319.37,103.78,41.5,0.0,3,1,3,7,Core Customers
C03496,226,1,317.89,106.26,27.64,0.0,1,3,3,7,At Risk
C03405,187,1,315.3,102.35,27.42,0.0,1,3,3,7,At Risk
C03516,311,1,314.9,102.21,40.92,0.0,1,3,3,7,At Risk
C01609,136,1,310.05,122.22,16.32,0.0,2,2,3,7,Cold Low Activity
C03002,339,1,308.44,102.95,26.82,1.0,1,3,3,7,At Risk
C00706,84,1,308.13,99.84,40.04,0.0,3,1,3,7,Core Customers
C02765,160,1,306.64,102.33,39.85,1.0,2,2,3,7,Cold Low Activity
C03204,220,1,305.19,80.5,69.28,0.0,1,3,3,7,At Risk
C00951,62,1,305.08,101.78,26.53,0.0,3,1,3,7,Core Customers
C01220,86,1,302.37,97.83,26.29,0.0,3,1,3,7,Core Customers
C03021,224,1,302.08,97.73,26.27,0.0,1,3,3,7,At Risk
C01249,66,1,301.74,100.61,39.21,0.0,3,1,3,7,Core Customers
C00952,86,1,294.57,95.1,25.61,0.0,3,1,3,7,Core Customers
C02118,130,1,290.3,93.6,25.24,0.0,2,2,3,7,Cold Low Activity
C01552,110,1,289.59,93.35,37.63,0.0,2,2,3,7,Cold Low Activity
C00794,62,1,285.86,92.05,24.86,0.0,3,1,3,7,Core Customers
C00681,224,2,285.74,90.01,37.129999999999995,0.0,1,3,3,7,At Risk
C01077,175,2,284.37,83.53,36.959999999999994,0.5,1,3,3,7,At Risk
C01761,129,1,282.68,90.94,36.73,1.0,2,2,3,7,Cold Low Activity
C02003,104,1,278.41,89.44,24.21,0.0,2,2,3,7,Cold Low Activity
C01106,246,2,276.63,67.22,48.82,0.0,1,3,3,7,At Risk
C02663,159,1,274.28,88.0,23.85,0.0,2,2,3,7,Cold Low Activity
C03442,192,1,273.85,90.85,23.81,0.0,1,3,3,7,At Risk
C01022,169,2,268.69,67.28999999999999,45.57,0.0,1,3,3,7,At Risk
C01365,220,2,268.02,61.72,47.29,0.0,1,3,3,7,At Risk
C02674,108,1,265.65,72.04,46.88,1.0,2,2,3,7,Cold Low Activity
C01544,145,1,264.67,68.75,60.08,0.0,2,2,3,7,Cold Low Activity
C03453,298,1,264.59,84.61,23.01,0.0,1,3,3,7,At Risk
C00418,180,2,264.53000000000003,66.71,51.19,0.0,1,3,3,7,At Risk
C00824,77,1,262.54,68.14,59.6,0.0,3,1,3,7,Core Customers
C01649,79,1,261.58,83.55,33.99,0.0,3,2,2,7,Core Customers
C00621,141,2,261.04,62.71,59.25,0.0,2,3,2,7,At Risk
C02321,197,2,260.33,62.489999999999995,59.089999999999996,0.5,1,4,2,7,At Risk
C03563,143,1,259.96,85.99,33.78,0.0,2,3,2,7,At Risk
C02447,261,2,259.92,59.379999999999995,59.01,0.0,1,4,2,7,At Risk
C01915,189,2,258.51,77.47,22.47,0.0,1,4,2,7,At Risk
C01119,35,1,257.78,85.22,22.42,0.0,4,1,2,7,New Potential
C02992,140,1,253.8,98.6,23.58,0.0,2,3,2,7,At Risk
C01038,34,1,252.62,80.42,32.83,0.0,4,1,2,7,New Potential
C01861,64,1,251.87,80.15,21.9,0.0,3,2,2,7,Core Customers
C00119,53,1,246.53,78.29,32.04,0.0,4,1,2,7,New Potential
C02034,78,1,243.2,62.53,42.92,0.0,3,2,2,7,Core Customers
C03519,107,1,240.7,79.24,20.93,0.0,2,3,2,7,At Risk
C03404,199,2,239.19,70.72,31.08,0.0,1,4,2,7,At Risk
C01172,131,2,238.01999999999998,59.03,54.03,0.0,2,3,2,7,At Risk
C02685,87,1,237.22,60.79,53.85,0.0,3,2,2,7,Core Customers
C00708,35,1,236.65,60.63,41.76,0.0,4,1,2,7,New Potential
C01851,87,1,235.52,60.3,53.46,0.0,3,2,2,7,Core Customers
C02074,95,1,235.31,77.36,30.58,0.0,3,2,2,7,Core Customers
C01277,54,1,234.01,73.9,20.35,0.0,4,1,2,7,New Potential
C03361,118,1,233.65,73.78,20.32,0.0,2,3,2,7,At Risk
C03014,135,1,232.87,76.51,30.26,0.0,2,3,2,7,At Risk
C00236,54,1,231.81,73.13,30.12,0.0,4,1,2,7,New Potential
C01390,51,1,230.23,61.77,40.63,1.0,4,1,2,7,New Potential
C03084,128,1,230.13,75.55,25.57,0.0,2,3,2,7,At Risk
C01929,308,2,230.02999999999997,53.71,40.599999999999994,0.0,1,4,2,7,At Risk
C01098,47,1,227.06,87.36,21.09,0.0,4,1,2,7,New Potential
C00990,103,2,226.86,52.79,55.14,0.0,2,3,2,7,At Risk
C02122,69,1,224.13,73.44,19.49,0.0,3,2,2,7,Core Customers
C01218,39,1,221.98,72.69,19.3,0.0,4,1,2,7,New Potential
C02534,62,1,221.9,72.66,28.83,0.0,3,2,2,7,Core Customers
C02196,84,1,221.17,60.56,37.51,0.0,3,2,2,7,Core Customers
C02873,73,1,217.97,68.29,18.95,0.0,3,2,2,7,Core Customers
C01516,80,1,216.4,67.74,18.82,0.0,3,2,2,7,Core Customers
C03353,165,1,215.93,67.57,23.99,0.0,2,3,2,7,At Risk
C01193,54,1,214.84,54.3,48.77,0.0,4,1,2,7,New Potential
C00009,45,1,214.39,54.17,48.67,0.0,4,1,2,7,New Potential
C02531,97,1,213.42,66.7,18.56,0.0,3,2,2,7,Core Customers
C01330,26,1,207.93,64.78,27.02,0.0,4,1,2,7,New Potential
C00987,41,1,206.97,78.93,10.89,0.0,4,1,2,7,New Potential
C02029,318,2,205.82999999999998,43.69,46.72,0.0,1,4,2,7,At Risk
C03307,142,1,205.41,66.9,26.69,0.0,2,3,2,7,At Risk
C03072,140,1,203.03,63.06,22.56,0.0,2,3,2,7,At Risk
C03591,138,1,202.52,62.88,26.32,0.0,2,3,2,7,At Risk
C03171,147,1,201.67,65.58,22.41,0.0,2,3,2,7,At Risk
C01096,144,2,201.32999999999998,54.47,29.3,0.0,2,3,2,7,At Risk
C03578,162,1,200.63,65.22,17.45,0.0,2,3,2,7,At Risk
C00311,52,1,199.62,61.87,25.94,0.0,4,1,2,7,New Potential
C03325,146,1,197.92,61.27,25.72,0.0,2,3,2,7,At Risk
C00019,24,1,197.27,61.05,17.15,0.0,4,1,2,7,New Potential
C01573,88,1,196.43,60.75,25.52,0.0,3,2,2,7,Core Customers
C00410,50,1,195.82,51.79,34.56,0.0,4,1,2,7,New Potential
C01354,37,1,191.09,58.88,24.83,0.0,4,1,2,7,New Potential
C03590,180,2,191.01,53.86,27.53,0.0,1,4,2,7,At Risk
C01589,72,1,190.83,61.79,24.8,0.0,3,2,2,7,Core Customers
C01729,68,1,190.51,58.68,24.76,0.0,3,2,2,7,Core Customers
C02080,70,1,189.78,61.42,24.66,0.0,3,2,2,7,Core Customers
C01799,82,1,189.15,58.2,16.45,0.0,3,2,2,7,Core Customers
C00155,54,1,186.22,49.0,32.86,0.0,4,1,2,7,New Potential
C02458,82,1,182.84,56.0,23.76,0.0,3,2,2,7,Core Customers
C00111,49,1,182.02,47.78,41.32,0.0,4,1,2,7,New Potential
C00071,40,1,181.96,44.77,32.11,0.0,4,1,2,7,New Potential
C02042,93,1,180.77,58.27,15.72,0.0,3,2,2,7,Core Customers
C01087,45,1,180.66,55.23,23.48,0.0,4,1,2,7,New Potential
C01435,45,1,179.21,70.27,16.65,0.0,4,1,2,7,New Potential
C00856,25,1,177.22,43.39,40.23,0.0,4,1,2,7,New Potential
C03285,148,1,176.68,49.77,29.96,0.0,2,3,2,7,At Risk
C01446,45,1,176.59,43.21,31.16,0.0,4,1,2,7,New Potential
C01239,52,1,174.25,55.99,22.64,0.0,4,1,2,7,New Potential
C02169,98,1,173.7,52.79,15.1,0.0,3,2,2,7,Core Customers
C03234,156,1,172.45,52.36,15.0,0.0,2,3,2,7,At Risk
C03379,136,1,169.27,44.09,43.65,0.0,2,3,2,7,At Risk
C02460,88,1,169.1,54.18,21.97,0.0,3,2,2,7,Core Customers
C00535,51,1,168.39,40.83,29.72,0.0,4,1,2,7,New Potential
C02981,143,1,166.38,50.23,21.62,0.0,2,3,2,7,At Risk
C02367,64,1,165.84,50.04,21.55,0.0,3,2,2,7,Core Customers
C02089,34,1,163.52,49.23,21.25,0.0,4,2,1,7,New Potential
C02266,45,1,163.43,49.2,21.24,0.0,4,2,1,7,New Potential
C01765,45,1,163.2,49.12,21.21,0.0,4,2,1,7,New Potential
C03342,100,1,162.11,48.74,21.07,0.0,3,3,1,7,Core Customers
C03493,57,1,161.04,41.7,36.56,1.0,3,3,1,7,Core Customers
C00309,16,1,160.95,51.33,20.91,0.0,5,1,1,7,New Potential
C02145,37,1,158.98,44.28,19.65,0.0,4,2,1,7,New Potential
C03264,75,1,158.29,37.9,35.93,0.0,3,3,1,7,Core Customers
C03390,96,1,158.01,47.3,24.66,0.0,3,3,1,7,Core Customers
C02023,50,1,156.57,37.4,35.54,0.0,4,2,1,7,New Potential
C03403,66,1,153.51,36.52,34.85,0.0,3,3,1,7,Core Customers
C00806,13,1,152.79,45.48,19.85,0.0,5,1,1,7,New Potential
C03550,78,1,150.7,44.75,13.1,0.0,3,3,1,7,Core Customers
C01779,50,1,149.66,35.4,33.97,0.0,4,2,1,7,New Potential
C00006,11,1,146.42,40.39,18.1,0.0,5,1,1,7,New Potential
C01183,4,1,146.36,46.22,12.73,0.0,5,1,1,7,New Potential
C00865,20,1,144.87,34.01,29.67,0.0,5,1,1,7,New Potential
C00172,19,1,143.81,42.33,12.51,0.0,5,1,1,7,New Potential
C02916,32,1,143.67,42.28,12.49,0.0,4,2,1,7,New Potential
C03441,82,1,141.91,41.67,18.44,0.0,3,3,1,7,Core Customers
C03299,63,1,141.37,41.48,18.37,0.0,3,3,1,7,Core Customers
C03450,57,1,141.24,35.78,23.95,0.0,3,3,1,7,Core Customers
C02881,27,1,140.81,44.28,12.24,0.0,4,2,1,7,New Potential
C01054,12,1,138.6,32.19,24.46,0.0,5,1,1,7,New Potential
C03459,86,1,138.45,43.46,17.99,0.0,3,3,1,7,Core Customers
C00497,12,1,137.24,31.8,24.22,0.0,5,1,1,7,New Potential
C01360,9,1,136.88,34.69,35.29,0.0,5,1,1,7,New Potential
C01696,47,1,134.11,38.94,11.66,0.0,4,2,1,7,New Potential
C00307,23,1,133.9,30.83,23.63,0.0,5,1,1,7,New Potential
C02941,44,1,132.39,33.39,30.05,0.0,4,2,1,7,New Potential
C00567,18,1,128.51,31.84,15.88,0.0,5,1,1,7,New Potential
C02884,47,1,127.52,28.98,28.95,0.0,4,2,1,7,New Potential
C02628,38,1,126.11,39.14,16.39,0.0,4,2,1,7,New Potential
C01075,8,1,123.95,38.38,10.78,0.0,5,1,1,7,New Potential
C02061,33,1,123.37,27.78,21.77,0.0,4,2,1,7,New Potential
C00391,8,1,121.64,27.28,21.47,0.0,5,1,1,7,New Potential
C02385,27,1,120.0,34.0,10.44,0.0,4,2,1,7,New Potential
C01594,42,1,118.36,29.33,20.89,0.0,4,2,1,7,New Potential
C02518,53,1,111.57,29.59,13.79,0.0,4,2,1,7,New Potential
C02342,39,1,111.37,24.3,25.28,0.0,4,2,1,7,New Potential
C03054,96,1,110.76,26.34,13.69,0.0,3,3,1,7,Core Customers
C00607,1,1,109.82,26.04,18.62,0.0,5,1,1,7,New Potential
C01993,33,1,109.38,23.72,24.83,0.0,4,2,1,7,New Potential
C01322,11,1,108.85,25.74,18.46,0.0,5,1,1,7,New Potential
C00326,10,1,108.47,23.46,19.14,1.0,5,1,1,7,New Potential
C01818,34,1,106.19,24.92,18.01,0.0,4,2,1,7,New Potential
C01145,20,1,105.71,22.65,23.99,0.0,5,1,1,7,New Potential
C02035,31,1,104.14,31.45,13.53,0.0,4,2,1,7,New Potential
C03122,72,1,102.13,21.62,18.02,0.0,3,3,1,7,Core Customers
C02943,71,1,100.57,21.17,17.75,1.0,3,3,1,7,Core Customers
C01344,13,1,96.22,25.68,8.37,0.0,5,1,1,7,New Potential
C02378,44,1,93.72,22.18,19.2,0.0,4,2,1,7,New Potential
C00637,18,1,92.5,18.83,16.32,0.0,5,1,1,7,New Potential
C02207,47,1,90.52,18.25,20.55,0.0,4,2,1,7,New Potential
C01958,34,1,88.33,17.62,15.59,0.0,4,2,1,7,New Potential
C02309,31,1,87.86,22.75,11.42,0.0,4,2,1,7,New Potential
C02389,38,1,87.83,20.47,15.5,0.0,4,2,1,7,New Potential
C02999,94,1,86.83,22.39,7.55,0.0,3,3,1,7,Core Customers
C03128,88,1,85.59,16.82,19.43,0.0,3,3,1,7,Core Customers
C02915,43,1,72.6,16.05,16.48,0.0,4,2,1,7,New Potential
C00801,266,1,639.27,180.39,112.81,0.0,1,1,4,6,Big Ticket One-Off
C00603,233,1,433.82,143.84,56.37,0.0,1,1,4,6,Big Ticket One-Off
C00116,174,1,426.57,171.16,22.45,0.0,1,1,4,6,Big Ticket One-Off
C00888,263,1,425.53,143.94,37.0,0.0,1,1,4,6,Big Ticket One-Off
C00674,192,1,421.1,117.12,95.59,0.0,1,1,4,6,Big Ticket One-Off
C01588,297,1,385.96,127.08,33.56,0.0,1,2,3,6,Cold Low Activity
C01352,144,1,374.75,123.16,32.59,0.0,2,1,3,6,Cold Low Activity
C01490,237,1,368.35,123.92,47.86,0.0,1,2,3,6,Cold Low Activity
C01130,133,1,367.97,120.79,47.82,0.0,2,1,3,6,Cold Low Activity
C01950,300,1,361.31,96.78,63.76,0.0,1,2,3,6,Cold Low Activity
C00214,125,1,347.31,113.56,30.2,1.0,2,1,3,6,Cold Low Activity
C02214,327,1,339.46,110.81,29.52,0.0,1,2,3,6,Cold Low Activity
C00789,149,1,338.48,134.16,31.44,1.0,2,1,3,6,Cold Low Activity
C01579,360,1,335.18,109.31,29.15,0.0,1,2,3,6,Cold Low Activity
C02088,230,1,331.93,91.26,67.99,0.0,1,2,3,6,Cold Low Activity
C01126,125,1,330.43,130.78,17.39,0.0,2,1,3,6,Cold Low Activity
C01680,207,1,326.12,109.14,28.36,0.0,1,2,3,6,Cold Low Activity
C01830,209,1,317.58,128.38,16.71,0.0,1,2,3,6,Cold Low Activity
C02520,192,1,313.47,85.91,71.16,0.0,1,2,3,6,Cold Low Activity
C02578,199,1,310.05,81.91,54.71,0.0,1,2,3,6,Cold Low Activity
C00076,163,1,309.75,81.83,70.31,0.0,2,1,3,6,Cold Low Activity
C02830,268,1,308.18,102.86,26.8,0.0,1,2,3,6,Cold Low Activity
C02044,178,1,307.75,121.25,16.2,0.0,1,2,3,6,Cold Low Activity
C02256,205,1,299.65,99.88,26.06,0.0,1,2,3,6,Cold Low Activity
C00936,115,1,297.66,81.32,52.53,0.0,2,1,3,6,Cold Low Activity
C01964,179,1,296.85,95.9,25.81,0.0,1,2,3,6,Cold Low Activity
C01854,225,1,293.52,94.73,25.52,0.0,1,2,3,6,Cold Low Activity
C02137,222,1,287.27,78.31,74.08,0.0,1,2,3,6,Cold Low Activity
C02824,207,1,286.96,78.22,65.14,0.0,1,2,3,6,Cold Low Activity
C01911,179,1,283.99,94.4,24.7,0.0,1,2,3,6,Cold Low Activity
C02195,231,1,281.67,90.58,24.49,0.0,1,2,3,6,Cold Low Activity
C00525,146,1,281.66,93.58,36.6,0.0,2,1,3,6,Cold Low Activity
C00005,163,1,280.43,93.15,24.39,0.0,2,1,3,6,Cold Low Activity
C02755,189,1,279.66,89.88,36.34,0.0,1,2,3,6,Cold Low Activity
C02652,278,1,270.08,86.53,23.49,0.0,1,2,3,6,Cold Low Activity
C01926,290,1,269.03,86.16,23.39,0.0,1,2,3,6,Cold Low Activity
C02154,283,1,267.0,88.45,34.7,0.0,1,2,3,6,Cold Low Activity
C02050,342,1,266.35,74.57,45.17,0.0,1,2,3,6,Cold Low Activity
C00854,117,1,263.81,84.33,34.28,0.0,2,1,3,6,Cold Low Activity
C02366,296,1,262.47,76.36,44.51,0.0,1,2,3,6,Cold Low Activity
C01628,104,1,260.03,67.41,45.89,0.0,2,2,2,6,Cold Low Activity
C01434,62,1,260.01,86.0,33.79,0.0,3,1,2,6,Core Customers
C02485,168,1,256.37,81.73,33.31,0.0,2,2,2,6,Cold Low Activity
C03352,287,1,256.36,81.73,22.29,0.0,1,3,2,6,At Risk
C00614,57,1,255.58,66.12,58.02,0.0,3,1,2,6,Core Customers
C00518,69,1,251.98,68.07,44.47,0.0,3,1,2,6,Core Customers
C02071,105,1,249.06,79.17,21.66,0.0,2,2,2,6,Cold Low Activity
C01463,64,1,247.71,66.84,50.74,0.0,3,1,2,6,Core Customers
C03119,215,1,247.2,71.63,30.55,0.0,1,3,2,6,At Risk
C03486,267,1,245.9,78.07,21.38,0.0,1,3,2,6,At Risk
C02233,159,1,245.62,77.97,31.92,0.0,2,2,2,6,Cold Low Activity
C00932,81,1,245.22,63.11,55.66,1.0,3,1,2,6,Core Customers
C02786,123,1,244.83,77.69,21.29,0.0,2,2,2,6,Cold Low Activity
C02883,143,1,244.24,77.48,21.24,0.0,2,2,2,6,Cold Low Activity
C02374,160,1,243.75,67.56,30.13,0.0,2,2,2,6,Cold Low Activity
C03535,301,1,242.42,62.3,55.03,0.0,1,3,2,6,At Risk
C00485,87,1,238.56,95.2,12.56,0.0,3,1,2,6,Core Customers
C03098,308,1,238.12,75.34,30.94,0.0,1,3,2,6,At Risk
C00675,67,1,235.67,77.48,30.62,0.0,3,1,2,6,Core Customers
C01398,65,1,234.68,60.06,53.27,0.0,3,1,2,6,Core Customers
C02736,109,1,233.76,90.18,12.3,0.0,2,2,2,6,Cold Low Activity
C00195,74,1,233.54,59.73,47.83,0.0,3,1,2,6,Core Customers
C02268,165,1,232.38,73.33,20.21,0.0,2,2,2,6,Cold Low Activity
C03312,209,1,229.6,72.36,19.97,0.0,1,3,2,6,At Risk
C02808,128,1,228.95,58.4,40.4,0.0,2,2,2,6,Cold Low Activity
C01936,130,1,228.82,75.09,29.73,0.0,2,2,2,6,Cold Low Activity
C03433,237,1,227.57,74.65,19.79,0.0,1,3,2,6,At Risk
C03449,233,1,227.43,71.6,19.78,0.0,1,3,2,6,At Risk
C03540,185,1,227.08,74.48,19.75,0.0,1,3,2,6,At Risk
C01412,94,1,226.3,65.15,27.97,0.0,3,1,2,6,Core Customers
C00612,69,1,225.12,86.55,20.91,0.0,3,1,2,6,Core Customers
C03478,173,1,224.16,70.46,29.13,0.0,1,3,2,6,At Risk
C02875,138,1,223.89,70.36,24.88,0.0,2,2,2,6,Cold Low Activity
C00748,72,1,223.86,86.02,11.78,0.0,3,1,2,6,Core Customers
C03168,204,1,223.65,70.28,24.85,1.0,1,3,2,6,At Risk
C03589,198,1,223.51,73.23,29.04,0.0,1,3,2,6,At Risk
C02048,116,1,222.86,59.63,39.33,0.0,2,2,2,6,Cold Low Activity
C01131,85,1,222.05,63.84,27.44,0.0,3,1,2,6,Core Customers
C01105,74,1,221.78,56.32,39.14,0.0,3,1,2,6,Core Customers
C03077,188,1,221.16,69.41,28.74,0.0,1,3,2,6,At Risk
C01343,75,1,219.29,71.75,28.5,0.0,3,1,2,6,Core Customers
C00683,64,1,219.15,58.55,56.51,0.0,3,1,2,6,Core Customers
C00387,85,1,219.06,68.67,28.47,1.0,3,1,2,6,Core Customers
C03300,176,1,218.25,68.39,28.36,0.0,1,3,2,6,At Risk
C02620,132,1,215.44,54.48,38.02,0.0,2,2,2,6,Cold Low Activity
C01138,100,1,215.15,57.39,48.84,0.0,3,1,2,6,Core Customers
C02739,146,1,213.74,66.81,27.77,0.0,2,2,2,6,Cold Low Activity
C01571,168,1,212.61,53.66,48.26,0.0,2,2,2,6,Cold Low Activity
C02165,133,1,211.72,53.4,37.36,0.0,2,2,2,6,Cold Low Activity
C00013,79,1,211.0,56.19,54.41,0.0,3,1,2,6,Core Customers
C02898,117,1,210.77,53.12,47.84,0.0,2,2,2,6,Cold Low Activity
C01592,129,1,210.47,65.66,27.35,1.0,2,2,2,6,Cold Low Activity
C00736,184,2,206.94,56.43,26.9,0.0,1,3,2,6,At Risk
C01667,103,1,205.19,63.81,22.8,0.0,2,2,2,6,Cold Low Activity
C00044,82,1,205.13,51.49,36.2,0.0,3,1,2,6,Core Customers
C02799,101,1,205.0,63.75,26.64,0.0,2,2,2,6,Cold Low Activity
C02337,159,1,204.53,51.31,41.89,0.0,2,2,2,6,Cold Low Activity
C01596,132,1,203.77,54.09,52.54,1.0,2,2,2,6,Cold Low Activity
C02666,124,1,203.65,63.28,17.71,0.0,2,2,2,6,Cold Low Activity
C01264,95,1,202.89,63.01,26.36,0.0,3,1,2,6,Core Customers
C02172,109,1,202.73,50.79,46.02,0.0,2,2,2,6,Cold Low Activity
C02779,142,1,199.81,64.93,17.38,0.0,2,2,2,6,Cold Low Activity
C01733,127,1,192.89,59.51,25.06,0.0,2,2,2,6,Cold Low Activity
C00386,72,1,191.14,58.9,24.84,0.0,3,1,2,6,Core Customers
C00592,79,1,189.55,46.97,33.45,0.0,3,1,2,6,Core Customers
C02143,138,1,189.48,46.95,33.44,0.0,2,2,2,6,Cold Low Activity
C00194,80,1,187.75,46.45,33.13,0.0,3,1,2,6,Core Customers
C01574,105,1,187.71,60.7,16.32,0.0,2,2,2,6,Cold Low Activity
C02228,106,1,185.27,56.84,24.07,0.0,2,2,2,6,Cold Low Activity
C01890,117,1,184.9,49.32,31.36,0.0,2,2,2,6,Cold Low Activity
C00021,87,1,184.86,48.61,41.96,0.0,3,1,2,6,Core Customers
C01357,97,1,184.26,56.49,23.94,0.0,3,1,2,6,Core Customers
C02662,160,1,184.08,59.43,23.92,0.0,2,2,2,6,Cold Low Activity
C01489,145,1,183.2,45.13,41.59,0.0,2,2,2,6,Cold Low Activity
C02626,123,1,182.19,55.77,15.84,0.0,2,2,2,6,Cold Low Activity
C01192,65,1,181.65,58.58,15.8,0.0,3,1,2,6,Core Customers
C01932,164,1,181.52,55.53,23.59,0.0,2,2,2,6,Cold Low Activity
C03389,245,1,180.81,47.44,41.04,0.0,1,3,2,6,At Risk
C01642,110,1,180.74,58.26,23.49,0.0,2,2,2,6,Cold Low Activity
C02673,134,1,179.65,57.88,15.62,0.0,2,2,2,6,Cold Low Activity
C01824,167,1,177.38,57.08,15.42,0.0,2,2,2,6,Cold Low Activity
C03155,205,1,176.4,43.15,31.13,0.0,1,3,2,6,At Risk
C03464,241,1,176.35,43.14,40.03,0.0,1,3,2,6,At Risk
C01811,107,1,175.8,49.5,21.73,0.0,2,2,2,6,Cold Low Activity
C00994,93,1,175.76,42.97,31.02,0.0,3,1,2,6,Core Customers
C02076,136,1,175.72,45.96,39.89,0.0,2,2,2,6,Cold Low Activity
C03495,225,1,172.33,41.98,39.12,0.0,1,3,2,6,At Risk
C01481,165,1,171.66,52.08,22.31,1.0,2,2,2,6,Cold Low Activity
C00136,74,1,170.94,44.57,30.17,0.0,3,1,2,6,Core Customers
C01819,126,1,170.83,51.79,22.2,0.0,2,2,2,6,Cold Low Activity
C02831,140,1,170.68,51.74,22.18,0.0,2,2,2,6,Cold Low Activity
C02022,147,1,170.27,54.59,18.92,0.0,2,2,2,6,Cold Low Activity
C00431,94,1,167.86,40.68,29.62,0.0,3,1,2,6,Core Customers
C01883,117,1,167.57,40.6,38.04,1.0,2,2,2,6,Cold Low Activity
C02660,67,1,164.66,39.75,42.46,0.0,3,2,1,6,Core Customers
C03228,107,1,164.11,42.59,37.25,0.0,2,3,1,6,At Risk
C00852,43,1,162.85,42.48,27.62,0.0,4,1,1,6,New Potential
C03439,129,1,161.31,38.78,28.47,0.0,2,3,1,6,At Risk
C02502,81,1,160.68,48.24,13.97,0.0,3,2,1,6,Core Customers
C02598,71,1,160.19,38.46,36.36,0.0,3,2,1,6,Core Customers
C03172,116,1,159.7,47.9,24.92,0.0,2,3,1,6,At Risk
C00939,26,1,158.48,47.47,13.78,0.0,4,1,1,6,New Potential
C00462,55,1,158.0,37.82,27.88,0.0,4,1,1,6,New Potential
C02413,87,1,155.04,36.96,27.36,0.0,3,2,1,6,Core Customers
C03571,149,1,154.63,36.84,35.1,0.0,2,3,1,6,At Risk
C01852,72,1,154.09,59.72,14.31,0.0,3,2,1,6,Core Customers
C00383,27,1,150.8,44.78,19.6,0.0,4,1,1,6,New Potential
C01019,37,1,147.25,34.7,25.99,1.0,4,1,1,6,New Potential
C00908,45,1,146.55,40.43,24.85,0.0,4,1,1,6,New Potential
C03457,147,1,146.19,46.17,19.0,0.0,2,3,1,6,At Risk
C01966,63,1,145.83,34.29,25.74,0.0,3,2,1,6,Core Customers
C01349,37,1,143.95,42.38,12.52,0.0,4,1,1,6,New Potential
C01567,70,1,143.74,45.31,12.5,0.0,3,2,1,6,Core Customers
C01271,42,1,142.42,33.3,29.17,0.0,4,1,1,6,New Potential
C03354,141,1,139.44,32.44,24.61,0.0,2,3,1,6,At Risk
C01695,85,1,138.48,32.16,31.43,0.0,3,2,1,6,Core Customers
C00768,50,1,137.78,37.71,23.37,1.0,4,1,1,6,New Potential
C01641,63,1,132.66,38.43,17.24,0.0,3,2,1,6,Core Customers
C03167,284,2,132.21,22.34,31.93,0.0,1,4,1,6,At Risk
C00239,48,1,131.36,40.98,17.07,0.0,4,1,1,6,New Potential
C03332,113,1,131.23,40.93,17.05,0.0,2,3,1,6,At Risk
C01099,37,1,130.95,35.6,22.21,0.0,4,1,1,6,New Potential
C02772,93,1,130.5,32.45,22.13,0.0,3,2,1,6,Core Customers
C00397,51,1,128.77,40.07,14.31,0.0,4,1,1,6,New Potential
C00533,41,1,128.77,37.07,16.73,0.0,4,1,1,6,New Potential
C01581,144,2,128.72,24.32,22.71,0.0,2,3,1,6,At Risk
C01296,37,1,128.5,29.27,22.68,0.0,4,1,1,6,New Potential
C03015,110,1,127.19,28.88,28.87,0.0,2,3,1,6,At Risk
C02468,74,1,126.96,36.44,16.5,0.0,3,2,1,6,Core Customers
C00454,41,1,126.84,31.78,22.38,0.0,4,1,1,6,New Potential
C02555,68,1,126.31,31.63,22.29,0.0,3,2,1,6,Core Customers
C00020,50,1,126.27,39.19,10.98,0.0,4,1,1,6,New Potential
C01886,72,1,124.5,28.1,21.97,0.0,3,2,1,6,Core Customers
C02722,69,1,122.53,27.53,27.81,0.0,3,2,1,6,Core Customers
C02672,92,1,122.37,30.49,27.78,0.0,3,2,1,6,Core Customers
C03142,161,1,120.61,37.21,10.49,0.0,2,3,1,6,At Risk
C02442,98,1,116.97,25.92,23.96,0.0,3,2,1,6,Core Customers
C02284,99,1,116.1,32.64,10.1,0.0,3,2,1,6,Core Customers
C00191,39,1,114.14,31.95,14.83,0.0,4,1,1,6,New Potential
C01955,73,1,112.24,31.28,14.58,0.0,3,2,1,6,Core Customers
C03546,141,1,109.68,23.81,24.9,0.0,2,3,1,6,At Risk
C02019,92,1,109.01,23.61,19.24,0.0,3,2,1,6,Core Customers
C01638,94,1,108.4,23.44,27.95,0.0,3,2,1,6,Core Customers
C03599,106,1,108.27,28.56,13.38,0.0,2,3,1,6,At Risk
C01898,70,1,108.0,29.8,14.03,0.0,3,2,1,6,Core Customers
C01125,54,1,107.87,29.75,9.38,0.0,4,1,1,6,New Potential
C00482,33,1,107.11,29.49,13.92,0.0,4,1,1,6,New Potential
C02797,77,1,104.67,27.45,17.75,0.0,3,2,1,6,Core Customers
C03580,114,1,104.57,31.6,13.59,0.0,2,3,1,6,At Risk
C00388,47,1,101.88,23.58,12.59,0.0,4,1,1,6,New Potential
C03271,108,1,101.51,21.44,23.04,0.0,2,3,1,6,At Risk
C02609,99,1,100.99,27.34,13.12,0.0,3,2,1,6,Core Customers
C00654,39,1,93.79,24.83,8.16,1.0,4,1,1,6,New Potential
C00714,31,1,93.1,20.86,15.79,0.0,4,1,1,6,New Potential
C03489,126,1,89.45,17.94,15.79,0.0,2,3,1,6,At Risk
C02303,95,1,89.08,20.83,20.22,0.0,3,2,1,6,Core Customers
C01222,41,1,88.76,22.52,10.97,0.0,4,1,1,6,New Potential
C02699,101,1,86.93,22.42,7.56,0.0,3,2,1,6,Core Customers
C00493,53,1,85.66,19.84,15.12,0.0,4,1,1,6,New Potential
C02408,62,1,84.58,21.22,14.34,0.0,3,2,1,6,Core Customers
C00550,34,1,80.71,17.02,9.98,0.0,4,1,1,6,New Potential
C02971,165,1,79.91,16.77,13.55,0.0,2,3,1,6,At Risk
C03420,125,1,77.75,14.55,20.05,0.0,2,3,1,6,At Risk
C02753,88,1,73.54,13.33,16.69,1.0,3,2,1,6,Core Customers
C03345,131,1,68.06,11.74,13.94,0.0,2,3,1,6,At Risk
C00420,35,1,63.77,10.49,11.25,0.0,4,1,1,6,New Potential
C01662,57,1,49.26,7.27,6.09,0.0,3,2,1,6,Core Customers
C00347,27,1,48.94,6.19,11.11,0.0,4,1,1,6,New Potential
C01440,196,1,396.97,130.94,51.58,0.0,1,1,3,5,Cold Low Activity
C00685,178,1,366.72,98.35,83.24,0.0,1,1,3,5,Cold Low Activity
C00904,207,1,356.71,119.85,46.35,1.0,1,1,3,5,Cold Low Activity
C00769,170,1,343.92,136.44,18.1,0.0,1,1,3,5,Cold Low Activity
C01013,262,1,337.54,113.14,29.35,0.0,1,1,3,5,Cold Low Activity
C00873,203,1,325.18,86.3,66.6,1.0,1,1,3,5,Cold Low Activity
C00384,247,1,323.17,127.73,37.91,1.0,1,1,3,5,Cold Low Activity
C00023,329,1,321.31,85.18,72.93,0.0,1,1,3,5,Cold Low Activity
C00786,180,1,315.47,92.8,53.5,0.0,1,1,3,5,Cold Low Activity
C00709,291,1,307.38,102.58,39.94,0.0,1,1,3,5,Cold Low Activity
C00464,173,1,304.48,98.57,47.52,0.0,1,1,3,5,Cold Low Activity
C00165,204,1,298.56,96.5,46.6,0.0,1,1,3,5,Cold Low Activity
C00558,259,1,296.4,95.74,38.52,0.0,1,1,3,5,Cold Low Activity
C00693,352,1,293.99,77.26,66.73,0.0,1,1,3,5,Cold Low Activity
C01262,234,1,292.38,79.79,51.6,0.0,1,1,3,5,Cold Low Activity
C00547,255,1,286.08,92.13,24.88,1.0,1,1,3,5,Cold Low Activity
C01254,225,1,285.12,74.69,50.32,0.0,1,1,3,5,Cold Low Activity
C00931,169,1,280.33,90.12,36.43,0.0,1,1,3,5,Cold Low Activity
C00557,203,1,267.24,72.5,47.16,0.0,1,1,3,5,Cold Low Activity
C01298,197,1,267.11,69.46,60.63,0.0,1,1,3,5,Cold Low Activity
C00004,191,1,263.75,84.31,41.16,0.0,1,1,3,5,Cold Low Activity
C02353,180,1,261.67,83.59,22.75,0.0,1,2,2,5,Cold Low Activity
C02136,174,1,255.93,81.58,22.25,0.0,1,2,2,5,Cold Low Activity
C02866,184,1,253.09,80.58,32.89,0.0,1,2,2,5,Cold Low Activity
C00804,145,1,246.71,78.35,21.45,0.0,2,1,2,5,Cold Low Activity
C02584,245,1,242.49,62.32,42.79,0.0,1,2,2,5,Cold Low Activity
C02064,289,1,240.96,61.88,54.7,0.0,1,2,2,5,Cold Low Activity
C00833,168,1,239.52,75.83,31.12,0.0,2,1,2,5,Cold Low Activity
C00843,143,1,237.08,91.57,12.48,0.0,2,1,2,5,Cold Low Activity
C01841,197,1,236.38,74.73,30.72,0.0,1,2,2,5,Cold Low Activity
C01514,225,1,231.93,73.18,36.2,0.0,1,2,2,5,Cold Low Activity
C02357,188,1,229.2,63.05,45.29,0.0,1,2,2,5,Cold Low Activity
C00841,167,1,228.8,58.35,51.94,1.0,2,1,2,5,Cold Low Activity
C01788,207,1,228.75,58.34,51.93,0.0,1,2,2,5,Cold Low Activity
C01679,210,1,228.06,71.82,29.64,0.0,1,2,2,5,Cold Low Activity
C00517,144,1,224.23,70.48,24.91,0.0,2,1,2,5,Cold Low Activity
C00844,162,1,222.92,70.02,28.97,0.0,2,1,2,5,Cold Low Activity
C00816,108,1,222.43,69.85,28.9,0.0,2,1,2,5,Cold Low Activity
C02834,290,1,220.48,58.94,38.91,0.0,1,2,2,5,Cold Low Activity
C00295,116,1,218.84,55.46,49.68,0.0,2,1,2,5,Cold Low Activity
C02292,202,1,216.71,67.85,28.16,0.0,1,2,2,5,Cold Low Activity
C01995,236,1,211.38,65.98,18.38,0.0,1,2,2,5,Cold Low Activity
C00985,139,1,211.06,65.87,18.35,0.0,2,1,2,5,Cold Low Activity
C01682,248,1,210.95,65.83,27.41,0.0,1,2,2,5,Cold Low Activity
C00202,103,1,209.72,52.82,47.6,0.0,2,1,2,5,Cold Low Activity
C00077,132,1,209.39,65.29,27.21,0.0,2,1,2,5,Cold Low Activity
C01635,271,1,208.65,68.03,32.56,0.0,1,2,2,5,Cold Low Activity
C02813,175,1,207.97,82.35,19.32,0.0,1,2,2,5,Cold Low Activity
C02938,196,1,206.9,67.41,17.99,0.0,1,2,2,5,Cold Low Activity
C00226,125,1,205.98,67.09,17.91,0.0,2,1,2,5,Cold Low Activity
C02079,278,1,205.21,55.61,34.8,0.0,1,2,2,5,Cold Low Activity
C00507,157,1,204.95,63.73,26.63,0.0,2,1,2,5,Cold Low Activity
C01685,267,1,203.9,63.37,17.73,0.0,1,2,2,5,Cold Low Activity
C02506,199,1,202.1,53.61,35.66,0.0,1,2,2,5,Cold Low Activity
C02418,200,1,200.81,62.28,17.46,0.0,1,2,2,5,Cold Low Activity
C01732,359,1,200.77,62.27,17.46,0.0,1,2,2,5,Cold Low Activity
C02885,202,1,200.2,53.06,35.33,0.0,1,2,2,5,Cold Low Activity
C02637,250,1,199.55,53.86,33.84,1.0,1,2,2,5,Cold Low Activity
C02921,198,1,197.56,64.15,25.67,0.0,1,2,2,5,Cold Low Activity
C00886,116,1,197.55,64.14,21.95,0.0,2,1,2,5,Cold Low Activity
C01972,288,1,195.29,48.63,34.46,1.0,1,2,2,5,Cold Low Activity
C02514,206,1,194.01,51.26,34.24,0.0,1,2,2,5,Cold Low Activity
C01665,282,1,193.05,59.57,21.45,0.0,1,2,2,5,Cold Low Activity
C02695,186,1,192.47,47.82,43.69,0.0,1,2,2,5,Cold Low Activity
C01266,165,1,192.12,59.24,24.96,0.0,2,1,2,5,Cold Low Activity
C01290,143,1,190.27,58.59,24.72,0.0,2,1,2,5,Cold Low Activity
C01806,203,1,189.93,61.47,16.52,0.0,1,2,2,5,Cold Low Activity
C02067,188,1,189.64,53.79,23.44,0.0,1,2,2,5,Cold Low Activity
C01988,205,1,188.97,58.14,16.43,0.0,1,2,2,5,Cold Low Activity
C00894,133,1,188.57,53.46,23.31,0.0,2,1,2,5,Cold Low Activity
C02250,255,1,188.26,49.6,38.56,0.0,1,2,2,5,Cold Low Activity
C01415,125,1,187.9,49.49,38.49,0.0,2,1,2,5,Cold Low Activity
C00389,126,1,187.82,46.47,38.47,1.0,2,1,2,5,Cold Low Activity
C02838,257,1,184.8,56.68,24.01,0.0,1,2,2,5,Cold Low Activity
C01147,108,1,183.8,59.33,15.98,0.0,2,1,2,5,Cold Low Activity
C02213,207,1,183.34,56.17,15.94,0.0,1,2,2,5,Cold Low Activity
C01297,134,1,181.94,58.68,23.64,0.0,2,1,2,5,Cold Low Activity
C00112,137,1,181.82,55.64,23.63,0.0,2,1,2,5,Cold Low Activity
C00072,116,1,181.02,58.36,15.74,0.0,2,1,2,5,Cold Low Activity
C00553,128,1,180.63,58.22,20.07,0.0,2,1,2,5,Cold Low Activity
C01924,172,1,180.19,58.07,15.67,0.0,1,2,2,5,Cold Low Activity
C02706,208,1,179.04,57.67,15.57,0.0,1,2,2,5,Cold Low Activity
C01945,306,1,177.49,54.12,23.06,0.0,1,2,2,5,Cold Low Activity
C00359,154,1,177.19,57.02,19.69,0.0,2,1,2,5,Cold Low Activity
C02407,171,1,177.06,56.97,15.4,0.0,1,2,2,5,Cold Low Activity
C01621,247,1,175.91,53.57,15.3,0.0,1,2,2,5,Cold Low Activity
C00376,128,1,175.68,53.49,22.83,0.0,2,1,2,5,Cold Low Activity
C02471,207,1,174.81,53.18,22.71,0.0,1,2,2,5,Cold Low Activity
C00473,159,1,171.11,51.89,19.01,0.0,2,1,2,5,Cold Low Activity
C00267,139,1,168.86,51.1,21.94,0.0,2,1,2,5,Cold Low Activity
C02254,175,1,168.42,50.95,21.88,0.0,1,2,2,5,Cold Low Activity
C00718,166,1,167.89,40.69,29.63,0.0,2,1,2,5,Cold Low Activity
C02464,190,1,167.4,43.55,29.54,0.0,1,2,2,5,Cold Low Activity
C02057,198,1,167.35,40.53,29.53,1.0,1,2,2,5,Cold Low Activity
C00128,127,1,166.5,43.62,28.24,0.0,2,1,2,5,Cold Low Activity
C00764,146,1,166.5,40.28,29.38,0.0,2,1,2,5,Cold Low Activity
C01407,118,1,166.08,50.13,14.44,0.0,2,1,2,5,Cold Low Activity
C00290,160,1,165.34,42.95,29.18,0.0,2,1,2,5,Cold Low Activity
C00677,62,1,164.96,49.73,21.44,0.0,3,1,1,5,Core Customers
C01784,141,1,163.24,49.14,14.2,0.0,2,2,1,5,Cold Low Activity
C00148,63,1,159.91,50.97,13.91,0.0,3,1,1,5,Core Customers
C03415,283,1,159.38,41.41,19.7,0.0,1,3,1,5,At Risk
C00304,56,1,159.0,38.11,36.09,0.0,3,1,1,5,Core Customers
C03126,168,1,158.92,47.62,24.8,0.0,1,3,1,5,At Risk
C01971,109,1,158.9,41.08,28.04,1.0,2,2,1,5,Cold Low Activity
C02133,109,1,158.27,37.9,35.93,0.0,2,2,1,5,Cold Low Activity
C00402,100,1,157.8,50.23,20.5,1.0,3,1,1,5,Core Customers
C03541,226,1,157.59,37.7,35.77,0.0,1,3,1,5,At Risk
C01545,115,1,156.74,46.86,20.37,0.0,2,2,1,5,Cold Low Activity
C02895,130,1,156.6,49.81,20.35,0.0,2,2,1,5,Cold Low Activity
C00529,81,1,154.4,46.04,13.43,0.0,3,1,1,5,Core Customers
C00121,79,1,152.71,39.29,34.66,0.0,3,1,1,5,Core Customers
C00502,87,1,152.27,45.29,23.76,0.0,3,1,1,5,Core Customers
C03579,279,1,152.19,39.14,26.86,0.0,1,3,1,5,At Risk
C00222,85,1,151.72,48.1,19.71,0.0,3,1,1,5,Core Customers
C02347,136,1,148.47,38.06,26.2,0.0,2,2,1,5,Cold Low Activity
C00414,88,1,147.17,34.68,25.97,0.0,3,1,1,5,Core Customers
C01640,113,1,145.72,37.17,21.77,1.0,2,2,1,5,Cold Low Activity
C03406,194,1,144.87,37.01,25.57,0.0,1,3,1,5,At Risk
C03474,202,1,143.76,42.31,18.68,0.0,1,3,1,5,At Risk
C00823,80,1,143.24,42.13,12.46,0.0,3,1,1,5,Core Customers
C02807,113,1,142.37,36.29,32.32,0.0,2,2,1,5,Cold Low Activity
C00459,96,1,142.06,41.72,18.46,0.0,3,1,1,5,Core Customers
C03527,168,1,141.83,44.64,18.43,0.0,1,3,1,5,At Risk
C02590,130,1,141.73,44.61,18.42,0.0,2,2,1,5,Cold Low Activity
C00325,95,1,141.67,41.59,12.32,0.0,3,1,1,5,Core Customers
C03197,227,1,141.32,32.98,32.08,0.0,1,3,1,5,At Risk
C03559,218,1,137.99,40.3,21.54,0.0,1,3,1,5,At Risk
C03100,171,1,137.05,42.97,11.92,0.0,1,3,1,5,At Risk
C01960,124,1,135.29,31.24,30.71,0.0,2,2,1,5,Cold Low Activity
C00811,98,1,134.86,39.2,17.52,0.0,3,1,1,5,Core Customers
C02913,162,1,133.74,30.79,30.36,0.0,2,2,1,5,Cold Low Activity
C02878,161,1,133.31,33.33,19.92,0.0,2,2,1,5,Cold Low Activity
C02455,130,1,132.17,38.26,11.49,0.0,2,2,1,5,Cold Low Activity
C01618,118,1,131.98,30.27,23.29,0.0,2,2,1,5,Cold Low Activity
C02013,130,1,131.62,38.07,11.44,0.0,2,2,1,5,Cold Low Activity
C01703,161,1,129.62,37.37,20.23,0.0,2,2,1,5,Cold Low Activity
C01251,101,1,129.33,29.51,22.82,0.0,3,1,1,5,Core Customers
C02526,114,1,128.36,39.93,16.68,0.0,2,2,1,5,Cold Low Activity
C02942,176,1,128.13,34.72,15.84,0.0,1,3,1,5,At Risk
C01812,118,1,125.84,28.49,22.21,0.0,2,2,1,5,Cold Low Activity
C03518,247,1,124.75,31.18,22.01,0.0,1,3,1,5,At Risk
C02246,163,1,124.63,35.62,19.45,0.0,2,2,1,5,Cold Low Activity
C01167,95,1,124.45,38.56,10.82,0.0,3,1,1,5,Core Customers
C03278,197,1,124.23,35.48,10.8,0.0,1,3,1,5,At Risk
C01738,142,1,124.21,35.47,16.14,0.0,2,2,1,5,Cold Low Activity
C00653,85,1,123.68,35.29,16.07,0.0,3,1,1,5,Core Customers
C00726,74,1,121.26,29.59,20.56,0.0,3,1,1,5,Core Customers
C01944,127,1,119.42,26.63,27.11,0.0,2,2,1,5,Cold Low Activity
C01838,106,1,119.29,33.75,10.37,0.0,2,2,1,5,Cold Low Activity
C02428,161,1,119.16,26.56,27.05,0.0,2,2,1,5,Cold Low Activity
C01968,159,1,114.78,32.17,9.98,0.0,2,2,1,5,Cold Low Activity
C02326,137,1,113.84,28.01,25.84,0.0,2,2,1,5,Cold Low Activity
C01815,116,1,112.13,31.25,9.75,0.0,2,2,1,5,Cold Low Activity
C01697,129,1,111.72,26.63,18.95,0.0,2,2,1,5,Cold Low Activity
C01011,85,1,111.42,24.31,19.66,0.0,3,1,1,5,Core Customers
C00864,97,1,110.62,24.08,19.52,0.0,3,1,1,5,Core Customers
C00899,71,1,108.96,23.6,19.23,0.0,3,1,1,5,Core Customers
C01336,76,1,108.62,23.5,24.66,0.0,3,1,1,5,Core Customers
C00469,68,1,108.22,37.45,10.05,0.0,3,1,1,5,Core Customers
C01461,86,1,106.67,25.93,18.82,1.0,3,1,1,5,Core Customers
C03213,313,1,106.53,22.89,18.8,0.0,1,3,1,5,At Risk
C01872,114,1,105.94,22.72,18.7,0.0,2,2,1,5,Cold Low Activity
C00802,75,1,105.85,22.7,24.03,1.0,3,1,1,5,Core Customers
C00371,95,1,103.73,31.31,13.48,0.0,3,1,1,5,Core Customers
C03417,328,1,101.97,30.69,13.25,0.0,1,3,1,5,At Risk
C00145,95,1,100.54,26.17,12.43,0.0,3,1,1,5,Core Customers
C02186,125,1,98.48,23.56,22.35,0.0,2,2,1,5,Cold Low Activity
C02110,118,1,97.6,20.31,25.17,1.0,2,2,1,5,Cold Low Activity
C00543,63,1,95.0,19.55,16.76,0.0,3,1,1,5,Core Customers
C01938,156,1,92.9,24.52,14.5,0.0,2,2,1,5,Cold Low Activity
C02607,126,1,92.29,27.3,11.99,0.0,2,2,1,5,Cold Low Activity
C03105,196,1,90.96,23.2,15.43,0.0,1,3,1,5,At Risk
C03258,231,1,89.19,17.86,15.74,0.0,1,3,1,5,At Risk
C01425,99,1,85.49,21.92,11.11,0.0,3,1,1,5,Core Customers
C00051,56,1,84.59,16.53,14.93,0.0,3,1,1,5,Core Customers
C02467,130,1,76.98,18.94,10.0,0.0,2,2,1,5,Cold Low Activity
C02499,130,1,76.69,18.84,9.97,0.0,2,2,1,5,Cold Low Activity
C03543,350,1,76.0,15.56,12.89,0.0,1,3,1,5,At Risk
C00954,65,1,69.22,15.07,12.22,0.0,3,1,1,5,Core Customers
C03216,255,1,63.18,11.59,9.44,0.0,1,3,1,5,At Risk
C01614,109,1,49.86,7.46,6.16,0.0,2,2,1,5,Cold Low Activity
C01478,165,1,43.6,8.52,5.39,0.0,2,2,1,5,Cold Low Activity
C02544,108,1,41.09,4.74,6.97,0.0,2,2,1,5,Cold Low Activity
C00704,251,1,260.97,86.34,29.0,0.0,1,1,2,4,Cold Low Activity
C00638,255,1,259.37,67.22,45.77,0.0,1,1,2,4,Cold Low Activity
C00158,176,1,258.55,82.49,22.48,0.0,1,1,2,4,Cold Low Activity
C01451,170,1,254.72,84.15,33.1,0.0,1,1,2,4,Cold Low Activity
C00275,316,1,253.5,80.73,32.94,0.0,1,1,2,4,Cold Low Activity
C00265,249,1,250.94,67.77,44.28,0.0,1,1,2,4,Cold Low Activity
C01414,233,1,250.53,82.69,32.55,0.0,1,1,2,4,Cold Low Activity
C01046,251,1,250.44,82.65,32.54,0.0,1,1,2,4,Cold Low Activity
C01350,246,1,249.67,79.38,21.71,0.0,1,1,2,4,Cold Low Activity
C00832,311,1,248.46,81.96,32.29,0.0,1,1,2,4,Cold Low Activity
C00374,296,1,244.97,77.74,21.3,0.0,1,1,2,4,Cold Low Activity
C01399,188,1,244.95,63.03,50.17,0.0,1,1,2,4,Cold Low Activity
C01381,232,1,243.46,80.21,21.17,0.0,1,1,2,4,Cold Low Activity
C00366,226,1,242.37,76.83,31.49,0.0,1,1,2,4,Cold Low Activity
C00281,185,1,234.79,60.09,41.43,0.0,1,1,2,4,Cold Low Activity
C00221,280,1,230.98,75.84,20.08,0.0,1,1,2,4,Cold Low Activity
C00857,199,1,230.46,63.44,28.48,0.0,1,1,2,4,Cold Low Activity
C00889,200,1,225.8,57.48,51.26,0.0,1,1,2,4,Cold Low Activity
C00334,200,1,225.43,60.37,39.78,0.0,1,1,2,4,Cold Low Activity
C00545,245,1,223.92,56.94,39.52,0.0,1,1,2,4,Cold Low Activity
C00040,192,1,223.05,70.07,28.98,0.0,1,1,2,4,Cold Low Activity
C01240,250,1,222.46,56.51,39.26,0.0,1,1,2,4,Cold Low Activity
C01080,179,1,216.62,70.82,28.15,0.0,1,1,2,4,Cold Low Activity
C01095,170,1,214.9,70.22,18.69,0.0,1,1,2,4,Cold Low Activity
C00494,259,1,211.86,56.44,37.39,0.0,1,1,2,4,Cold Low Activity
C00869,193,1,206.57,78.76,10.87,0.0,1,1,2,4,Cold Low Activity
C01056,254,1,206.06,67.12,26.78,0.0,1,1,2,4,Cold Low Activity
C01059,292,1,202.54,62.89,17.61,1.0,1,1,2,4,Cold Low Activity
C00834,247,1,201.34,65.47,26.16,0.0,1,1,2,4,Cold Low Activity
C00672,194,1,193.45,51.97,23.91,0.0,1,1,2,4,Cold Low Activity
C01232,328,1,191.95,51.51,32.55,0.0,1,1,2,4,Cold Low Activity
C00751,171,1,189.2,46.87,33.39,0.0,1,1,2,4,Cold Low Activity
C00137,219,1,188.21,49.58,33.21,0.0,1,1,2,4,Cold Low Activity
C01127,178,1,185.42,56.9,24.09,0.0,1,1,2,4,Cold Low Activity
C00695,176,1,184.66,48.55,41.92,0.0,1,1,2,4,Cold Low Activity
C00808,270,1,179.39,50.61,30.42,0.0,1,1,2,4,Cold Low Activity
C01160,170,1,178.63,54.52,15.53,0.0,1,1,2,4,Cold Low Activity
C00049,206,1,169.95,41.29,43.82,0.0,1,1,2,4,Cold Low Activity
C00173,279,1,166.47,40.28,29.38,0.0,1,1,2,4,Cold Low Activity
C01161,139,1,165.31,49.86,21.48,0.0,2,1,1,4,Cold Low Activity
C01114,161,1,165.25,39.92,37.51,0.0,2,1,1,4,Cold Low Activity
C00624,159,1,163.9,52.36,21.3,0.0,2,1,1,4,Cold Low Activity
C01235,167,1,162.8,51.98,18.09,0.0,2,1,1,4,Cold Low Activity
C00639,118,1,162.72,48.95,21.14,0.0,2,1,1,4,Cold Low Activity
C00153,166,1,161.64,38.88,36.69,0.0,2,1,1,4,Cold Low Activity
C01780,176,1,158.42,50.45,20.59,0.0,1,2,1,4,Cold Low Activity
C02513,293,1,157.95,37.81,35.85,0.0,1,2,1,4,Cold Low Activity
C01044,160,1,157.43,37.65,27.78,0.0,2,1,1,4,Cold Low Activity
C01839,186,1,157.04,37.54,32.16,0.0,1,2,1,4,Cold Low Activity
C00042,129,1,155.71,49.5,13.54,0.0,2,1,1,4,Cold Low Activity
C02551,207,1,154.1,45.93,13.4,0.0,1,2,1,4,Cold Low Activity
C02899,299,1,153.57,45.75,13.35,0.0,1,2,1,4,Cold Low Activity
C00095,158,1,152.79,39.31,26.96,0.0,2,1,1,4,Cold Low Activity
C01654,201,1,152.78,39.36,18.88,1.0,1,2,1,4,Cold Low Activity
C00765,168,1,152.34,42.23,25.84,0.0,2,1,1,4,Cold Low Activity
C01043,103,1,151.02,38.8,34.28,0.0,2,1,1,4,Cold Low Activity
C00943,114,1,150.88,38.76,34.25,0.0,2,1,1,4,Cold Low Activity
C01603,301,1,150.6,47.71,19.57,0.0,1,2,1,4,Cold Low Activity
C02820,262,1,148.12,34.95,26.14,0.0,1,2,1,4,Cold Low Activity
C01882,221,1,148.06,54.18,7.79,0.0,1,2,1,4,Cold Low Activity
C02930,201,1,146.92,46.42,12.78,0.0,1,2,1,4,Cold Low Activity
C01462,133,1,145.46,56.09,7.66,0.0,2,1,1,4,Cold Low Activity
C01826,223,1,143.03,33.48,32.47,0.0,1,2,1,4,Cold Low Activity
C00960,168,1,142.59,41.91,18.53,0.0,2,1,1,4,Cold Low Activity
C01801,180,1,141.48,36.03,32.12,0.0,1,2,1,4,Cold Low Activity
C02264,219,1,141.4,38.84,17.48,0.0,1,2,1,4,Cold Low Activity
C01182,165,1,141.15,32.93,32.04,0.0,2,1,1,4,Cold Low Activity
C00555,167,1,140.24,35.67,24.75,1.0,2,1,1,4,Cold Low Activity
C01554,252,1,139.12,32.35,24.55,0.0,1,2,1,4,Cold Low Activity
C00684,109,1,137.98,32.01,24.35,1.0,2,1,1,4,Cold Low Activity
C01608,205,1,137.68,37.68,23.35,0.0,1,2,1,4,Cold Low Activity
C01496,299,1,135.62,39.47,15.07,0.0,1,2,1,4,Cold Low Activity
C00580,102,1,135.14,31.19,30.68,0.0,2,1,1,4,Cold Low Activity
C00086,136,1,133.57,30.74,23.57,1.0,2,1,1,4,Cold Low Activity
C00395,111,1,130.7,32.9,29.67,0.0,2,1,1,4,Cold Low Activity
C01378,134,1,130.4,29.81,23.01,0.0,2,1,1,4,Cold Low Activity
C02173,342,1,129.71,37.4,11.28,0.0,1,2,1,4,Cold Low Activity
C02085,199,1,129.63,32.59,29.43,1.0,1,2,1,4,Cold Low Activity
C00584,138,1,129.46,29.54,29.39,0.0,2,1,1,4,Cold Low Activity
C00002,157,1,128.76,29.34,22.72,0.0,2,1,1,4,Cold Low Activity
C02552,288,1,127.56,28.99,28.96,0.0,1,2,1,4,Cold Low Activity
C00498,103,1,127.13,36.49,16.52,0.0,2,1,1,4,Cold Low Activity
C02125,281,1,120.65,37.23,10.49,0.0,1,2,1,4,Cold Low Activity
C01794,187,1,119.69,29.1,14.79,0.0,1,2,1,4,Cold Low Activity
C02405,175,1,118.29,26.3,20.87,0.0,1,2,1,4,Cold Low Activity
C01141,154,1,117.77,33.22,10.24,0.0,2,1,1,4,Cold Low Activity
C00289,165,1,115.42,25.47,26.2,0.0,2,1,1,4,Cold Low Activity
C00163,168,1,113.72,34.8,17.75,0.0,2,1,1,4,Cold Low Activity
C01500,255,1,113.46,30.17,14.02,0.0,1,2,1,4,Cold Low Activity
C00752,127,1,112.99,31.55,9.83,0.0,2,1,1,4,Cold Low Activity
C01789,299,1,112.58,31.4,9.79,0.0,1,2,1,4,Cold Low Activity
C02723,277,1,110.8,26.35,13.69,0.0,1,2,1,4,Cold Low Activity
C01692,175,1,109.74,30.41,9.54,0.0,1,2,1,4,Cold Low Activity
C00406,134,1,109.4,26.72,19.31,0.0,2,1,1,4,Cold Low Activity
C02307,205,1,107.97,23.31,19.05,0.0,1,2,1,4,Cold Low Activity
C01753,189,1,106.83,32.39,13.88,0.0,1,2,1,4,Cold Low Activity
C00242,114,1,106.16,24.91,13.12,0.0,2,1,1,4,Cold Low Activity
C02070,239,1,105.9,32.07,9.21,0.0,1,2,1,4,Cold Low Activity
C01094,142,1,105.4,31.89,13.7,0.0,2,1,1,4,Cold Low Activity
C02244,180,1,102.48,23.77,12.67,0.0,1,2,1,4,Cold Low Activity
C02427,207,1,100.86,21.25,22.89,0.0,1,2,1,4,Cold Low Activity
C02525,258,1,100.63,23.19,12.44,0.0,1,2,1,4,Cold Low Activity
C02251,306,1,100.5,21.14,22.81,0.0,1,2,1,4,Cold Low Activity
C01821,287,1,100.33,21.1,17.71,0.0,1,2,1,4,Cold Low Activity
C01030,133,1,92.01,21.68,23.73,0.0,2,1,1,4,Cold Low Activity
C00934,106,1,91.71,20.43,15.55,0.0,2,1,1,4,Cold Low Activity
C01546,327,1,90.65,18.29,23.38,0.0,1,2,1,4,Cold Low Activity
C01913,258,1,89.21,17.87,15.74,0.0,1,2,1,4,Cold Low Activity
C02086,302,1,85.56,16.81,19.42,0.0,1,2,1,4,Cold Low Activity
C02560,239,1,85.41,16.77,15.07,0.0,1,2,1,4,Cold Low Activity
C00129,155,1,78.49,22.47,10.2,0.0,2,1,1,4,Cold Low Activity
C00461,148,1,77.75,16.1,13.19,0.0,2,1,1,4,Cold Low Activity
C01748,175,1,77.02,14.34,17.48,0.0,1,2,1,4,Cold Low Activity
C02688,258,1,76.38,15.68,15.09,0.0,1,2,1,4,Cold Low Activity
C02858,267,1,74.24,18.02,12.59,0.0,1,2,1,4,Cold Low Activity
C02888,216,1,71.53,17.17,8.84,0.0,1,2,1,4,Cold Low Activity
C02223,173,1,64.94,12.13,11.01,0.0,1,2,1,4,Cold Low Activity
C01548,204,1,64.49,11.99,10.94,0.0,1,2,1,4,Cold Low Activity
C02640,196,1,62.14,11.26,10.54,0.0,1,2,1,4,Cold Low Activity
C02927,231,1,52.09,11.15,8.83,0.0,1,2,1,4,Cold Low Activity
C01318,118,1,51.74,11.04,6.39,0.0,2,1,1,4,Cold Low Activity
C01146,103,1,49.31,6.3,11.19,0.0,2,1,1,4,Cold Low Activity
C01137,139,1,46.27,5.42,10.5,0.0,2,1,1,4,Cold Low Activity
C00986,175,1,161.37,42.03,27.37,0.0,1,1,1,3,Cold Low Activity
C01110,200,1,159.22,50.73,13.85,0.0,1,1,1,3,Cold Low Activity
C00766,174,1,157.15,47.0,13.67,0.0,1,1,1,3,Cold Low Activity
C00358,192,1,157.14,47.0,20.42,0.0,1,1,1,3,Cold Low Activity
C00790,290,1,155.0,49.25,13.48,0.0,1,1,1,3,Cold Low Activity
C01422,237,1,154.43,46.05,20.07,1.0,1,1,1,3,Cold Low Activity
C01031,209,1,150.99,47.85,19.62,0.0,1,1,1,3,Cold Low Activity
C00562,190,1,150.35,44.62,13.07,0.0,1,1,1,3,Cold Low Activity
C00971,297,1,149.83,44.44,23.38,0.0,1,1,1,3,Cold Low Activity
C00851,186,1,146.07,34.36,25.78,0.0,1,1,1,3,Cold Low Activity
C00969,253,1,145.37,40.07,21.72,0.0,1,1,1,3,Cold Low Activity
C01346,329,1,145.27,45.84,12.63,0.0,1,1,1,3,Cold Low Activity
C00536,226,1,142.5,41.87,12.39,0.0,1,1,1,3,Cold Low Activity
C00491,226,1,142.09,33.21,25.08,0.0,1,1,1,3,Cold Low Activity
C00270,233,1,141.88,36.14,25.04,0.0,1,1,1,3,Cold Low Activity
C00754,280,1,140.0,41.0,12.17,0.0,1,1,1,3,Cold Low Activity
C00344,178,1,139.72,32.52,24.66,1.0,1,1,1,3,Cold Low Activity
C00217,200,1,139.35,43.77,12.12,0.0,1,1,1,3,Cold Low Activity
C01335,172,1,138.58,43.5,12.05,0.0,1,1,1,3,Cold Low Activity
C00069,218,1,135.67,34.35,23.94,0.0,1,1,1,3,Cold Low Activity
C01340,294,1,134.76,39.17,17.51,0.0,1,1,1,3,Cold Low Activity
C00401,207,1,134.65,39.13,11.71,0.0,1,1,1,3,Cold Low Activity
C00796,175,1,132.56,33.44,23.39,0.0,1,1,1,3,Cold Low Activity
C00030,247,1,130.11,40.54,20.31,0.0,1,1,1,3,Cold Low Activity
C00979,186,1,129.94,40.48,16.88,0.0,1,1,1,3,Cold Low Activity
C01047,255,1,127.56,31.99,22.51,0.0,1,1,1,3,Cold Low Activity
C00652,246,1,127.51,31.53,15.76,0.0,1,1,1,3,Cold Low Activity
C00017,209,1,126.2,36.17,16.4,0.0,1,1,1,3,Cold Low Activity
C00739,179,1,125.21,30.82,21.23,0.0,1,1,1,3,Cold Low Activity
C00440,248,1,125.2,35.82,16.27,0.0,1,1,1,3,Cold Low Activity
C01270,177,1,124.84,35.7,16.22,0.0,1,1,1,3,Cold Low Activity
C00783,289,1,121.46,29.65,15.01,0.0,1,1,1,3,Cold Low Activity
C01300,233,1,121.36,32.62,23.98,0.0,1,1,1,3,Cold Low Activity
C01429,299,1,120.78,29.44,20.48,0.0,1,1,1,3,Cold Low Activity
C00634,291,1,117.97,26.21,24.16,0.0,1,1,1,3,Cold Low Activity
C01377,197,1,116.63,25.82,20.58,0.0,1,1,1,3,Cold Low Activity
C01332,330,1,113.57,27.21,19.26,0.0,1,1,1,3,Cold Low Activity
C00075,203,1,110.92,26.39,21.92,0.0,1,1,1,3,Cold Low Activity
C00546,176,1,106.97,23.02,24.28,0.0,1,1,1,3,Cold Low Activity
C01129,172,1,103.31,21.96,26.64,0.0,1,1,1,3,Cold Low Activity
C00204,236,1,100.01,24.0,22.7,0.0,1,1,1,3,Cold Low Activity
C00760,218,1,96.94,20.11,17.11,0.0,1,1,1,3,Cold Low Activity
C01041,330,1,95.81,21.7,11.84,0.0,1,1,1,3,Cold Low Activity
C00441,196,1,94.81,22.5,16.73,0.0,1,1,1,3,Cold Low Activity
C00849,236,1,93.6,21.02,18.5,0.0,1,1,1,3,Cold Low Activity
C00556,186,1,91.89,23.49,15.58,0.0,1,1,1,3,Cold Low Activity
C00501,232,1,88.98,19.58,15.09,0.0,1,1,1,3,Cold Low Activity
C01260,301,1,85.22,16.71,15.04,0.0,1,1,1,3,Cold Low Activity
C00779,201,1,84.65,16.55,19.21,1.0,1,1,1,3,Cold Low Activity
C00288,290,1,82.65,20.62,14.02,0.0,1,1,1,3,Cold Low Activity
C00763,235,1,80.45,18.33,18.26,0.0,1,1,1,3,Cold Low Activity
C01211,215,1,80.14,16.84,9.9,0.0,1,1,1,3,Cold Low Activity
C00698,188,1,75.19,16.81,15.4,0.0,1,1,1,3,Cold Low Activity
C01359,266,1,67.3,12.86,8.32,0.0,1,1,1,3,Cold Low Activity
C01173,254,1,64.36,14.95,10.91,0.0,1,1,1,3,Cold Low Activity
C00884,266,1,61.25,10.99,10.39,0.0,1,1,1,3,Cold Low Activity
C00658,241,1,58.35,13.09,9.9,0.0,1,1,1,3,Cold Low Activity
C01259,291,1,57.73,8.74,10.19,0.0,1,1,1,3,Cold Low Activity
C00923,282,1,47.86,6.84,8.12,0.0,1,1,1,3,Cold Low Activity
